"director_id";"person_id_tmdb";"nombre";"sexo";"fuente_sexo";"pais";"fuente_pais";"nombre_credito_original"
1;229931;"Asghar Farhadi";"hombre";"tmdb";"IR";"tmdb_heuristico";""
2;1930872;"Ferrán Navarro-Beltrán";"hombre";"tmdb";"";"";""
3;1114075;"Vicente Pérez Herrero";"";"";"";"";""
4;1120691;"Antonio Drove";"hombre";"tmdb";"ES";"tmdb_heuristico";""
5;1388727;"Lucía Álvarez";"mujer";"wikidata";"MX";"wikidata";""
6;2434913;"César Souto Vilanova";"";"";"";"";""
7;2839650;"Eloy Calvo";"hombre";"tmdb";"ES";"tmdb_heuristico";""
8;2522953;"Patricia Franquesa";"";"";"";"";""
9;96369;"Carlos Saura";"hombre";"tmdb";"ES";"tmdb_heuristico";""
10;1115312;"Gaizka Urresti";"hombre";"wikidata";"ES";"wikidata";""
11;37526;"Fernando Trueba";"hombre";"tmdb";"ES";"tmdb_heuristico";""
12;3567270;"Evgeny Yablokov";"";"";"";"";""
13;3778185;"Nick Igea";"";"";"";"";""
14;131587;"Víctor Monigote";"hombre";"manual";"ES";"manual";""
15;2474255;"Eduardo Gondell";"hombre";"wikidata";"AR";"wikidata";""
16;1624337;"Pau Faus";"";"";"";"";""
17;4382575;"Ana L. Martín";"";"";"";"";""
18;1105225;"Héctor Claramunt";"hombre";"wikidata";"";"";""
19;2445361;"Valeriano López";"";"";"";"";""
20;2181973;"Iratxe Fresneda";"mujer";"tmdb";"ES";"tmdb_heuristico";""
21;5702959;"Alberto Martos";"";"";"";"";""
22;113406;"Belén Macías";"mujer";"tmdb";"ES";"tmdb_heuristico";""
23;17000;"Elena Manrique";"mujer";"tmdb";"";"";""
24;3217186;"Chiara Avesani";"";"";"";"";""
25;2349411;"Matteo Delbò";"";"";"";"";""
26;42;"Lars von Trier";"hombre";"tmdb";"DK";"tmdb_heuristico";""
27;1459948;"Juanjo Giménez Peña";"hombre";"tmdb";"ES";"tmdb_heuristico";""
28;2025649;"Pilar Palomero";"mujer";"tmdb";"ES";"tmdb_heuristico";""
29;4237979;"Coré Ruiz";"";"";"";"";""
30;3960733;"Juan Perez Fajardo";"";"";"";"";""
31;1090718;"Sigfrid Monleón";"hombre";"wikidata";"ES";"wikidata";""
32;1121668;"Germán Roda";"";"";"";"";""
33;1744391;"Andrea Jaurrieta";"mujer";"tmdb";"ES";"tmdb_heuristico";""
34;1909488;"José Manuel Gómez Vidal";"";"";"";"";""
35;6346352;"Sandra Romero";"";"";"";"";""
36;1966070;"Álvaro Gago";"hombre";"tmdb";"ES";"tmdb_heuristico";""
37;5308218;"Sandra Román";"";"";"";"";""
38;57865;"Álex de la Iglesia";"hombre";"tmdb";"ES";"tmdb_heuristico";""
39;25900;"Daniel Guzmán";"hombre";"tmdb";"ES";"tmdb_heuristico";""
40;1805365;"Octavio Guerra";"hombre";"tmdb";"ES";"tmdb_heuristico";""
41;2628141;"Gerard Oms";"hombre";"tmdb";"ES";"tmdb_heuristico";""
42;74909;"Dolores Fonzi";"mujer";"tmdb";"AR";"tmdb_heuristico";""
43;1331228;"David Pantaleón";"";"";"";"";""
44;4081519;"Joaquín Carmona Hidalgo";"";"";"";"";""
45;90;"Isabel Coixet";"mujer";"tmdb";"ES";"tmdb_heuristico";""
46;1282574;"Paloma Concejero";"mujer";"tmdb";"ES";"tmdb_heuristico";""
47;4385976;"Javier Polo";"hombre";"manual";"ES";"manual";""
48;4152418;"Manuel Rossell";"";"";"";"";""
49;2428618;"Patricia Tamayo";"mujer";"tmdb";"CO";"tmdb_heuristico";""
50;2856339;"Albert Badia";"";"";"";"";""
51;4776926;"Lucía Casañ Rodríguez";"";"";"";"";""
52;4896283;"Itsaso Arana";"";"";"";"";""
53;2522604;"Claudia Reig";"mujer";"manual";"ES";"manual";""
54;1367159;"Adrián Silvestre";"hombre";"wikidata";"ES";"wikidata";""
55;2610510;"Larraitz Zuazo";"";"";"";"";""
56;2584715;"Zuri Goikoetxea";"";"";"";"";""
57;1624805;"Ainhoa Andraka";"";"";"";"";""
58;1049263;"Abel García Roure";"";"";"";"";""
59;3184568;"Manu Trillo";"";"";"";"";""
60;19804;"Manuel Huerga";"hombre";"tmdb";"ES";"tmdb_heuristico";""
61;2631444;"Francesca Català Margarit";"";"";"";"";""
62;1360055;"Guillermo Benet";"hombre";"tmdb";"ES";"tmdb_heuristico";""
63;2071650;"Eva Vizcarra";"mujer";"tmdb";"ES";"tmdb_heuristico";""
64;2617011;"Daniel Luna";"";"";"";"";""
65;932363;"Mariano Barroso";"hombre";"tmdb";"ES";"tmdb_heuristico";""
66;1151386;"Neus Ballús";"mujer";"tmdb";"ES";"tmdb_heuristico";""
67;1788850;"Elena Martín Gimeno";"mujer";"tmdb";"ES";"tmdb_heuristico";""
68;34017;"Daniel Sánchez Arévalo";"hombre";"tmdb";"ES";"tmdb_heuristico";""
69;109354;"Lluís Danés";"hombre";"wikidata";"ES";"wikidata";""
70;1106577;"Carlos Vermut";"hombre";"tmdb";"ES";"tmdb_heuristico";""
71;5646425;"Patricia Pérez";"";"";"";"";""
72;5318950;"Liena Cid Navia";"";"";"";"";""
73;4958781;"Kike Maillo";"hombre";"manual";"ES";"manual";""
74;3022884;"Borja de la Vega";"";"";"";"";""
75;2549328;"Irene Iborra Rizo";"mujer";"manual";"ES";"manual";""
76;3262866;"Ekain Albite";"hombre";"tmdb";"";"";""
77;3959299;"Adrià Roca";"hombre";"tmdb";"";"";""
78;3959300;"Nicolau Mallofré";"hombre";"tmdb";"";"";""
79;3959289;"Mikel Ibarguren";"hombre";"tmdb";"";"";""
80;2046903;"Magda Calabrese";"";"";"";"";""
81;2767302;"María Gisele Royo";"";"";"";"";""
82;2494000;"Julia de Castro";"";"";"";"";""
83;570219;"Manuel Serrano";"hombre";"tmdb";"";"";""
84;1149068;"Mar Coll";"mujer";"tmdb";"ES";"tmdb_heuristico";""
85;1388779;"Ramon Luque";"";"";"";"";""
86;1031128;"David Marqués";"hombre";"tmdb";"ES";"tmdb_heuristico";""
87;1195187;"Víctor Matellano";"hombre";"tmdb";"ES";"tmdb_heuristico";""
88;1294751;"Estibaliz Urresola Solaguren";"mujer";"tmdb";"ES";"tmdb_heuristico";""
89;1756181;"Daresha Kyi";"mujer";"manual";"US";"manual";""
90;1161761;"Catherine Gund";"mujer";"manual";"US";"manual";""
91;2806169;"Abigail Schaaff";"";"";"";"";""
92;3702941;"Melo Gon";"mujer";"tmdb";"";"";""
93;4149569;"Moisés Martín";"hombre";"wikidata";"";"";""
94;309;"Pedro Almodóvar";"hombre";"tmdb";"ES";"tmdb_heuristico";""
95;2189495;"Gemma Blasco";"mujer";"tmdb";"";"";""
96;3365472;"Rocío Martín";"mujer";"tmdb";"";"";""
97;2168024;"José Luis García Cossío";"";"";"";"";""
98;1031912;"Elena Trapé";"mujer";"tmdb";"ES";"wikidata";""
99;140396;"Miguel Ángel Vivas";"hombre";"tmdb";"ES";"tmdb_heuristico";""
100;3255932;"Carlos Marbán";"hombre";"tmdb";"";"";""
101;1012214;"José Antonio Hergueta";"";"";"";"";""
102;1047274;"Arantxa Aguirre";"mujer";"tmdb";"ES";"tmdb_heuristico";""
103;17597;"Juan Carlos Fresnadillo";"hombre";"tmdb";"ES";"tmdb_heuristico";""
104;10828;"Guillermo del Toro";"hombre";"tmdb";"MX";"tmdb_heuristico";""
105;1200444;"Dani de la Orden";"hombre";"tmdb";"ES";"tmdb_heuristico";""
106;5326801;"Luis C. Lagos";"";"";"";"";""
107;1180358;"Pablo Moreno";"hombre";"tmdb";"ES";"wikidata";""
108;237581;"César Martínez Herrada";"hombre";"wikidata";"ES";"wikidata";""
109;2760432;"Miguel A. Mejias";"";"";"";"";""
110;1459419;"Alba Sotorra";"mujer";"tmdb";"ES";"tmdb_heuristico";""
111;937151;"Félix Viscarret";"hombre";"wikidata";"ES";"wikidata";""
112;2632889;"David Pérez Sañudo";"hombre";"tmdb";"ES";"tmdb_heuristico";""
113;1962957;"Meritxell Colell Aparicio";"mujer";"manual";"ES";"manual";""
114;2203960;"Rafa Molés";"hombre";"tmdb";"";"";""
115;2203959;"Pepe Andreu";"";"";"";"";""
116;5370042;"Alex Cuellar";"";"";"";"";""
117;4603658;"Rafael Sánchez G.";"";"";"";"";""
118;2163917;"Héctor Escandell";"";"";"";"";""
119;81849;"Pedro Olea";"hombre";"tmdb";"ES";"tmdb_heuristico";""
120;2231098;"Miguel Faus";"hombre";"tmdb";"ES";"wikidata";""
121;2000753;"Marina Lameiro";"mujer";"tmdb";"ES";"tmdb_heuristico";""
122;2461318;"Mamen Díaz";"mujer";"tmdb";"";"";""
123;1436448;"Amparo Climent";"mujer";"tmdb";"ES";"tmdb_heuristico";""
124;1768555;"Ivan Ruiz Flores";"";"";"";"";""
125;1170687;"Xavier Bermúdez";"hombre";"wikidata";"ES";"wikidata";""
126;1764966;"Marisa Crespo";"";"";"";"";""
127;27450;"David Serrano";"hombre";"tmdb";"ES";"wikidata";""
128;1828428;"Blanco Santos";"";"";"";"";""
129;4180107;"Ernesto Daranas Serrano";"hombre";"manual";"CU";"manual";""
130;2494026;"Pepa G. Ramos";"mujer";"manual";"ES";"manual";""
131;2075885;"Tirma Pérez";"mujer";"manual";"ES";"manual";""
132;1582248;"Alexis Morante";"hombre";"tmdb";"ES";"tmdb_heuristico";""
133;1515828;"Alberto Vázquez";"hombre";"tmdb";"ES";"tmdb_heuristico";""
134;2781728;"Jaume Claret Muxart";"";"";"";"";""
135;931271;"Eduardo Casanova";"hombre";"tmdb";"ES";"tmdb_heuristico";""
136;1147996;"Fernando Merinero";"";"";"";"";""
137;1145408;"Jo Sol";"hombre";"tmdb";"ES";"tmdb_heuristico";""
138;3059119;"Amat Vallmajor del Pozo";"";"";"";"";""
139;6389083;"José Victor Fuentes";"";"";"";"";""
140;2596472;"Raúl Cerezo";"hombre";"tmdb";"ES";"tmdb_heuristico";""
141;1679853;"Fernando González Gómez";"";"";"";"";""
142;1046529;"Denis Delestrac";"hombre";"tmdb";"FR";"wikidata";""
143;589553;"Antoni Ribas";"hombre";"tmdb";"ES";"tmdb_heuristico";""
144;1348362;"Juan Francisco Viruega";"";"";"";"";""
145;54526;"Paco Plaza";"hombre";"tmdb";"ES";"tmdb_heuristico";""
146;1543018;"Álvaro de la Hoz";"";"";"";"";""
147;2095405;"Alejandro G. Salgado";"";"";"";"";""
148;2055371;"Selman Nacar";"hombre";"tmdb";"TR";"tmdb_heuristico";""
149;2619632;"Alex Sardà";"";"";"";"";""
150;1379702;"Sayago Ayuso";"hombre";"tmdb";"ES";"tmdb_heuristico";""
151;2524429;"Isabel Fernández";"";"";"";"";""
152;1711334;"Marc Ferrer";"hombre";"tmdb";"ES";"tmdb_heuristico";""
153;1957068;"Teresa Bellón";"";"";"";"";""
154;1957066;"César F. Calvillo";"";"";"";"";""
155;6362320;"Josu Martínez";"";"";"";"";""
156;56470;"Javier Fesser";"hombre";"tmdb";"ES";"tmdb_heuristico";""
157;1150199;"Oskar Alegria";"hombre";"tmdb";"ES";"tmdb_heuristico";""
158;1506375;"David Ilundain";"hombre";"tmdb";"ES";"wikidata";""
159;1820703;"Asier Urbieta";"";"";"";"";""
160;1428818;"Paul Urkijo Alijo";"hombre";"tmdb";"ES";"tmdb_heuristico";""
161;2814318;"Laura Hojman";"mujer";"tmdb";"ES";"tmdb_heuristico";""
162;6163639;"Paula Ortiz";"";"";"";"";""
163;1036281;"Vera Fogwill";"hombre";"tmdb";"AR";"tmdb_heuristico";""
164;5597231;"Diego Martínez";"hombre";"manual";"ES";"manual";""
165;3629503;"Victòria Morell Salom";"mujer";"tmdb";"";"";""
166;1442569;"Juan Miguel del Castillo";"hombre";"tmdb";"ES";"tmdb_heuristico";""
167;2076971;"Fon Cortizo";"hombre";"wikidata";"ES";"wikidata";""
168;5364688;"Guillermo Galoe";"";"";"";"";""
169;2373399;"Polo Menárguez";"";"";"";"";""
170;1785157;"Maria Elorza";"mujer";"tmdb";"ES";"tmdb_heuristico";""
171;260953;"Nicolás Muñoz";"hombre";"tmdb";"";"";""
172;3156507;"Rafael Russo";"hombre";"manual";"UY";"manual";""
173;2829430;"Helena de Llanos";"mujer";"tmdb";"ES";"wikidata";""
174;5036140;"Jorge Cebrián";"hombre";"manual";"ES";"manual";""
175;79002;"Nacho G. Velilla";"hombre";"tmdb";"ES";"tmdb_heuristico";""
176;15488;"Ken Loach";"hombre";"tmdb";"GB";"tmdb_heuristico";""
177;4638503;"Patricia de Luna";"";"";"";"";""
178;19840;"Alejandro Amenábar";"hombre";"tmdb";"CL";"tmdb_heuristico";""
179;2577039;"Laura Sisteró";"";"";"";"";""
180;5425079;"Juan Pablo Mejía Caicedo";"";"";"";"";""
181;4889588;"Pablo Agüero";"hombre";"manual";"AR";"manual";""
182;238384;"Alain Guiraudie";"hombre";"tmdb";"FR";"tmdb_heuristico";""
183;5399174;"Alejandro Rojas";"";"";"";"";""
184;1950950;"Juan Sebastián Vásquez";"hombre";"tmdb";"";"";""
185;2044765;"Xavier Baig";"";"";"";"";""
186;2773693;"Víctor Luengo";"";"";"";"";""
187;37833;"Víctor Erice";"hombre";"tmdb";"ES";"tmdb_heuristico";""
188;16973;"Icíar Bollaín";"mujer";"tmdb";"ES";"tmdb_heuristico";""
189;2896953;"Javier Tolentino";"";"";"";"";""
190;1193421;"Juan Manuel Cotelo";"hombre";"tmdb";"ES";"tmdb_heuristico";""
191;3796416;"Alicia Bel";"mujer";"tmdb";"ES";"tmdb_heuristico";""
192;1695482;"Kurro González";"";"";"";"";""
193;1051295;"Álvaro Longoria";"hombre";"tmdb";"ES";"tmdb_heuristico";""
194;3574547;"Alfredo Carrasco Alonso";"";"";"";"";""
195;1696531;"Javier Marco";"hombre";"tmdb";"ES";"wikidata";""
196;1008548;"Emilio Ruiz Barrachina";"hombre";"wikidata";"ES";"wikidata";""
197;1027743;"Manuel J. García";"hombre";"manual";"ES";"manual";""
198;1208929;"Hernán Zin";"hombre";"wikidata";"IT";"wikidata";""
199;74943;"Daniel Monzón";"hombre";"tmdb";"ES";"tmdb_heuristico";""
200;2244942;"Marc Serena";"";"";"";"";""
201;1173037;"Andrés Duque";"hombre";"tmdb";"VE";"tmdb_heuristico";""
202;1270701;"J.J. Winlove";"";"";"";"";""
203;4162971;"Noel Gálvez";"hombre";"tmdb";"";"";""
204;2978732;"Martín Cuervo";"hombre";"tmdb";"ES";"wikidata";""
205;1507365;"Luis E. Parés";"";"";"";"";""
206;2350322;"Juan Palacios";"";"";"";"";""
207;3445141;"Luc Knowles";"hombre";"tmdb";"GB";"tmdb_heuristico";""
208;1463084;"Juan Antonio Moreno Amador";"hombre";"wikidata";"";"";""
209;3517055;"José Corral Llorente";"hombre";"manual";"ES";"manual";""
210;95320;"Rodrigo Cortés";"hombre";"tmdb";"ES";"tmdb_heuristico";""
211;212687;"Daniel Calparsoro";"hombre";"tmdb";"ES";"tmdb_heuristico";""
212;1262057;"Joaquín Gutiérrez Acha";"hombre";"wikidata";"ES";"wikidata";""
213;54525;"Jaume Balagueró";"hombre";"tmdb";"ES";"tmdb_heuristico";""
214;2918999;"Alberto Rull";"";"";"";"";""
215;6142772;"Alba Prol Cid";"";"";"";"";""
216;4736109;"Raúl García";"";"";"";"";""
217;108499;"Manuel Gómez Pereira";"hombre";"tmdb";"ES";"wikidata";""
218;2801723;"Belén Verdugo";"";"";"";"";""
219;1485396;"Albert Pintó";"hombre";"tmdb";"ES";"tmdb_heuristico";""
220;85552;"Borja Cobeaga";"hombre";"tmdb";"ES";"wikidata";""
221;2079453;"Andrés Garrigó";"hombre";"manual";"ES";"manual";""
222;2927784;"Miguel Angel Bonequi Trujillo";"";"";"";"";""
223;1341326;"Ana Murugarren";"mujer";"wikidata";"ES";"wikidata";""
224;5593416;"Jordi Torra";"";"";"";"";""
225;1304466;"Alexs Stadermann";"hombre";"tmdb";"AU";"wikidata";""
226;1932129;"Domingo J. González";"";"";"";"";""
227;2205048;"Víctor Escribano";"";"";"";"";""
228;2319;"Maria de Medeiros";"mujer";"tmdb";"PT";"tmdb_heuristico";""
229;1504421;"David Cánovas";"hombre";"wikidata";"ES";"wikidata";""
230;2915594;"Víctor Cerdán";"";"";"";"";""
231;2980736;"Marjan Khosravi";"mujer";"tmdb";"IR";"tmdb_heuristico";""
232;1367435;"Luis Tinoco";"hombre";"tmdb";"";"";""
233;2725314;"Ricard Peitx";"";"";"";"";""
234;1338870;"Pavel Giroud";"hombre";"manual";"CU";"manual";""
235;2468094;"Inge Mendioroz";"";"";"";"";""
236;96690;"Rodrigo Sorogoyen";"hombre";"tmdb";"ES";"tmdb_heuristico";""
237;5247630;"Gerard Peris";"";"";"";"";""
238;68234;"Ezekiel Montes";"hombre";"wikidata";"";"";""
239;589104;"Paco Arango";"hombre";"tmdb";"MX";"tmdb_heuristico";""
240;37561;"Fernando Colomo";"hombre";"tmdb";"ES";"tmdb_heuristico";""
241;3081963;"Víctor García";"";"";"";"";""
242;1044672;"Rafael Alcázar";"hombre";"tmdb";"ES";"tmdb_heuristico";""
243;4163858;"Santiago Alvarado Ilarri";"hombre";"manual";"PE";"manual";""
244;1130539;"Jon Garaño";"hombre";"tmdb";"ES";"tmdb_heuristico";""
245;1064869;"Aitor Arregi";"hombre";"tmdb";"ES";"tmdb_heuristico";""
246;2006454;"Alberto Triano";"";"";"";"";""
247;1385568;"Pedro Solís";"hombre";"tmdb";"ES";"tmdb_heuristico";""
248;2044869;"Juan Jesús García Galocha";"hombre";"tmdb";"ES";"tmdb_heuristico";""
249;2096630;"Sonia Escolano";"mujer";"wikidata";"ES";"wikidata";""
250;1857851;"Belén López Albert";"";"";"";"";""
251;53230;"Fernando Franco";"hombre";"tmdb";"ES";"tmdb_heuristico";""
252;102329;"Maria Ripoll";"mujer";"tmdb";"ES";"tmdb_heuristico";""
253;2558765;"Juan Antonio Chavero";"";"";"";"";""
254;3055331;"Yolanda Centeno";"";"";"";"";""
255;1243;"Woody Allen";"hombre";"tmdb";"US";"tmdb_heuristico";""
256;113736;"Giordano Gederlini";"hombre";"tmdb";"CL";"tmdb_heuristico";""
257;1378230;"Ion de Sosa";"hombre";"tmdb";"ES";"tmdb_heuristico";""
258;3127416;"Juan Gamero";"";"";"";"";""
259;1399736;"Ana Victoria Pérez";"mujer";"tmdb";"";"";""
260;1170971;"David Galán Galindo";"hombre";"tmdb";"ES";"wikidata";""
261;2525261;"Shadi Adib";"";"";"";"";""
262;59879;"David Trueba";"hombre";"tmdb";"ES";"tmdb_heuristico";""
263;1466012;"Clara Bilbao";"mujer";"tmdb";"ES";"tmdb_heuristico";""
264;1724318;"Ángeles Huerta";"mujer";"tmdb";"";"";""
265;1070463;"Manuel H. Martín";"";"";"";"";""
266;64845;"Antonio Cuadri";"hombre";"wikidata";"ES";"wikidata";""
267;1115313;"Javier Espada";"hombre";"manual";"ES";"manual";""
268;4762461;"Salvador Calvo";"";"";"";"";""
269;2928016;"Luís Gibert";"";"";"";"";""
270;1061663;"Alfonso Sánchez";"hombre";"tmdb";"ES";"tmdb_heuristico";""
271;2543463;"Eva Libertad";"mujer";"tmdb";"ES";"tmdb_heuristico";""
272;16979;"Chus Gutiérrez";"mujer";"tmdb";"ES";"wikidata";""
273;2348612;"Margarita Ledo";"mujer";"tmdb";"ES";"tmdb_heuristico";""
274;2168850;"Diego Llorente";"hombre";"tmdb";"ES";"wikidata";""
275;1708407;"Irati Gorostidi";"mujer";"tmdb";"ES";"tmdb_heuristico";""
276;4030050;"José Gasset";"";"";"";"";""
277;6264805;"Eloy Enciso Cachafeiro";"";"";"";"";""
278;1527536;"Frank Ariza";"hombre";"tmdb";"ES";"tmdb_heuristico";""
279;4065553;"Pablo Riesgo";"";"";"";"";""
280;1266452;"Jose Val Bal";"";"";"";"";""
281;588973;"Isaki Lacuesta";"hombre";"tmdb";"ES";"tmdb_heuristico";""
282;3304948;"Pol Rodríguez";"";"";"";"";""
283;935765;"Sílvia Munt";"mujer";"tmdb";"ES";"tmdb_heuristico";""
284;1295643;"Alfonso Zarauza";"hombre";"wikidata";"ES";"wikidata";""
285;1221292;"Lois Patiño";"hombre";"tmdb";"ES";"tmdb_heuristico";""
286;2998049;"Alberto Armas Díaz";"";"";"";"";""
287;2333553;"Víctor Conde";"hombre";"tmdb";"";"";""
288;5224596;"Felipe Villaplana";"";"";"";"";""
289;92661;"Javier Veiga";"hombre";"tmdb";"ES";"tmdb_heuristico";""
290;17603;"Enrique López Lavigne";"hombre";"tmdb";"ES";"tmdb_heuristico";""
291;2836489;"Ana Lambarri";"mujer";"tmdb";"";"";""
292;1438827;"Vicent Monsonís";"hombre";"wikidata";"";"";""
293;1826479;"Marga Melià";"";"";"";"";""
294;2374023;"Galder Gaztelu-Urrutia";"hombre";"tmdb";"ES";"tmdb_heuristico";""
295;125852;"Miguel Ángel Muñoz";"hombre";"tmdb";"ES";"tmdb_heuristico";""
296;2478401;"Santiago Requejo";"hombre";"tmdb";"";"";""
297;1074041;"Luis Alegre Saz";"hombre";"tmdb";"ES";"tmdb_heuristico";""
298;3592180;"Juan A. Anguita";"";"";"";"";""
299;1672995;"Unai Canela";"";"";"";"";""
300;1413007;"Adolfo Dufour";"hombre";"tmdb";"";"";""
301;1430334;"Juan Galiñanes";"hombre";"tmdb";"ES";"wikidata";""
302;2263746;"Fernando Vera";"";"";"";"";""
303;5644505;"Jesús Ponce";"";"";"";"";""
304;2422984;"Mauro Colombo";"hombre";"manual";"IT";"manual";""
305;1436791;"Alejandro Suárez Lozano";"hombre";"wikidata";"ES";"wikidata";""
306;1035833;"Vicente Villanueva";"hombre";"tmdb";"ES";"tmdb_heuristico";""
307;84714;"Juan José Campanella";"hombre";"tmdb";"AR";"tmdb_heuristico";""
308;5503054;"Sergio Rodrigo Ruiz";"";"";"";"";""
309;224884;"Imanol Uribe";"hombre";"tmdb";"SV";"tmdb_heuristico";""
310;37613;"Jaime Chávarri";"hombre";"tmdb";"ES";"tmdb_heuristico";""
311;4424916;"Marta Espar";"";"";"ES";"tmdb_heuristico";""
312;4424914;"Maiol Virgili";"";"";"";"";""
313;1131414;"Alfonso Cortés-Cavanillas";"hombre";"tmdb";"";"";""
314;1152634;"Marcel Barrena";"hombre";"tmdb";"ES";"tmdb_heuristico";""
315;1128094;"Ibon Cormenzana";"hombre";"tmdb";"ES";"tmdb_heuristico";""
316;3233145;"Iker Elorrieta";"";"";"";"";""
317;141967;"Benito Zambrano";"hombre";"tmdb";"ES";"wikidata";""
318;1635445;"Celia Novis";"";"";"";"";""
319;2545879;"Patxi Uriz";"";"";"";"";""
320;2796656;"Carmen Rodríguez";"";"";"";"";""
321;1124382;"Carlos Sedes";"hombre";"tmdb";"ES";"wikidata";""
322;1194904;"Pablo Maqueda";"hombre";"tmdb";"ES";"tmdb_heuristico";""
323;4580493;"José Cabanach";"";"";"";"";""
324;1697308;"Diego López-Fernández";"hombre";"tmdb";"ES";"tmdb_heuristico";""
325;2000744;"Ione Atenea";"mujer";"tmdb";"ES";"tmdb_heuristico";""
326;1355193;"Igor Legarreta";"hombre";"wikidata";"ES";"wikidata";""
327;3701720;"Paula Labordeta";"";"";"";"";""
328;5421335;"Azucena Carbajosa Rodriguez";"";"";"";"";""
329;1300969;"Jordi Évole";"hombre";"tmdb";"ES";"tmdb_heuristico";""
330;5421103;"Ramón Lara";"";"";"";"";""
331;2348064;"Hugo de la Riva";"";"";"";"";""
332;2256047;"Javier Fernández Vázquez";"";"";"";"";""
333;130988;"Inés París";"mujer";"wikidata";"ES";"wikidata";""
334;15602;"Fernando León de Aranoa";"hombre";"tmdb";"ES";"tmdb_heuristico";""
335;51896;"Mar Targarona";"mujer";"tmdb";"ES";"tmdb_heuristico";""
336;563855;"Juanma Bajo Ulloa";"hombre";"tmdb";"ES";"tmdb_heuristico";""
337;1021717;"Javier Corcuera";"hombre";"tmdb";"PE";"tmdb_heuristico";""
338;2556742;"Luis Mancha";"";"";"";"";""
339;1895984;"Néstor F. Dennis";"hombre";"tmdb";"";"";""
340;1034476;"Telmo Esnal";"hombre";"tmdb";"ES";"tmdb_heuristico";""
341;1012190;"Miguel Santesmases";"hombre";"tmdb";"ES";"wikidata";""
342;3615048;"Arturo Mombiedro";"";"";"";"";""
343;2213460;"Pep Bonet";"";"";"";"";""
344;234532;"Secun de la Rosa";"hombre";"tmdb";"ES";"tmdb_heuristico";""
345;588840;"Roberto Pérez Toledo";"hombre";"tmdb";"ES";"wikidata";""
346;589659;"Imanol Rayo";"hombre";"wikidata";"ES";"wikidata";""
347;2002122;"Macarena Astorga";"mujer";"wikidata";"ES";"wikidata";""
348;1694893;"Pedro Martín Calero";"hombre";"manual";"ES";"manual";""
349;19842;"José Luis Cuerda";"hombre";"tmdb";"ES";"tmdb_heuristico";""
350;589003;"Norberto Ramos del Val";"hombre";"tmdb";"ES";"tmdb_heuristico";""
351;5040794;"Lorenzo Sanz Fernández";"";"";"";"";""
352;589777;"Oscar Martín";"hombre";"manual";"";"manual";""
353;5640808;"Irene Bailo Carramiñana";"";"";"";"";""
354;2204600;"Senén Fernández";"";"";"";"";""
355;4923208;"Toni Andújar";"";"";"";"";""
356;236514;"Max Lemcke";"hombre";"wikidata";"ES";"wikidata";""
357;1302077;"Arantxa Echevarría";"mujer";"tmdb";"ES";"tmdb_heuristico";""
358;3632587;"Jose Manuel Rebollo";"hombre";"manual";"ES";"manual";""
359;1649980;"Ángela Gallardo Bernal";"mujer";"tmdb";"ES";"manual";""
360;3127742;"Cesar Vallejo";"";"";"";"";""
361;2560103;"Nacho Álvarez";"hombre";"tmdb";"UY";"tmdb_heuristico";""
362;4276328;"Octavio Lasheras";"";"";"";"";""
363;4543767;"Matías Boero Lutz";"";"";"";"";""
364;4282773;"Raúl Capdevila";"";"";"";"";""
365;2306392;"Ingrid Pokropek";"mujer";"tmdb";"AR";"wikidata";""
366;937769;"Jonás Trueba";"hombre";"tmdb";"ES";"tmdb_heuristico";""
367;972158;"Ernesto Sevilla";"hombre";"tmdb";"ES";"tmdb_heuristico";""
368;4954090;"Iker Álvarez";"hombre";"manual";"ES";"manual";""
369;3276081;"Haizea Pastor";"mujer";"manual";"ES";"manual";""
370;2046902;"Richard Zubelzu";"";"";"";"";""
371;73693;"Cesc Gay";"hombre";"tmdb";"ES";"tmdb_heuristico";""
372;4416357;"Gabriel Chicano";"";"";"";"";""
373;5376528;"Javier Canales Sepúlveda";"";"";"";"";""
374;2297013;"Elena Cid Sebastián";"";"";"";"";""
375;5048846;"Adrián García";"";"";"";"";""
376;1097734;"Juan Luis de No";"hombre";"manual";"ES";"manual";""
377;83449;"Jorge Rivera";"hombre";"tmdb";"US";"wikidata";""
378;2628918;"Sergio Dow";"hombre";"manual";"CO";"manual";""
379;1176;"Lone Scherfig";"mujer";"tmdb";"DK";"tmdb_heuristico";""
380;2289823;"Eric du Bellay";"";"";"";"";""
381;3016263;"Enrique García-Vázquez";"hombre";"tmdb";"ES";"tmdb_heuristico";""
382;5934164;"Juan San Martín";"";"";"";"";""
383;2264685;"Carolina Bassecourt";"";"";"";"";""
384;1649611;"Marta Lallana García";"mujer";"tmdb";"ES";"tmdb_heuristico";""
385;5842166;"Sandra García Bueno";"";"";"";"";""
386;79000;"Manuel Martín Cuenca";"hombre";"tmdb";"ES";"tmdb_heuristico";""
387;2555250;"Toni Escandell";"";"";"";"";""
388;2555252;"Marina Seguí";"";"";"";"";""
389;1141769;"Sílvia Quer";"mujer";"tmdb";"ES";"tmdb_heuristico";""
390;1369119;"Susanna Barranco";"mujer";"wikidata";"ES";"wikidata";""
391;1701864;"Joaquín Mazón";"hombre";"wikidata";"ES";"wikidata";""
392;2826886;"Arturo Dueñas";"hombre";"tmdb";"ES";"wikidata";""
393;1338492;"Ignacio Estaregui";"hombre";"tmdb";"ES";"tmdb_heuristico";""
394;5406230;"Jesús García";"";"";"";"";""
395;4102781;"Facundo Ponce de León";"hombre";"manual";"UY";"manual";""
396;2464574;"Juan Ponce de León";"hombre";"tmdb";"AR";"tmdb_heuristico";""
397;2269274;"Roberto Bueso";"";"";"";"";""
398;5967557;"Luis Navarrete";"";"";"";"";""
399;2388428;"Lucía Alemany";"mujer";"tmdb";"ES";"tmdb_heuristico";""
400;2535053;"Antonio Donaire";"";"";"";"";""
401;3683806;"Javier Morales Pérez";"";"";"";"";""
402;585035;"Óscar Aibar";"hombre";"tmdb";"ES";"tmdb_heuristico";""
403;1074721;"Enrique Gato";"hombre";"tmdb";"ES";"tmdb_heuristico";""
404;5652588;"Alberto Mimbrera Rodríguez";"";"";"";"";""
405;3139891;"Jesús Eguía Armenteros";"";"";"";"";""
406;3699683;"Patricia Font";"";"";"";"";""
407;3104885;"Samantha López Speranza";"";"";"";"";""
408;2847644;"Alex Murrull";"";"";"";"";""
409;10847;"Santiago Segura";"hombre";"tmdb";"ES";"tmdb_heuristico";""
410;933308;"Damian Nenow";"hombre";"tmdb";"PL";"tmdb_heuristico";""
411;1091857;"Raúl de la Fuente";"hombre";"tmdb";"ES";"wikidata";""
412;278087;"Elvira Lindo";"mujer";"tmdb";"";"";""
413;130987;"Daniela Féjerman";"mujer";"tmdb";"AR";"tmdb_heuristico";""
414;4266108;"Sergi Pitarch Garrido";"";"";"";"";""
415;1457161;"Paco Caballero";"hombre";"tmdb";"ES";"tmdb_heuristico";""
416;3435792;"Giampaolo Manfreda";"";"";"";"";""
417;2261583;"Iván Roiz";"";"";"";"";""
418;2261582;"Álvaro Priante";"";"";"";"";""
419;1493049;"David Martín de los Santos";"hombre";"wikidata";"";"";""
420;3216102;"Regis Francisco López";"hombre";"tmdb";"ES";"tmdb_heuristico";""
421;2270952;"Alejandro Marín";"hombre";"wikidata";"ES";"wikidata";""
422;1048523;"Oliver Laxe";"hombre";"tmdb";"FR";"tmdb_heuristico";""
423;1042761;"Fran Torres";"hombre";"wikidata";"";"";""
424;1441961;"Jacobo Martínez";"";"";"";"";""
425;5295734;"Ingride Santos";"mujer";"manual";"ES";"manual";""
426;1720199;"Ángel Gómez Hernández";"hombre";"tmdb";"ES";"tmdb_heuristico";""
427;133526;"Laura Mañá";"mujer";"tmdb";"ES";"tmdb_heuristico";""
428;1745479;"Samu Fuentes";"hombre";"tmdb";"ES";"wikidata";""
429;5641009;"Rubén Capilla";"";"";"";"";""
430;5276092;"Alex Rodríguez";"";"";"";"";""
431;2214145;"Inés de León";"mujer";"tmdb";"ES";"tmdb_heuristico";""
432;2367863;"Juanjo Castro";"";"";"";"";""
433;936999;"Toni Bestard";"hombre";"wikidata";"ES";"wikidata";""
434;1784530;"Manu Gómez";"";"";"";"";""
435;563824;"Álvaro Fernández Armero";"hombre";"wikidata";"ES";"wikidata";""
436;47059;"Gerardo Herrero";"hombre";"tmdb";"ES";"tmdb_heuristico";""
437;570531;"Juana Macías";"mujer";"tmdb";"ES";"wikidata";""
438;1759731;"Fer García-Ruiz";"hombre";"tmdb";"ES";"tmdb_heuristico";""
439;151162;"Agustí Villaronga";"hombre";"tmdb";"ES";"tmdb_heuristico";""
440;3045347;"Pep Antón Gómez";"hombre";"tmdb";"ES";"tmdb_heuristico";""
441;5775340;"Jordi Sánchez";"";"";"";"";""
442;1044792;"Víctor García León";"hombre";"tmdb";"ES";"tmdb_heuristico";""
443;591600;"Damián Szifron";"hombre";"tmdb";"AR";"tmdb_heuristico";""
444;1748697;"Carla Simón";"mujer";"tmdb";"ES";"tmdb_heuristico";""
445;971986;"Mauro Herce";"hombre";"tmdb";"ES";"wikidata";""
446;78996;"Antonio Hernández";"hombre";"tmdb";"ES";"tmdb_heuristico";""
447;1755625;"Olga Osorio";"mujer";"tmdb";"ES";"tmdb_heuristico";""
448;2772786;"Carlota González-Adrio";"mujer";"wikidata";"ES";"wikidata";""
449;2264674;"Ángeles Reiné";"mujer";"tmdb";"";"";""
450;2806172;"Mar Olid";"mujer";"tmdb";"";"";""
451;1051305;"Oriol Paulo";"hombre";"tmdb";"ES";"tmdb_heuristico";""
452;3669411;"Nando Caballero";"";"";"";"";""
453;16938;"Renny Harlin";"hombre";"tmdb";"FI";"tmdb_heuristico";""
454;94403;"F. Javier Gutiérrez";"hombre";"wikidata";"ES";"wikidata";""
455;2759690;"Rubén Burén";"";"";"";"";""
456;2180969;"José María Zavala";"hombre";"tmdb";"";"";""
457;1806051;"Ignacio Benedeti";"";"";"";"";""
458;4951153;"Miguel Herrero";"";"";"";"";""
459;4160275;"J. Alberto Andrés Lacasta";"";"";"";"";""
460;2270965;"Celia Giraldo";"mujer";"tmdb";"";"";""
461;3829133;"Luis (Soto) Muñoz";"hombre";"tmdb";"ES";"tmdb_heuristico";""
462;1684860;"Mario Pagano";"hombre";"wikidata";"VE";"wikidata";""
463;1324172;"Jérémie Degruson";"hombre";"tmdb";"";"";""
464;1392412;"More Raça";"mujer";"tmdb";"";"";""
465;588125;"Jorge Coira";"hombre";"tmdb";"ES";"tmdb_heuristico";""
466;2574131;"Xesús Ron";"";"";"";"";""
467;929049;"Paco Limón";"hombre";"tmdb";"ES";"tmdb_heuristico";""
468;2427245;"Julio César Sánchez";"hombre";"manual";"MX";"manual";""
469;3793836;"Miguel Riaño Roa";"hombre";"tmdb";"ES";"tmdb_heuristico";""
470;3793844;"Ángel Holgado";"";"";"";"";""
471;5959830;"Joan Frank Charansonnet";"";"";"";"";""
472;106697;"José Luis López-Linares";"hombre";"wikidata";"ES";"wikidata";""
473;5252601;"J.L. Rojas";"";"";"";"";""
474;1443615;"Javier Calvo";"hombre";"tmdb";"ES";"tmdb_heuristico";""
475;95606;"Javier Ambrossi";"hombre";"tmdb";"ES";"tmdb_heuristico";""
476;2110800;"Aurel";"hombre";"tmdb";"FR";"wikidata";""
477;2207591;"Zaida Carmona";"";"";"";"";""
478;2285247;"Hèctor Romance";"hombre";"tmdb";"";"";""
479;4277755;"David M. Mateo";"";"";"ES";"tmdb_heuristico";""
480;2764547;"Miguel Angel Barroso Garcia";"";"";"";"";""
481;1741791;"Darío Autrán";"";"";"";"";""
482;82726;"Curro Velázquez";"hombre";"manual";"ES";"manual";""
483;3343684;"Daniel Alonso Castelo";"no_binario";"tmdb";"ES";"tmdb_heuristico";""
484;1842346;"Kevin Castellano";"";"";"";"";""
485;3490020;"Edu Hirschfeld";"";"";"";"";""
486;4766481;"Jacobo Muñoz";"hombre";"tmdb";"ES";"tmdb_heuristico";""
487;129456;"Guillermo Ríos";"hombre";"tmdb";"MX";"tmdb_heuristico";""
488;1061514;"Álex O'Dogherty";"hombre";"tmdb";"ES";"tmdb_heuristico";""
489;3168014;"Iván Karras";"";"";"";"";""
490;2022341;"Carolina África";"";"";"";"";""
491;1072835;"Pilar Ordóñez";"mujer";"tmdb";"";"";""
492;6149474;"David Ruiz";"";"";"";"";""
493;4308395;"Pitu González";"";"";"";"";""
494;6162301;"Carlos Giménez";"";"";"";"";""
495;3644479;"Nina Solà";"mujer";"tmdb";"";"";""
496;2152935;"Guillermo de Oliveira";"hombre";"tmdb";"ES";"tmdb_heuristico";""
497;5466763;"Francisco Sánchez";"";"";"";"";""
498;6332299;"Iñaki Peña";"";"";"";"";""
499;1223421;"Cristina Otero Roth";"mujer";"tmdb";"ES";"tmdb_heuristico";""
500;6371154;"Percy Monso";"";"";"";"";""
501;3669393;"Manuel Nector Yáñez";"";"";"";"";""
502;2114770;"Charlie Arnaiz";"hombre";"tmdb";"ES";"wikidata";""
503;2407283;"Alberto Ortega";"hombre";"tmdb";"";"";""
504;6363870;"Ángel González";"";"";"";"";""
505;2108770;"Javi Camino";"";"";"";"";""
506;4026096;"Tommy Llorens";"";"";"";"";""
507;1797508;"Pablo Romero-Fresco";"";"";"";"";""
508;1672993;"Julio Mazarico";"";"";"";"";""
509;5345510;"Narciso Ibáñez Serrador";"";"";"";"";""
510;81157;"Sebastián Borensztein";"hombre";"tmdb";"AR";"tmdb_heuristico";""
511;4764008;"Martín Soto";"";"";"";"";""
512;3489419;"Xuban Intxausti";"";"";"";"";""
513;1658534;"Nicole Betancourt";"";"";"";"";""
514;588887;"Edoardo Ponti";"hombre";"tmdb";"CH";"tmdb_heuristico";""
515;5626806;"Javier Aguirre";"";"";"";"";""
516;1580840;"Julio Soto Gurpide";"hombre";"tmdb";"";"";""
517;5938497;"David Andrade";"";"";"";"";""
518;1796079;"Alberto Utrera";"";"";"";"";""
519;4833291;"Javier Martín-Domínguez";"";"";"";"";""
520;1468122;"Antonio Aguilar Vicente";"";"";"";"";""
521;5061066;"Carlos Aceituno";"";"";"";"";""
522;1364092;"Marc Fàbregas";"hombre";"wikidata";"";"";""
523;1168568;"Bertha Gaztelumendi";"";"";"";"";""
524;4250005;"Rosa Zufía";"";"";"";"";""
525;5116594;"Rogelio Enríquez Soto";"";"";"";"";""
526;1061599;"Fermin Muguruza";"hombre";"tmdb";"ES";"tmdb_heuristico";""
527;103511;"José Luis Garci";"hombre";"tmdb";"ES";"tmdb_heuristico";""
528;1013886;"Rafa Cortés";"hombre";"tmdb";"ES";"wikidata";""
529;5470289;"Javier Salvador";"";"";"";"";""
530;123099;"José María Forqué";"hombre";"tmdb";"ES";"tmdb_heuristico";""
531;2558738;"Jaime Murciego";"";"";"";"";""
532;1119623;"Pablo Iraburu";"hombre";"tmdb";"";"";""
533;564282;"Manuel Ríos San Martín";"hombre";"wikidata";"ES";"wikidata";""
534;4865414;"Julio S. de la Fuente";"hombre";"manual";"ES";"manual";""
535;2873841;"Bruno Martín";"";"";"";"";""
536;1334436;"Miguel Ángel Tobías";"hombre";"wikidata";"ES";"wikidata";""
537;2880;"Emilio Estevez";"hombre";"tmdb";"US";"tmdb_heuristico";""
538;2881144;"Mohamed El Badaoui";"";"";"";"";""
539;1566441;"Bernardo Hernández";"";"";"";"";""
540;1093748;"David Victori";"hombre";"tmdb";"ES";"tmdb_heuristico";""
541;88084;"Luis Prieto";"hombre";"tmdb";"ES";"tmdb_heuristico";""
542;3952402;"Mario Hernández";"";"";"";"";""
543;1028828;"Raimundo García";"";"";"";"";""
544;1489421;"Ignacio Tatay";"hombre";"wikidata";"ES";"wikidata";""
545;1175887;"Belén Santos";"";"";"";"";""
546;1066407;"Esaú Dharma";"";"";"";"";""
547;1170972;"Pablo Vara";"";"";"";"";""
548;1276684;"Horacio Alcalá";"hombre";"wikidata";"ES";"wikidata";""
549;44224;"Leonardo Brzezicki";"hombre";"tmdb";"AR";"tmdb_heuristico";""
550;3936156;"Esther Yañez";"";"";"";"";""
551;225945;"Javier Elorrieta";"hombre";"wikidata";"ES";"wikidata";""
552;230209;"Ángeles González-Sinde";"mujer";"tmdb";"ES";"tmdb_heuristico";""
553;78326;"Luis Arrieta";"hombre";"tmdb";"MX";"tmdb_heuristico";""
554;2876642;"Paco Sepúlveda";"hombre";"wikidata";"ES";"wikidata";""
555;1640298;"Luis Roca";"";"";"";"";""
556;583118;"Montxo Armendáriz";"hombre";"tmdb";"ES";"tmdb_heuristico";""
557;1264790;"David Martín Porras";"hombre";"wikidata";"ES";"wikidata";""
558;4206690;"Tabatta Salinas Caballero";"mujer";"manual";"MX";"manual";""
559;2662941;"Andrea Gautier";"mujer";"manual";"AR";"manual";""
560;2661441;"Pepe Coira";"hombre";"tmdb";"ES";"tmdb_heuristico";""
561;5046087;"Gaspar Broullón Pastoriza";"";"";"";"";""
562;4936570;"Felipe Pinzón Barbosa";"";"";"";"";""
563;2453874;"Juan Antonio Rodríguez Llano";"";"";"";"";""
564;1395170;"Fernanda Valadez";"mujer";"tmdb";"MX";"tmdb_heuristico";""
565;2503583;"David Casals-Roma";"";"";"";"";""
566;2270970;"Marta Romero";"";"";"";"";""
567;1088457;"Albert Solé";"hombre";"tmdb";"ES";"wikidata";""
568;2579211;"Elena Molina";"mujer";"tmdb";"ES";"wikidata";""
569;1525399;"Ida Cuéllar";"hombre";"manual";"BO";"manual";""
570;2697139;"Natxo Leuza";"";"";"";"";""
571;112607;"Carlos Iglesias";"hombre";"tmdb";"ES";"wikidata";""
572;2428295;"Ángel Tirado";"";"";"ES";"tmdb_heuristico";""
573;3567372;"Diego Lodeiros";"";"";"";"";""
574;4839826;"Antón Álvarez";"";"";"";"";""
575;3193916;"Santos Bacana";"";"";"";"";""
576;4272320;"Cris Trenas";"";"";"";"";""
577;3009003;"Rogelio González";"";"";"";"";""
578;59142;"Achero Mañas";"hombre";"tmdb";"ES";"tmdb_heuristico";""
579;6522;"Rafael Cobos";"hombre";"wikidata";"ES";"wikidata";""
580;1681183;"Álvaro Díaz Lorenzo";"hombre";"tmdb";"ES";"tmdb_heuristico";""
581;2196715;"Cecilia Montagut";"";"";"";"";""
582;1350506;"Pablo Aragüés";"hombre";"wikidata";"ES";"wikidata";""
583;3679787;"Marta Cabrera";"mujer";"tmdb";"";"";""
584;2402950;"Bibiana Monje";"";"";"";"";""
585;234369;"Christophe Farnarier";"hombre";"wikidata";"";"";""
586;1013025;"Pablo García Pérez de Lara";"hombre";"wikidata";"ES";"wikidata";""
587;4933571;"Nacho Rojas";"";"";"";"";""
588;4933566;"Álvaro Mayoral";"";"";"";"";""
589;1963039;"David Moragas";"hombre";"tmdb";"";"";""
590;5778006;"José Luis Rodríguez";"";"";"";"";""
591;3576022;"Nacho Serapio";"hombre";"tmdb";"ES";"tmdb_heuristico";""
592;4040872;"Eli Martín";"";"";"";"";""
593;2856894;"Julia Rebato";"";"";"";"";""
594;2843056;"Alex Comas";"hombre";"tmdb";"ES";"tmdb_heuristico";""
595;1039907;"Jorge Arenillas";"";"";"";"";""
596;1248203;"Luke Eve";"hombre";"tmdb";"AU";"tmdb_heuristico";""
597;3212690;"Mikel Mas Bilbao";"";"";"";"";""
598;793;"Luis Buñuel";"hombre";"tmdb";"ES";"tmdb_heuristico";""
599;5739649;"Xavier Pérez";"";"";"";"";""
600;4261006;"Maria Vilaseca Miguel";"";"";"";"";""
601;88092;"Federico Moccia";"hombre";"tmdb";"IT";"tmdb_heuristico";""
602;1148982;"David Valero";"";"";"";"";""
603;2534651;"Alberto Adsuara";"hombre";"tmdb";"ES";"tmdb_heuristico";""
604;4919676;"Nino Fontán Allen";"";"";"";"";""
605;2247381;"Itziar Bernaola";"";"";"";"";""
606;3081311;"Juan A. Zapata";"hombre";"manual";"CO";"manual";""
607;57630;"Peter Cattaneo";"hombre";"tmdb";"GB";"tmdb_heuristico";""
608;5853511;"Nieves Gómez";"";"";"";"";""
609;3020937;"Josep Serra Mateu";"";"";"";"";""
610;4919663;"Jone Ibarretxe de la Cal";"mujer";"tmdb";"";"";""
611;3233134;"Nere Falagan";"mujer";"tmdb";"";"";""
612;2133155;"Agustina Macri";"mujer";"tmdb";"AR";"tmdb_heuristico";""
613;212674;"Gracia Querejeta";"mujer";"tmdb";"ES";"tmdb_heuristico";""
614;2804608;"Sergio Hernández";"";"";"";"";""
615;3108914;"Ana de Alva";"mujer";"manual";"ES";"manual";""
616;2334966;"Beñat Iturrioz";"";"";"";"";""
617;2369929;"David Hebrero";"";"";"";"";""
618;4115981;"Joan Francesc Tomas Monfort";"";"";"";"";""
619;5686508;"Adrián Guanche";"";"";"";"";""
620;4990465;"Antonio R. Cabal";"";"";"";"";""
621;114464;"Javier Ruiz Caldera";"hombre";"tmdb";"ES";"wikidata";""
622;1130540;"Jose Mari Goenaga";"hombre";"tmdb";"ES";"tmdb_heuristico";""
623;4510630;"Silvia Moreno";"";"";"";"";""
624;3346377;"Javi Julio";"";"";"";"";""
625;2433852;"Roi Cagiao";"hombre";"tmdb";"ES";"tmdb_heuristico";""
626;1098341;"Manuel Sanabria";"hombre";"wikidata";"";"";""
627;144546;"Miguel Ángel Lamata";"hombre";"wikidata";"ES";"wikidata";""
628;4198427;"Paula Iglesias";"";"";"";"";""
629;5374503;"Marta Gómez";"";"";"";"";""
630;588181;"Marcos Cabotá";"hombre";"tmdb";"ES";"wikidata";""
631;4680615;"Toni Garcia";"";"";"";"";""
632;2257022;"Manolo Munguía";"";"";"";"";""
633;1007592;"Marina Seresesky";"mujer";"wikidata";"AR";"wikidata";""
634;1262693;"Daniel Augusto";"hombre";"manual";"BR";"manual";""
635;2147073;"Susan Béjar";"";"";"";"";""
636;2352923;"Alfredo Contreras";"";"";"";"";""
637;1049261;"Iñaki Arteta";"hombre";"wikidata";"ES";"wikidata";""
638;2053703;"Armando Ravelo";"hombre";"tmdb";"";"";""
639;588888;"Ramon Térmens";"hombre";"wikidata";"ES";"wikidata";""
640;2467570;"Inés Pintor";"";"";"";"";""
641;2467571;"Pablo Santidrián";"";"";"";"";""
642;1745864;"Chloé Wallace";"mujer";"tmdb";"ES";"wikidata";""
643;40;"Orson Welles";"hombre";"tmdb";"US";"tmdb_heuristico";""
644;2161084;"Diego Corsini";"hombre";"wikidata";"ES";"wikidata";""
645;4944469;"Marc Galver Lacruz";"";"";"";"";""
646;2345832;"Ana Ramón Rubio";"";"";"";"";""
647;1491235;"Txaber Larreategi";"";"";"";"";""
648;2229398;"Alauda Ruiz de Azúa";"mujer";"tmdb";"ES";"tmdb_heuristico";""
649;1358333;"Arturo Prins";"hombre";"manual";"NL";"manual";""
650;5520423;"Javier Calvo Torrecilla";"";"";"";"";""
651;3698547;"Carmina Balaguer";"mujer";"manual";"ES";"manual";""
652;2261541;"Izaskun Arandia";"";"";"";"";""
653;4700662;"Borja Zavala";"";"";"";"";""
654;1894302;"Arturo Montenegro";"hombre";"tmdb";"PA";"tmdb_heuristico";""
655;5348288;"Javier Sánchez Martínez";"";"";"";"";""
656;4415749;"Christian Garnez";"";"";"";"";""
657;4254975;"Juan Rodriguez-Briso";"";"";"";"";""
658;2854671;"Ana Vázquez";"";"";"";"";""
659;5592585;"Alberto José Redondo Villa";"";"";"";"";""
660;2718376;"Francesc Cuéllar";"";"";"";"";""
661;1645082;"Erika Elizalde";"mujer";"manual";"MX";"manual";""
662;1195190;"Manuel M. Velasco";"hombre";"manual";"ES";"manual";""
663;1805421;"Isaac Berrocal";"hombre";"manual";"ES";"manual";""
664;2876275;"Piter Moreira";"hombre";"tmdb";"UY";"tmdb_heuristico";""
665;4353897;"Santiago Mazarro";"";"";"";"";""
666;1111670;"Fernando Cortizo";"hombre";"tmdb";"ES";"tmdb_heuristico";""
667;1263849;"Alfonso Amador";"";"";"";"";""
668;3033406;"Gonzalo Gurrea Ysasi";"";"";"";"";""
669;1458492;"Tomás Aceituno Maldonado";"hombre";"tmdb";"ES";"tmdb_heuristico";""
670;4361813;"Sergio Siruela";"hombre";"tmdb";"ES";"tmdb_heuristico";""
671;225121;"Oriol Ferrer";"hombre";"wikidata";"ES";"wikidata";""
672;37493;"Luis García Berlanga";"hombre";"tmdb";"ES";"tmdb_heuristico";""
673;4993766;"Joan Bennàssar Escape";"";"";"";"";""
674;1012085;"Juan de Orduña";"hombre";"tmdb";"ES";"tmdb_heuristico";""
675;3655290;"José Luis Estañ";"";"";"";"";""
676;1909477;"Hilario Abad";"";"";"";"";""
677;4385;"Sergio Leone";"hombre";"tmdb";"IT";"tmdb_heuristico";""
678;1805107;"Ricardo Macián";"";"";"";"";""
679;5105628;"David Varela";"";"";"";"";""
680;3630012;"Antonio Gil Aparicio";"";"";"";"";""
681;1690566;"Ana Hurtado";"";"";"";"";""
682;98499;"Rafael J. Salvia";"hombre";"tmdb";"ES";"wikidata";""
683;1161119;"Alejandro Marzoa Blasco";"";"";"";"";""
684;1066930;"Maite Alberdi";"mujer";"tmdb";"CL";"tmdb_heuristico";""
685;1692673;"José Ángel Bohollo";"";"";"";"";""
686;3304976;"Pau Canivell";"hombre";"tmdb";"ES";"tmdb_heuristico";""
687;3829623;"Marcos Barrios";"";"";"";"";""
688;4033952;"Levi Star";"";"";"";"";""
689;51894;"J. A. Bayona";"hombre";"tmdb";"ES";"tmdb_heuristico";""
690;2942039;"Joan Vall Karsunke";"hombre";"tmdb";"ES";"tmdb_heuristico";""
691;5633278;"Laia Requesens";"";"";"";"";""
692;3561271;"Rosa Valiente";"";"";"";"";""
693;2516976;"Rodrigo Bazzano";"";"";"";"";""
694;1013002;"Rafael Gordon";"hombre";"wikidata";"ES";"wikidata";""
695;1274415;"Andrea Weiss";"mujer";"wikidata";"US";"wikidata";""
696;12733;"Ladislao Vajda";"hombre";"tmdb";"HU";"tmdb_heuristico";""
697;2006688;"Rosa Blas Traisac";"mujer";"tmdb";"";"";""
698;3827572;"Santi Aguado";"";"";"";"";""
699;4020640;"Sofía Urwitz";"";"";"";"";""
700;3763414;"José Luis Pecharromán";"";"";"";"";""
701;3550114;"Remedios Malvárez";"";"";"";"";""
702;3593301;"Arturo Andújar";"";"";"";"";""
703;4391;"Charles Dance";"hombre";"tmdb";"GB";"tmdb_heuristico";""
704;3525090;"Oscar Montón";"";"";"";"";""
705;1676574;"Melina León";"mujer";"tmdb";"PE";"wikidata";""
706;5305447;"Paula Veleiro";"";"";"";"";""
707;535744;"Luis César Amadori";"hombre";"tmdb";"IT";"tmdb_heuristico";""
708;86341;"Miguel Martí";"hombre";"tmdb";"";"";""
709;5696747;"David Rubira";"";"";"";"";""
710;618101;"Marc Recha";"hombre";"tmdb";"ES";"wikidata";""
711;5948879;"Marcos Zaván";"";"";"";"";""
712;584193;"Mariano Cohn";"hombre";"tmdb";"AR";"tmdb_heuristico";""
713;584191;"Gastón Duprat";"hombre";"tmdb";"AR";"tmdb_heuristico";""
714;1851555;"Pedro Peira";"hombre";"tmdb";"ES";"tmdb_heuristico";""
715;1463086;"Jordi Torrent";"hombre";"tmdb";"ES";"wikidata";""
716;97687;"Miguel del Arco";"hombre";"tmdb";"ES";"wikidata";""
717;1316775;"Rómulo Aguillaume";"hombre";"wikidata";"";"";""
718;5828279;"Carlos Pérez";"";"";"";"";""
719;19826;"Joel Joan";"hombre";"tmdb";"ES";"tmdb_heuristico";""
720;1114058;"Sergi Lara";"";"";"";"";""
721;580706;"Hugo Ruiz";"hombre";"tmdb";"SE";"tmdb_heuristico";""
722;1804047;"Lucas Nolla";"";"";"";"";""
723;2458084;"Mario Forniés";"";"";"";"";""
724;2072468;"Mariona Guiu";"";"";"";"";""
725;1022654;"José Antonio Quirós";"hombre";"wikidata";"ES";"wikidata";""
726;5786930;"Sebastián Galán";"";"";"";"";""
727;3235426;"Laura García Andreu";"";"";"";"";""
728;236226;"José Díaz Morales";"hombre";"tmdb";"ES";"tmdb_heuristico";""
729;4886267;"Beatriz Carretero";"";"";"";"";""
730;1065198;"Ricardo Íscar";"hombre";"tmdb";"ES";"tmdb_heuristico";""
731;5811893;"Carlos Navarro";"";"";"";"";""
732;2362940;"Jesús Garrido";"";"";"";"";""
733;1078616;"Salvador Simó";"hombre";"tmdb";"ES";"tmdb_heuristico";""
734;3000259;"Jianping Li";"";"";"";"";""
735;1026261;"Enrique Urbizu";"hombre";"tmdb";"ES";"tmdb_heuristico";""
736;25275;"Rodolfo Montero";"";"";"";"";""
737;5207258;"Miguel Ángel Sánchez";"";"";"";"";""
738;2718867;"Pedro Ballesteros";"";"";"";"";""
739;1536696;"Marija Kavtaradzė";"mujer";"tmdb";"LT";"tmdb_heuristico";""
740;2025434;"César Vallejo de Castro";"";"";"";"";""
741;4382373;"Amaya Villar Navascués";"";"";"";"";""
742;3613358;"Dani Llamas";"";"";"";"";""
743;5312607;"Luisje Moyano";"";"";"";"";""
744;77122;"María Valverde";"mujer";"tmdb";"ES";"tmdb_heuristico";""
745;4458312;"Pedro Aguilera";"";"";"";"";""
746;1373415;"Francisco Sánchez Varela";"hombre";"tmdb";"ES";"tmdb_heuristico";""
747;6360702;"David Matamoros Manteca";"hombre";"manual";"ES";"manual";""
748;3014975;"Igna L. Vacas";"";"";"";"";""
749;3035095;"Saúl Pérez Ruano";"";"";"";"";""
750;2460724;"Javier Kühn";"";"";"";"";""
751;129304;"Michela Andreozzi";"mujer";"tmdb";"IT";"tmdb_heuristico";""
752;1023088;"Margarita Alexandre";"mujer";"tmdb";"ES";"tmdb_heuristico";""
753;1269221;"Rafael María Torrecilla";"";"";"";"";""
754;1152112;"Gonzalo García-Pelayo";"hombre";"tmdb";"ES";"tmdb_heuristico";""
755;4940708;"Juanma Arizmendi";"";"";"";"";""
756;131416;"Sean Patrick O'Reilly";"hombre";"tmdb";"CA";"tmdb_heuristico";""
757;3696892;"Rosa García Loire";"mujer";"tmdb";"";"";""
758;4019075;"Carlos Prado Pampín";"";"";"";"";""
759;1521812;"Clara Martínez-Lázaro Alameda";"";"";"";"";""
760;5052862;"Gonzalo Perdomo-Tafur";"hombre";"manual";"CO";"manual";""
761;2518741;"Enrique Bernal";"";"";"";"";""
762;2429078;"Bernabé Bulnes";"";"";"";"";""
763;4701508;"Iratxe Pérez Barandalla";"";"";"";"";""
764;1817184;"Pedro Collantes";"hombre";"tmdb";"ES";"wikidata";""
765;239202;"Luis Marquina";"hombre";"tmdb";"ES";"tmdb_heuristico";""
766;1192582;"Enric Miró";"";"";"";"";""
767;2190612;"Hugo Cabezas";"";"";"";"";""
768;2190613;"Alejandro Toro";"";"";"";"";""
769;3190577;"Jacob Santana";"hombre";"manual";"ES";"manual";""
770;1382887;"Pedro Lendínez";"hombre";"tmdb";"ES";"tmdb_heuristico";""
771;4577797;"Guillermo Barreira";"";"";"";"";""
772;4657428;"Javier Horcajada";"";"";"";"";""
773;4808400;"Antonio Martín";"";"";"";"";""
774;1510695;"Alex Guimerà";"";"";"";"";""
775;2406842;"Guillem Ventura";"";"";"";"";""
776;1525660;"Imanol Zinkunegi";"hombre";"tmdb";"ES";"tmdb_heuristico";""
777;2525861;"Joseba Ponce";"hombre";"tmdb";"";"";""
778;5800608;"Alfonso Aguado";"";"";"";"";""
779;6003707;"Julio Espinosa";"";"";"";"";""
780;4513433;"Albert Naudín";"";"";"";"";""
781;34264;"Marco Ferreri";"hombre";"tmdb";"IT";"tmdb_heuristico";""
782;1780288;"Kiko Prada";"hombre";"wikidata";"ES";"wikidata";""
783;2889301;"Raul Alaejos";"";"";"";"";""
784;3202577;"María Zanetti";"mujer";"manual";"AR";"manual";""
785;5709831;"Alejandro Enríquez";"";"";"";"";""
786;3795890;"Pablo Casanueva";"";"";"";"";""
787;1305491;"Daniel San Román";"hombre";"tmdb";"ES";"tmdb_heuristico";""
788;3613698;"Jose Texeira";"";"";"";"";""
789;6377040;"Eduardo Muñoz";"";"";"";"";""
790;5456803;"Josè del Corral";"hombre";"manual";"ES";"manual";""
791;95972;"Hans Petter Moland";"hombre";"tmdb";"NO";"tmdb_heuristico";""
792;85234;"Salvador del Solar";"hombre";"tmdb";"PE";"wikidata";""
793;4093273;"Júlia Girós";"";"";"";"";""
794;4093274;"Pol Picas";"";"";"";"";""
795;71522;"Juan Antonio Bardem";"hombre";"tmdb";"ES";"tmdb_heuristico";""
796;1164105;"Chema Rodríguez";"hombre";"wikidata";"ES";"wikidata";""
797;237482;"Raúl Alfonso";"hombre";"tmdb";"CU";"tmdb_heuristico";""
798;566294;"Patricio Guzmán";"hombre";"tmdb";"CL";"tmdb_heuristico";""
799;5729075;"Jordi Morató Pujol";"";"";"";"";""
800;4019154;"Josepmaria Anglès";"hombre";"manual";"ES";"manual";""
801;1551790;"Jaume Fargas";"";"";"";"";""
802;4910317;"Jaume Sucarrats";"hombre";"tmdb";"";"";""
803;1621741;"Telmo Iragorri";"";"";"";"";""
804;2449762;"Miguel Angel Caro";"";"";"";"";""
805;2353223;"Paco Izquierdo";"";"";"";"";""
806;2619626;"Marta Lallana";"";"";"";"";""
807;1728140;"Enrique Herreros";"hombre";"tmdb";"ES";"tmdb_heuristico";""
808;16435;"Julio Medem";"hombre";"tmdb";"ES";"tmdb_heuristico";""
809;53708;"Ira Sachs";"hombre";"tmdb";"US";"tmdb_heuristico";""
810;1240273;"Beatriz Luengo";"mujer";"tmdb";"ES";"tmdb_heuristico";""
811;4656727;"Oriol Cardús";"hombre";"tmdb";"ES";"tmdb_heuristico";""
812;1167672;"Sara Sálamo";"mujer";"tmdb";"ES";"tmdb_heuristico";""
813;2020238;"Javier Castro";"";"";"";"";""
814;588961;"Paulí Subirà";"hombre";"wikidata";"ES";"wikidata";""
815;965;"Fernando Fernán Gómez";"hombre";"tmdb";"PE";"tmdb_heuristico";""
816;144734;"Edgar Neville";"hombre";"tmdb";"ES";"tmdb_heuristico";""
817;2903084;"Roberto Jimenez";"hombre";"tmdb";"US";"tmdb_heuristico";""
818;1031958;"Juan Pinzás";"hombre";"tmdb";"ES";"tmdb_heuristico";""
819;4245319;"Victor Ordóñez";"";"";"";"";""
820;6376076;"Sergio González";"";"";"";"";""
821;1683826;"Francisco Rodríguez Fernández";"";"";"";"";""
822;5228746;"Louise Brix Andersen";"";"";"";"";""
823;932708;"José Luis Sáenz de Heredia";"hombre";"tmdb";"ES";"tmdb_heuristico";""
824;5440629;"Vicent Peris";"";"";"";"";""
825;1338815;"Ramon Tort";"hombre";"wikidata";"ES";"wikidata";""
826;2675371;"Toni Agustí";"";"";"";"";""
827;5421685;"Aritz Gorostiaga Eskubi";"";"";"";"";""
828;1052811;"Arturo Ruiz Castillo";"hombre";"tmdb";"ES";"tmdb_heuristico";""
829;1442310;"Arturo Menor";"";"";"";"";""
830;543332;"Manuel Summers";"hombre";"tmdb";"ES";"wikidata";""
831;2544423;"David Miralles";"";"";"";"";""
832;133090;"José Luis Guerín";"hombre";"tmdb";"ES";"tmdb_heuristico";""
833;5307851;"Carlos Enrique Palacio";"";"";"";"";""
834;3956267;"Miquel Romans";"";"";"";"";""
835;1477912;"Alejo Levis";"hombre";"wikidata";"ES";"wikidata";""
836;1186835;"Juan Minon";"hombre";"wikidata";"ES";"wikidata";""
837;1836299;"Jaione Camborda";"mujer";"tmdb";"ES";"tmdb_heuristico";""
838;6246497;"Eduardo Cubillo";"";"";"";"";""
839;77123;"Gonzalo López-Gallego";"hombre";"tmdb";"ES";"tmdb_heuristico";""
840;1331084;"Xavier Artigas";"hombre";"wikidata";"ES";"wikidata";""
841;4241822;"Moisés Salama";"";"";"";"";""
842;2472271;"Ion Bors";"hombre";"wikidata";"MD";"wikidata";""
843;53943;"Ignacio F. Iquino";"hombre";"tmdb";"ES";"tmdb_heuristico";""
844;2438991;"Antonio Llamas";"hombre";"tmdb";"";"";""
845;2754644;"Alejandro Pérez Castellanos";"hombre";"tmdb";"ES";"tmdb_heuristico";""
846;5782306;"Jorge Rojas";"";"";"";"";""
847;1031934;"Benito Perojo";"hombre";"tmdb";"ES";"tmdb_heuristico";""
848;237350;"Mario Camus";"hombre";"tmdb";"ES";"tmdb_heuristico";""
849;2422664;"Andrés Daniel Sainz";"";"";"";"";""
850;936718;"Jaime Rosales";"hombre";"tmdb";"ES";"tmdb_heuristico";""
851;1418606;"Néstor Ruiz Medina";"";"";"ES";"tmdb_heuristico";""
852;4962129;"Reyes Caballero";"";"";"";"";""
853;5519241;"Julia de Paz Solvas";"";"";"";"";""
854;1024244;"Héctor Carré";"hombre";"wikidata";"ES";"wikidata";""
855;1877869;"Alexandre Cirici Pellicer";"";"";"";"";""
856;2712188;"Stanislav Kapralov";"hombre";"tmdb";"UA";"tmdb_heuristico";""
857;233957;"Norberto López Amado";"hombre";"wikidata";"ES";"wikidata";""
858;5408871;"Aser Álvarez González";"";"";"";"";""
859;1826333;"Lucija Stojevic";"mujer";"tmdb";"";"";""
860;6246635;"Verónica Orrico";"";"";"";"";""
861;1764976;"Mariano Donoso";"hombre";"manual";"AR";"manual";""
862;2962112;"Federico Cardone";"hombre";"manual";"AR";"manual";""
863;10832;"Gabriel Beristain";"hombre";"tmdb";"MX";"tmdb_heuristico";""
864;560290;"Pedro Loeb";"hombre";"tmdb";"AR";"tmdb_heuristico";""
865;5166472;"Javi Barón";"";"";"";"";""
866;2261544;"Pello Gutiérrez";"hombre";"tmdb";"";"";""
867;1012205;"José Manuel Carrasco";"hombre";"tmdb";"";"";""
868;4056738;"Francisco Vaquero Robustillo";"";"";"";"";""
869;2496984;"Oier Plaza";"";"";"";"";""
870;1568247;"Fernando Ayllón";"hombre";"tmdb";"";"";""
871;1307189;"Pablo Gil Rituerto";"";"";"";"";""
872;2327508;"Ricardo Franco";"hombre";"tmdb";"MX";"tmdb_heuristico";""
873;103509;"Eloy de la Iglesia";"hombre";"tmdb";"ES";"tmdb_heuristico";""
874;5331869;"Manuel Cabo Sánchez";"";"";"";"";""
875;954769;"Ángel Sala";"hombre";"tmdb";"";"";""
876;1533722;"Paula Cons";"mujer";"wikidata";"ES";"wikidata";""
877;2850691;"Pedro G. Romero";"hombre";"tmdb";"ES";"tmdb_heuristico";""
878;390853;"Pilar Távora";"mujer";"tmdb";"ES";"wikidata";""
879;82724;"Fernando González Molina";"hombre";"tmdb";"ES";"tmdb_heuristico";""
880;1036768;"Xavier Villaverde";"hombre";"tmdb";"ES";"tmdb_heuristico";""
881;1073957;"Sonia Méndez";"mujer";"wikidata";"ES";"wikidata";""
882;4580494;"Juan Antonio Tirado";"hombre";"tmdb";"ES";"tmdb_heuristico";""
883;572115;"Ray Figueroa";"hombre";"manual";"PR";"manual";""
884;4312256;"Alex Mañas";"";"";"";"";""
885;1242114;"Maja Borg";"mujer";"tmdb";"SE";"tmdb_heuristico";""
886;4578364;"Daniel Tornero";"hombre";"tmdb";"ES";"tmdb_heuristico";""
887;5718669;"Beñat Gereka Bikuña";"";"";"";"";""
888;2683614;"Amparo Aguilar";"mujer";"manual";"ES";"manual";""
889;1288697;"Carlos Marques-Marcet";"hombre";"tmdb";"ES";"tmdb_heuristico";""
890;125486;"Rosana Pastor";"mujer";"tmdb";"ES";"tmdb_heuristico";""
891;1707578;"Caye Casas";"hombre";"tmdb";"ES";"tmdb_heuristico";""
892;4848073;"Esther Morente";"";"";"";"";""
893;4020638;"Tomás Ocaña";"hombre";"tmdb";"";"";""
894;3862769;"Liliana Torres";"mujer";"manual";"ES";"manual";""
895;3029978;"Jorge Pareja";"";"";"";"";""
896;985375;"Fernando Cámara";"hombre";"tmdb";"MX";"wikidata";""
897;4680400;"David Alonso";"";"";"";"";""
898;1081336;"Adán Aliaga";"hombre";"wikidata";"ES";"wikidata";""
899;5502355;"Amparo Martínez Barco";"";"";"";"";""
900;6059594;"Anna M. Bofarull";"";"";"";"";""
901;649147;"Manuel Gutiérrez Aragón";"hombre";"tmdb";"ES";"tmdb_heuristico";""
902;5495770;"Pablo Más Serrano";"";"";"";"";""
903;1744131;"Robin Petré";"mujer";"tmdb";"DK";"tmdb_heuristico";""
904;1491153;"Paco Ortiz";"";"";"";"";""
905;1891097;"José Carlos de Isla";"";"";"";"";""
906;1185964;"Julián Génisson";"hombre";"tmdb";"ES";"tmdb_heuristico";""
907;4545832;"Pablo Zanón";"";"";"";"";""
908;44264;"Rodrigo Sopeña";"hombre";"tmdb";"ES";"tmdb_heuristico";""
909;44263;"Luis Piedrahita";"hombre";"tmdb";"ES";"tmdb_heuristico";""
910;6389807;"Esther Díaz Rey";"";"";"";"";""
911;1620549;"José Antonio Torres";"hombre";"tmdb";"";"";""
912;1777512;"Antonio Manuel";"";"";"";"";""
913;1726147;"Georgina Cisquella";"mujer";"tmdb";"ES";"tmdb_heuristico";""
914;1061976;"Marc Martínez";"hombre";"tmdb";"ES";"tmdb_heuristico";""
915;1616022;"Avelina Prat";"mujer";"tmdb";"ES";"wikidata";""
916;1515842;"Lara Izagirre";"mujer";"tmdb";"ES";"wikidata";""
917;37577;"Bigas Luna";"hombre";"tmdb";"ES";"tmdb_heuristico";""
918;1065244;"José Sánchez-Montes";"hombre";"tmdb";"";"";""
919;4980450;"Emanuele Giusto Kantfish";"";"";"";"";""
920;4010380;"Carlos Tejeda";"";"";"";"";""
921;2545881;"Jordi Matas";"";"";"";"";""
922;3416965;"Mario-Paul Martínez";"";"";"";"";""
923;1440782;"Simón Casal";"hombre";"tmdb";"ES";"wikidata";""
924;2864402;"Ángel Puado Veloso";"";"";"";"";""
925;2799615;"Area Erina";"";"";"";"";""
926;4431348;"Juan Alfredo Amil";"";"";"";"";""
927;2428561;"Pau Calpe Rufat";"hombre";"manual";"ES";"manual";""
928;1136758;"Raquel Gómez-Rosado";"";"";"";"";""
929;239149;"Angel de la Cruz";"hombre";"wikidata";"ES";"wikidata";""
930;3040800;"Lorena Ares";"mujer";"tmdb";"";"";""
931;100897;"Carlos Puerto";"hombre";"tmdb";"";"";""
932;1204232;"Francesc Relea";"";"";"";"";""
933;2568321;"Johanne Gómez Terrero";"mujer";"manual";"DO";"manual";""
934;1745310;"Lino Escalera";"hombre";"tmdb";"";"";""
935;1481855;"Irene M. Borrego";"mujer";"tmdb";"ES";"wikidata";""
936;2018520;"Ángeles Hernández";"mujer";"manual";"ES";"manual";""
937;2973700;"Alvaro Gurrea";"";"";"";"";""
938;4983818;"Ángel Gómez";"hombre";"manual";"ES";"manual";""
939;2982406;"Miguel García Iraburu";"";"";"";"";""
940;1603877;"Rosario Pi";"";"";"";"";""
941;1716364;"Aitor Echeverría";"hombre";"tmdb";"ES";"tmdb_heuristico";""
942;1063331;"David Bisbano";"hombre";"tmdb";"AR";"tmdb_heuristico";""
943;1121370;"Alfonso Suárez";"hombre";"tmdb";"MX";"tmdb_heuristico";""
944;3620424;"Gonzalo Suárez Garayo";"";"";"ES";"tmdb_heuristico";""
945;5338994;"Xabier Mina Ederra";"";"";"";"";""
946;5338995;"Isaías Cruz Irujo";"";"";"";"";""
947;942161;"Felipe Vega";"hombre";"tmdb";"ES";"wikidata";""
948;131867;"Daniel Hendler";"hombre";"tmdb";"UY";"tmdb_heuristico";""
949;1659438;"Elena López Riera";"mujer";"tmdb";"ES";"tmdb_heuristico";""
950;3700292;"Fermin Aio";"";"";"";"";""
951;2435618;"Nata Moreno";"";"";"";"";""
952;929757;"Miguel Ángel Calvo Buttini";"hombre";"wikidata";"ES";"wikidata";""
953;1384823;"Celia Rico Clavellino";"mujer";"tmdb";"ES";"tmdb_heuristico";""
954;4932113;"José Manuel Herraiz";"";"";"";"";""
955;1839262;"Miguel Eek";"";"";"";"";""
956;1026235;"Patricia Ferreira";"mujer";"tmdb";"ES";"tmdb_heuristico";""
957;2785405;"Lupe Pérez García";"";"";"";"";""
958;168101;"Alex Montoya";"hombre";"tmdb";"US";"tmdb_heuristico";""
959;2302849;"Amalia Ulman";"mujer";"tmdb";"AR";"tmdb_heuristico";""
960;1008378;"Félix Sabroso";"hombre";"wikidata";"ES";"wikidata";""
961;1008377;"Dunia Ayaso";"mujer";"wikidata";"ES";"wikidata";""
962;1677698;"Nely Reguera";"mujer";"tmdb";"";"";""
963;1811248;"Carlos Gil";"hombre";"tmdb";"AR";"tmdb_heuristico";""
964;1620763;"Glorimar Marrero Sánchez";"mujer";"tmdb";"PR";"tmdb_heuristico";""
965;562915;"Santi Amodeo";"hombre";"tmdb";"ES";"tmdb_heuristico";""
966;2349796;"Alberto Gastesi";"";"";"";"";""
967;69875;"Alberto de Toro";"hombre";"tmdb";"";"";""
968;1170457;"Marta Figueras";"mujer";"wikidata";"ES";"wikidata";""
969;2915538;"Susana Guardiola";"mujer";"manual";"ES";"manual";""
970;2467723;"Patricia Pérez Fernández";"mujer";"manual";"ES";"manual";""
971;1147706;"Jimina Sabadú";"mujer";"tmdb";"ES";"tmdb_heuristico";""
972;4293662;"Alfredo Picazo";"";"";"";"";""
973;1987284;"Carlota Pereda";"mujer";"tmdb";"ES";"tmdb_heuristico";""
974;1705591;"Laura Jou";"mujer";"wikidata";"";"";""
975;2570550;"Jorge Acebo Canedo";"";"";"FR";"tmdb_heuristico";""
976;2555139;"Mariana Barassi";"mujer";"manual";"AR";"manual";""
977;2619572;"Jaime Puertas Castillo";"";"";"";"";""
978;82700;"Mario Casas";"hombre";"tmdb";"ES";"tmdb_heuristico";""
979;236693;"Mabel Lozano";"mujer";"tmdb";"ES";"tmdb_heuristico";""
980;1490496;"Eva Hache";"mujer";"tmdb";"ES";"tmdb_heuristico";""
981;2639346;"Enrique Buleo";"hombre";"tmdb";"ES";"tmdb_heuristico";""
982;2434915;"Luis Avilés Baquero";"";"";"";"";""
983;2194967;"Rubin Stein";"hombre";"tmdb";"ES";"tmdb_heuristico";""
984;6181106;"Miguel Romero";"";"";"";"";""
985;1572393;"Javier Macipe";"hombre";"tmdb";"ES";"tmdb_heuristico";""
986;1432104;"Alejandro Naranjo";"hombre";"manual";"CO";"manual";""
987;1394264;"Toby Schwarz";"hombre";"tmdb";"DE";"wikidata";""
988;4999905;"Aizea Roca Berridi";"";"";"";"";""
989;6384256;"Alberto García Ortiz";"";"";"";"";""
990;3010929;"Steven Majaury";"";"";"";"";""
991;3964968;"Andrea Sebastiá";"";"";"";"";""
992;3553593;"Joan-Marc Zapata";"";"";"";"";""
993;2193216;"Oriol Gispert";"";"";"";"";""
994;588861;"Josefina Molina";"mujer";"tmdb";"ES";"tmdb_heuristico";""
995;1031910;"Jesús García de Dueñas";"hombre";"wikidata";"ES";"wikidata";""
996;97662;"Emma Cohen";"mujer";"tmdb";"ES";"tmdb_heuristico";""
997;97689;"Juan Tébar";"";"";"";"";""
998;37515;"Augusto M. Torres";"hombre";"tmdb";"";"";""
999;109081;"Enrique Brasó";"hombre";"tmdb";"ES";"tmdb_heuristico";""
1000;1298398;"Alfonso Ungría";"hombre";"tmdb";"ES";"tmdb_heuristico";""
1001;1744373;"Ignacio Nacho";"";"";"";"";""
1002;1740764;"Luciano Juncos";"hombre";"manual";"AR";"manual";""
1003;4682724;"Biel Macià";"";"";"";"";""
1004;1491189;"Juan Gautier";"";"";"";"";""
1005;4872015;"David Camarero";"";"";"";"";""
1006;548748;"Irene Gutiérrez Caba";"mujer";"tmdb";"ES";"tmdb_heuristico";""
1007;1006815;"Francesc Betriu";"hombre";"tmdb";"ES";"tmdb_heuristico";""
1008;1316690;"Claudia Pinto Emperador";"mujer";"tmdb";"ES";"wikidata";""
1009;1665562;"Maria Mauti";"mujer";"manual";"IT";"manual";""
1010;225020;"Juan Cavestany";"hombre";"tmdb";"ES";"tmdb_heuristico";""
1011;5753172;"Carlos Rodríguez";"";"";"";"";""
1012;65452;"Mike Leigh";"hombre";"tmdb";"GB";"tmdb_heuristico";""
1013;1124203;"Almudena Carracedo";"mujer";"tmdb";"ES";"wikidata";""
1014;1124204;"Robert Bahar";"hombre";"tmdb";"US";"wikidata";""
1015;2627397;"Augusto Sinay";"hombre";"tmdb";"AR";"tmdb_heuristico";""
1016;100833;"Tomás Aznar";"hombre";"tmdb";"";"";""
1017;1395595;"Burnin' Percebes";"";"";"";"";""
1018;1295651;"Pau Teixidor";"hombre";"wikidata";"";"";""
1019;1084018;"José Luis Acosta";"hombre";"tmdb";"ES";"wikidata";""
1020;1421242;"Miguel Llansó";"hombre";"tmdb";"ES";"wikidata";""
1021;1058959;"Amaia Merino";"mujer";"tmdb";"ES";"tmdb_heuristico";""
1022;1402426;"Fernando Bernués";"hombre";"wikidata";"ES";"wikidata";""
1023;1533451;"Laura Baumeister";"mujer";"manual";"NI";"manual";""
1024;588636;"Marta Nieto";"mujer";"tmdb";"ES";"tmdb_heuristico";""
1025;1110423;"Chiqui Carabante";"hombre";"wikidata";"ES";"wikidata";""
1026;6015089;"Paula Palacios";"";"";"";"";""
1027;105241;"Jesús del Cerro";"hombre";"tmdb";"ES";"tmdb_heuristico";""
1028;4180469;"Lucía Muñoz Lucena";"";"";"";"";""
1029;1866952;"Juanma Villar Betancort";"hombre";"manual";"ES";"manual";""
1030;1529816;"Paolo Marinou-Blanco";"hombre";"wikidata";"US";"tmdb_heuristico";""
1031;1490618;"Kike Narcea";"";"";"";"";""
1032;1929029;"Helin Çelik";"mujer";"wikidata";"TR";"wikidata";""
1033;2212104;"María Trénor";"mujer";"tmdb";"";"";""
1034;588816;"Carlos Therón Sánchez";"hombre";"tmdb";"ES";"tmdb_heuristico";""
1035;106779;"Albertina Carri";"mujer";"tmdb";"AR";"tmdb_heuristico";""
1036;3947595;"Xavier Esteban Casas";"";"";"";"";""
1037;2452476;"Andrés Sanz Vicente";"hombre";"tmdb";"";"";""
1038;534920;"Julián Pastor";"hombre";"tmdb";"MX";"tmdb_heuristico";""
1039;4102306;"Rocío Mesa";"";"";"";"";""
1040;1986797;"Estefanía Cortes";"";"";"";"";""
1041;229765;"Mariano Ozores Puchol";"hombre";"tmdb";"ES";"tmdb_heuristico";""
1042;1835761;"Gustavo Hernández";"hombre";"manual";"UY";"manual";""
1043;1557040;"Belén Funes";"mujer";"tmdb";"ES";"tmdb_heuristico";""
1044;1068859;"Carlos Agulló";"hombre";"wikidata";"ES";"wikidata";""
1045;2452489;"Daniel M. Caneiro";"";"";"";"";""
1046;2391077;"Gala Gracia";"mujer";"tmdb";"";"";""
1047;6224543;"Javier Vila";"";"";"";"";""
1048;3538425;"Álex Galán";"";"";"";"";""
1049;4808377;"Carmen Jiménez";"";"";"";"";""
1050;2543427;"Meri Collazos Solà";"";"";"";"";""
1051;140853;"Chema de la Peña";"hombre";"tmdb";"ES";"wikidata";""
1052;2428296;"Antonio García Jimenez";"";"";"";"";""
1053;1427769;"Cristina Martín Barcelona";"";"";"";"";""
1054;1427771;"Maria José Martín Barcelona";"";"";"";"";""
1055;1444067;"Nuno Beato";"hombre";"tmdb";"PT";"tmdb_heuristico";""
1056;987581;"Manane Rodríguez";"mujer";"tmdb";"UY";"tmdb_heuristico";""
1057;1050114;"Dane Komljen";"hombre";"tmdb";"";"";""
1058;1340863;"Patricia Ortega";"mujer";"wikidata";"VE";"wikidata";""
1059;125209;"Pilar Miró";"mujer";"tmdb";"ES";"tmdb_heuristico";""
1060;3044913;"Sabela Iglesias";"";"";"";"";""
1061;3021521;"Violeta Salama";"";"";"";"";""
1062;1285538;"Luis López Carrasco";"hombre";"tmdb";"ES";"tmdb_heuristico";""
1063;1639587;"Guillermo Rojas";"";"";"";"";""
1064;5208044;"JAGC Labella";"";"";"";"";""
1065;586024;"Bernabé Rico";"hombre";"tmdb";"ES";"tmdb_heuristico";""
1066;944482;"Javier Rebollo";"hombre";"tmdb";"ES";"tmdb_heuristico";""
1067;1839278;"Guillem Miró";"";"";"";"";""
1068;2383780;"Anna Giralt Gris";"mujer";"wikidata";"ES";"wikidata";""
1069;131532;"J.J. Perry";"hombre";"tmdb";"US";"wikidata";""
1070;79282;"Antonio Chavarrías";"hombre";"tmdb";"ES";"tmdb_heuristico";""
1071;5515313;"Santiago Suárez Baldrís";"";"";"";"";""
1072;1731588;"Santiago Fillol";"hombre";"manual";"AR";"manual";""
1073;1069344;"Pablo Malo";"hombre";"tmdb";"ES";"wikidata";""
1074;3675521;"Chedey Reyes";"";"";"";"";""
1075;6320671;"Antonio Morales";"";"";"";"";""
1076;5052612;"Reyes Gallegos";"mujer";"tmdb";"";"";""
1077;3433442;"Lexeia Larrañaga";"";"";"";"";""
1078;2425118;"Jordi Núñez";"hombre";"tmdb";"";"";""
1079;2168402;"Maider Oleaga";"mujer";"tmdb";"ES";"tmdb_heuristico";""
1080;76093;"Carmen Chaplin";"mujer";"tmdb";"GB";"tmdb_heuristico";""
1081;1074938;"Alberto Morais";"hombre";"wikidata";"ES";"wikidata";""
1082;2955663;"Ferran Ureña";"";"";"";"";""
1083;1030532;"Álvaro García-Capelo";"";"";"";"";""
1084;1381181;"Eneko Olasagasti";"hombre";"wikidata";"ES";"wikidata";""
1085;2282004;"David Berraondo";"hombre";"manual";"ES";"manual";""
1086;2872919;"Celia Viada Caso";"";"";"";"";""
1087;1032968;"Angelino Fons";"hombre";"wikidata";"ES";"wikidata";""
1088;1364130;"María Pérez Sanz";"mujer";"tmdb";"ES";"wikidata";""
1089;36632;"Juan Diego Botto";"hombre";"tmdb";"AR";"tmdb_heuristico";""
1090;5544451;"Ainhoa Rodríguez";"";"";"";"";""
1091;588828;"Javier Mariscal";"hombre";"tmdb";"ES";"tmdb_heuristico";""
1092;1027164;"Ventura Durall";"hombre";"tmdb";"";"";""
1093;5368505;"Carles Cúbos Serra";"";"";"";"";""
1094;2903418;"Alberto Martín Menacho";"";"";"";"";""
1095;5115816;"Miguel Ángel Alonso";"";"";"";"";""
1096;5209434;"José Luis López";"hombre";"manual";"";"manual";""
1097;1925365;"Pau Cruanyes Garrell";"";"";"";"";""
1098;1925366;"Gerard Vidal Barrena";"hombre";"tmdb";"";"";""
1099;95528;"Pablo Berger";"hombre";"tmdb";"ES";"tmdb_heuristico";""
1100;5948658;"Carla Pereira";"";"";"";"";""
1101;2385196;"Juan Fran Jacinto";"";"";"";"";""
1102;3370605;"Lucía Tello Díaz";"";"";"";"";""
1103;1106176;"Pau Durà";"hombre";"tmdb";"ES";"tmdb_heuristico";""
1104;2192826;"Venci Kostov";"hombre";"tmdb";"";"";""
1105;37948;"Brad Anderson";"hombre";"tmdb";"US";"tmdb_heuristico";""
1106;1813980;"Laura Ferrés";"mujer";"tmdb";"ES";"tmdb_heuristico";""
1107;2394333;"Giovanna Ribes";"";"";"";"";""
1108;1527814;"Alfredo Navarro";"hombre";"wikidata";"ES";"wikidata";""
1109;5070921;"Sergio Montero Fernández";"";"";"";"";""
1110;5070916;"Asur Fuente";"";"";"";"";""
1111;1185975;"Pablo Hernando";"hombre";"tmdb";"ES";"tmdb_heuristico";""
1112;1222013;"Lucas Figueroa";"hombre";"wikidata";"";"";""
1113;2000740;"Helena Bengoetxea";"";"";"";"";""
1114;1068351;"Vicente Bonet";"hombre";"tmdb";"ES";"tmdb_heuristico";""
1115;933277;"Aitor Merino";"hombre";"tmdb";"ES";"wikidata";""
1116;1527323;"Antonio Palacios";"hombre";"tmdb";"ES";"wikidata";""
1117;51899;"Elena Ruiz";"mujer";"tmdb";"ES";"tmdb_heuristico";""
1118;4034117;"Xavi Torres";"hombre";"wikidata";"ES";"wikidata";""
1119;2086327;"Jorge Alonso";"";"";"";"";""
1120;4712711;"Pablo Lozano";"";"";"";"";""
1121;6086798;"Enrique García";"";"";"";"";""
1122;105153;"Vicente Aranda";"hombre";"tmdb";"ES";"tmdb_heuristico";""
1123;1036769;"Pedro Pérez Rosado";"hombre";"tmdb";"ES";"tmdb_heuristico";""
1124;2303;"Wim Wenders";"hombre";"tmdb";"DE";"tmdb_heuristico";""
1125;1058288;"Rubén Rojo Aura";"hombre";"tmdb";"MX";"wikidata";""
1126;3235428;"Aitor González de Langarica Mendizabal";"hombre";"tmdb";"";"";""
1127;1019690;"Ignacio Vilar";"hombre";"wikidata";"ES";"wikidata";""
1128;5122409;"Francisco Javier Fernández Bordonada";"hombre";"tmdb";"ES";"tmdb_heuristico";""
1129;37950;"Carlos Fernández";"hombre";"tmdb";"ES";"tmdb_heuristico";""
1130;72891;"Amando de Ossorio";"hombre";"tmdb";"ES";"tmdb_heuristico";""
1131;5943046;"David Perea";"";"";"";"";""
1132;3027686;"María Montoya";"";"";"";"";""
1133;1856993;"Roya Sadat";"mujer";"tmdb";"AF";"tmdb_heuristico";""
1134;2290446;"Nicolás Pacheco";"";"";"";"";""
1135;932161;"Albert Serra";"hombre";"tmdb";"ES";"tmdb_heuristico";""
1136;565852;"Antonio Giménez Rico";"hombre";"tmdb";"ES";"tmdb_heuristico";""
1137;936180;"Santiago Tabernero";"hombre";"tmdb";"ES";"wikidata";""
1138;2234399;"Agustín Rubio";"";"";"";"";""
1139;5660353;"Eduardo Díaz";"";"";"";"";""
1140;4046621;"Bruno Arias";"";"";"";"";""
1141;1013011;"Marc Recuenco";"hombre";"wikidata";"";"";""
1142;4567157;"Raul Guardans";"";"";"";"";""
1143;1091827;"Diego Yaker";"hombre";"manual";"AR";"manual";""
1144;2661260;"Mònica Cambra";"mujer";"manual";"ES";"manual";""
1145;3960226;"Ariadna Fortuny";"mujer";"manual";"ES";"manual";""
1146;4580248;"Ignacio Ortega Campos";"";"";"";"";""
1147;4580247;"Enrique Iznaola Gómez";"";"";"";"";""
1148;148084;"Alfonso Albacete";"hombre";"wikidata";"ES";"wikidata";""
1149;148772;"Miguel Bardem";"hombre";"tmdb";"ES";"tmdb_heuristico";""
1150;260050;"David Menkes";"hombre";"tmdb";"ES";"tmdb_heuristico";""
1151;1098969;"Renate Costa";"mujer";"tmdb";"PY";"tmdb_heuristico";""
1152;1403211;"Daniel Diosdado";"";"";"";"";""
1153;87014;"Marcelo Piñeyro";"hombre";"tmdb";"AR";"tmdb_heuristico";""
1154;90694;"Gillo Pontecorvo";"hombre";"tmdb";"IT";"tmdb_heuristico";""
1155;2591139;"Miguel A. Hdez. Arango";"";"";"";"";""
1156;1487183;"Iñaki Alforja";"hombre";"wikidata";"";"";""
1157;2218256;"Iban Toledo Ibañez";"";"";"";"";""
1158;2929692;"Jon Viar";"hombre";"manual";"ES";"manual";""
1159;1774363;"Mounia Akl";"mujer";"tmdb";"LB";"tmdb_heuristico";""
1160;1037809;"Judith Colell";"mujer";"tmdb";"ES";"tmdb_heuristico";""
1161;1149058;"Paco R. Baños";"";"";"";"";""
1162;3774850;"Clara Serrano Llorens";"";"";"";"";""
1163;3774884;"Gerard Simó Gimeno";"";"";"";"";""
1164;1122195;"Basilio Martín Patino";"hombre";"tmdb";"ES";"tmdb_heuristico";""
1165;3992581;"Pablo Lago Dantas";"";"";"";"";""
1166;974958;"Eva Lesmes";"mujer";"tmdb";"ES";"tmdb_heuristico";""
1167;1608290;"Enrique Otero";"hombre";"wikidata";"ES";"wikidata";""
1168;1157587;"David Baute";"hombre";"manual";"ES";"manual";""
1169;5371432;"Helena Girón";"mujer";"manual";"ES";"manual";""
1170;1539731;"Samuel M. Delgado";"hombre";"tmdb";"ES";"tmdb_heuristico";""
1171;3302463;"Santi Trullenque";"";"";"";"";""
1172;3935002;"Juli Suárez";"";"";"";"";""
1173;4104751;"J. Echeverría-Torres";"";"";"";"";""
1174;1974726;"Jesus Garces Lambert";"";"";"";"";""
1175;5940441;"Elisa Ferrer";"";"";"";"";""
1176;1168983;"Juan Manuel Chumilla-Carbajosa";"";"";"";"";""
1177;3050528;"Iñaki Sánchez Arrieta";"";"";"";"";""
1178;1031887;"Jesús Pascual";"hombre";"wikidata";"ES";"wikidata";""
1179;1891934;"Miguel Ángel Delgado";"";"";"";"";""
1180;1073834;"Antonio Méndez Esparza";"hombre";"wikidata";"ES";"wikidata";""
1181;1079506;"Luis Ortega";"hombre";"tmdb";"AR";"tmdb_heuristico";""
1182;5526728;"Pepe Martínez";"";"";"";"";""
1183;28503;"Luis Miñarro";"hombre";"tmdb";"ES";"wikidata";""
1184;2500576;"Pablo García Sanz";"hombre";"wikidata";"ES";"wikidata";""
1185;1116672;"Chelo Loureiro";"mujer";"tmdb";"ES";"tmdb_heuristico";""
1186;5220528;"Arantzazu Gomez Bayon";"";"";"";"";""
1187;5061269;"Zeltia Outeiriño González";"";"";"";"";""
1188;1782358;"Jabi Elortegi";"hombre";"tmdb";"ES";"wikidata";""
1189;1030542;"Diego Galán";"hombre";"tmdb";"MA";"tmdb_heuristico";""
1190;1263121;"Chema García Ibarra";"hombre";"tmdb";"ES";"wikidata";""
1191;586103;"Luiso Berdejo";"hombre";"tmdb";"ES";"tmdb_heuristico";""
1192;1974980;"Pablo García Canga";"";"";"ES";"tmdb_heuristico";""
1193;1489750;"Dani de la Torre";"hombre";"tmdb";"ES";"tmdb_heuristico";""
1194;118303;"Nacho Vigalondo";"hombre";"tmdb";"ES";"tmdb_heuristico";""
1195;1074534;"Rubén Riós";"hombre";"wikidata";"ES";"wikidata";""
1196;3268460;"Marc Sempere-Moya";"";"";"";"";""
1197;1708908;"Leire Apellániz";"mujer";"tmdb";"";"";""
1198;980972;"Liz Lobato";"mujer";"tmdb";"ES";"tmdb_heuristico";""
1199;3536688;"Miguel García de la Calera";"hombre";"manual";"ES";"manual";""
1200;2551308;"Toño López";"";"";"";"";""
1201;1634868;"José Manuel Colón";"hombre";"manual";"ES";"manual";""
1202;1835536;"Fèlix Colomer Vallès";"";"";"";"";""
1203;1715633;"Emma Tusell";"";"";"";"";""
1204;4536518;"Juan Albarracín";"hombre";"tmdb";"ES";"tmdb_heuristico";""
1205;1817389;"Cristóbal Fernández";"hombre";"tmdb";"ES";"tmdb_heuristico";""
1206;2092671;"Ana Schulz";"";"";"";"";""
1207;1584517;"Laura Casabé";"mujer";"tmdb";"AR";"tmdb_heuristico";""
1208;1677883;"Juanjo Moscardó Rius";"hombre";"tmdb";"";"";""
1209;2252573;"Suso Imbernón";"";"";"";"";""
1210;15189;"Michelangelo Antonioni";"hombre";"tmdb";"IT";"tmdb_heuristico";""
1211;3206056;"Juanjo Elordi";"";"";"";"";""
1212;1670267;"Álex Quiroga";"hombre";"tmdb";"ES";"wikidata";""
1213;2732692;"David Aymerich";"hombre";"tmdb";"";"";""
1214;1521343;"Laia Manresa";"";"";"";"";""
1215;1161118;"Miguel Ángel Blanca";"hombre";"tmdb";"ES";"tmdb_heuristico";""
1216;1598657;"Marc Crehuet";"hombre";"tmdb";"ES";"wikidata";""
1217;5500234;"Jenifer de la Rosa Martín";"mujer";"manual";"ES";"manual";""
1218;1092191;"Maru Solores";"mujer";"wikidata";"ES";"wikidata";""
1219;2021353;"Diego Céspedes";"hombre";"tmdb";"CL";"tmdb_heuristico";""
1220;233912;"Álvaro Brechner";"hombre";"tmdb";"UY";"tmdb_heuristico";""
1221;1475602;"Virginia García del Pino";"mujer";"tmdb";"ES";"wikidata";""
1222;3578728;"Andrea Bagney";"mujer";"tmdb";"ES";"tmdb_heuristico";""
1223;2879337;"Guillermo Polo";"";"";"";"";""
1224;1502664;"Clara Roquet";"mujer";"tmdb";"ES";"wikidata";""
1225;2829097;"Ceres Machado";"";"";"";"";""
1226;3776173;"Nacho A. Villar";"";"";"";"";""
1227;3776171;"Luis Rojo";"";"";"";"";""
1228;4149420;"Jeniffer Castañeda García";"";"";"";"";""
1229;31328;"Diego Cagide";"hombre";"manual";"ES";"manual";""
1230;3626927;"Diego Lucero";"hombre";"manual";"AR";"manual";""
1231;1204229;"Mireia Gabilondo";"mujer";"tmdb";"ES";"tmdb_heuristico";""
1232;1717771;"Manuel Menchón";"";"";"";"";""
1233;1368643;"Nacho Ruipérez";"hombre";"wikidata";"ES";"wikidata";""
1234;87081;"Dave McKean";"hombre";"tmdb";"GB";"tmdb_heuristico";""
1235;1263877;"Jorge Dorado";"hombre";"tmdb";"ES";"tmdb_heuristico";""
1236;3211714;"Héctor Domínguez-Viguera";"";"";"";"";""
1237;2294210;"Carlos Mora";"";"";"";"";""
1238;3211717;"Gonzalo Recio";"";"";"";"";""
1239;2875084;"José Luis Rancaño";"";"";"";"";""
1240;1300690;"Laura Alvea";"mujer";"tmdb";"ES";"tmdb_heuristico";""
1241;3627;"Paz Vega";"mujer";"tmdb";"ES";"tmdb_heuristico";""
1242;2746034;"David Pallarés";"";"";"";"";""
1243;2267430;"Oier Aranzabal";"";"";"";"";""
1244;3258609;"Ritxi Lizartza";"";"";"";"";""
1245;2685948;"Alberto Gracia";"";"";"";"";""
1246;1882738;"Guille Cascante";"";"";"";"";""
1247;4359093;"Elena Escura";"mujer";"tmdb";"ES";"tmdb_heuristico";""
1248;2359816;"Aitor López de Aberásturi";"";"";"";"";""
1249;1122297;"Carla Subirana";"mujer";"wikidata";"ES";"wikidata";""
1250;933695;"Helena Taberna";"mujer";"tmdb";"ES";"tmdb_heuristico";""
1251;1030486;"Jordi Roigé";"hombre";"wikidata";"ES";"wikidata";""
1252;1712702;"Sadrac González-Perellón";"hombre";"tmdb";"ES";"tmdb_heuristico";""
1253;1528754;"Carlota Nelson";"";"";"";"";""
1254;3341404;"Aurelio Domínguez";"";"";"";"";""
1255;1157455;"Alfonso Domingo";"";"";"";"";""
1256;2416063;"Twiggy Hirota";"mujer";"tmdb";"";"";""
1257;1157454;"Andrés Linares";"";"";"";"";""
1258;2416073;"Daniel Quiñones";"hombre";"tmdb";"";"";""
1259;1050509;"Jesús Font";"hombre";"tmdb";"ES";"tmdb_heuristico";""
1260;5652192;"Guillermo F. Flórez";"";"";"";"";""
1261;37513;"Iván Zulueta";"hombre";"tmdb";"ES";"tmdb_heuristico";""
1262;1805350;"Ibai Abad";"hombre";"tmdb";"ES";"tmdb_heuristico";""
1263;4169011;"Antonina Obrador";"";"";"";"";""
1264;1802332;"Adrián Orr";"hombre";"tmdb";"";"";""
1265;1422671;"Hèctor Hernández Vicens";"hombre";"tmdb";"ES";"tmdb_heuristico";""
1266;3184905;"Carol Polakoff";"";"";"";"";""
1267;5377723;"Josep T.París";"";"";"";"";""
1268;1483444;"Isabel Herguera";"mujer";"tmdb";"ES";"tmdb_heuristico";""
1269;4180730;"Rubén Casas Oché";"";"";"";"";""
1270;2748187;"Yaiza De Lamo";"";"";"";"";""
1271;5123460;"Mar Nantas";"";"";"";"";""
1272;1102394;"Iñaki Elizalde";"hombre";"wikidata";"ES";"wikidata";""
1273;1657533;"Klaudia Reynicke";"mujer";"tmdb";"PE";"tmdb_heuristico";""
1274;5548470;"Alejandro Andrade Pease";"hombre";"manual";"PE";"manual";""
1275;1111138;"Marçal Forés";"hombre";"tmdb";"ES";"tmdb_heuristico";""
1276;1181192;"Victor Iriarte";"";"";"";"";""
1277;236536;"Ana Asensio";"mujer";"tmdb";"ES";"tmdb_heuristico";""
1278;2109392;"Vanesa Benitez Zamora";"";"";"";"";""
1279;3180196;"Raúl Cuevas";"";"";"";"";""
1280;3020416;"Nuria Giménez";"";"";"";"";""
1281;1618032;"Carlos Solano";"hombre";"tmdb";"ES";"tmdb_heuristico";""
1282;1074571;"Ángel Amigo";"hombre";"wikidata";"ES";"wikidata";""
1283;2944291;"Joan Bofill";"";"";"";"";""
1284;2348089;"Efthymia Zymvragaki";"";"";"";"";""
1285;1719986;"Victor Nores";"";"";"";"";""
1286;3683881;"David Moncasi";"";"";"";"";""
1287;4572706;"Laura Herrero Garvín";"mujer";"manual";"ES";"manual";""
1288;1415400;"Àngel Leiro";"hombre";"wikidata";"ES";"wikidata";""
1289;226485;"Airy Maragall";"";"";"";"";""
1290;43330;"Ventura Pons";"hombre";"tmdb";"ES";"tmdb_heuristico";""
1291;2285185;"Paloma Zapata";"";"";"";"";""
1292;4582221;"Miguel Olid";"";"";"";"";""
1293;2268379;"Carlos Pardo Ros";"";"";"";"";""
1294;1012105;"Mikel Rueda";"hombre";"tmdb";"ES";"tmdb_heuristico";""
1295;4654036;"Nora Haddad";"";"";"";"";""
1296;1524680;"Alba Cros";"mujer";"tmdb";"ES";"wikidata";""
1297;84676;"Martín Mauregui";"hombre";"tmdb";"AR";"tmdb_heuristico";""
1298;935102;"Marco Berger";"hombre";"tmdb";"AR";"tmdb_heuristico";""
1299;5614586;"Carlos Velasco";"";"";"";"";""
1300;2193215;"Enric Ribes";"";"";"";"";""
1301;1459422;"Carolina Astudillo Muñoz";"mujer";"tmdb";"ES";"tmdb_heuristico";""
1302;1563000;"Teodoro Ríos";"";"";"";"";""
1303;1319117;"Santiago Ríos";"hombre";"wikidata";"ES";"wikidata";""
1304;3109392;"Mikel Gurrea";"hombre";"tmdb";"ES";"tmdb_heuristico";""
1305;4110374;"Macu Machín";"";"";"";"";""
1306;978909;"Álvaro Begines";"hombre";"wikidata";"";"";""
1307;3731035;"Bego Zubia Gallastegi";"";"";"";"";""
1308;1317749;"David Desola";"hombre";"manual";"ES";"manual";""
1309;1172340;"Alejandro Alvarado";"";"";"";"";""
1310;1172339;"Concha Barquero";"";"";"";"";""
1311;942682;"Blanca Torres";"mujer";"tmdb";"MX";"tmdb_heuristico";""
1312;4733569;"Tuti Fernández";"";"";"";"";""
1313;5443562;"Iñaki Alforja Sagone";"";"";"";"";""
1314;3933477;"Juanma Sayalonga";"hombre";"tmdb";"";"";""
1315;1276994;"David Sainz";"hombre";"tmdb";"ES";"tmdb_heuristico";""
1316;5151190;"Álex San Martín";"";"";"";"";""
1317;37497;"Pere Portabella";"hombre";"tmdb";"ES";"tmdb_heuristico";""
1318;1172468;"Alessandro Pugno";"hombre";"wikidata";"IT";"wikidata";""
1319;8452;"Andrei Tarkovsky";"hombre";"tmdb";"";"";""
1320;893;"Tony Scott";"hombre";"tmdb";"GB";"tmdb_heuristico";""
1321;94011;"Bill Melendez";"hombre";"tmdb";"MX";"tmdb_heuristico";""
1322;225009;"Pablo Larraín";"hombre";"tmdb";"CL";"tmdb_heuristico";""
1323;59521;"Jaume Collet Serra";"hombre";"tmdb";"ES";"tmdb_heuristico";""
1324;9281;"Elizabeth Banks";"mujer";"tmdb";"US";"tmdb_heuristico";""
1325;1450348;"Joel Crawford";"hombre";"tmdb";"US";"tmdb_heuristico";""
1326;52115;"Scott Moore";"hombre";"tmdb";"US";"wikidata";""
1327;52114;"Jon Lucas";"hombre";"tmdb";"US";"tmdb_heuristico";""
1328;17051;"James Franco";"hombre";"tmdb";"US";"tmdb_heuristico";""
1329;1179829;"Bruce Thierry Cheung";"hombre";"tmdb";"";"";""
1330;1305618;"Mohamed Fekrane";"hombre";"tmdb";"FR";"tmdb_heuristico";""
1331;34792;"Miki Molina";"hombre";"tmdb";"ES";"tmdb_heuristico";""
1332;1192027;"Chus Domínguez";"hombre";"tmdb";"ES";"tmdb_heuristico";""
1333;2792317;"Inma Álvarez";"";"";"";"";""
1334;2809161;"Lander Garro";"";"";"";"";""
1335;2837162;"Teresa Carril";"mujer";"tmdb";"ES";"tmdb_heuristico";""
1336;2837161;"Diego Lillo";"";"";"";"";""
1337;2861220;"Cristina Fernández Pintado";"mujer";"tmdb";"ES";"tmdb_heuristico";""
1338;1273136;"Miguel Llorens";"hombre";"wikidata";"";"";""
1339;154865;"Sian Heder";"mujer";"tmdb";"US";"tmdb_heuristico";""
1340;2966848;"Guillermo Jiménez Carazo";"";"";"";"";""
1341;1891388;"Raquel Marques";"mujer";"tmdb";"PT";"tmdb_heuristico";""
1342;2717043;"Eduard Puertas";"";"";"";"";""
1343;2227558;"Célia Tocco";"mujer";"tmdb";"";"";""
1344;2227557;"Célia Tisserant";"";"";"";"";""
1345;1081309;"Arnaud Demuynck";"hombre";"tmdb";"BE";"tmdb_heuristico";""
1346;150330;"Alberto Fuguet";"hombre";"tmdb";"US";"wikidata";""
1347;3023537;"Álvaro Sanz";"";"";"";"";""
1348;932317;"Malgorzata Szumowska";"mujer";"tmdb";"PL";"tmdb_heuristico";""
1349;3054509;"Daniel Rodríguez Moya";"";"";"";"";""
1350;2150735;"Rafael R. Rafatal";"";"";"";"";""
1351;1636516;"Andrew Nethery";"";"";"";"";""
1352;3255902;"Ignacio Malagón";"hombre";"tmdb";"";"";""
1353;3264449;"Inés Toharia Terán";"";"";"";"";""
1354;1536853;"Manuel Jiménez Núñez";"";"";"";"";""
1355;2194963;"Serrana Torres";"";"";"";"";""
1356;1536852;"Tània Balló";"mujer";"tmdb";"ES";"tmdb_heuristico";""
1357;3475580;"Salva Ruiz";"";"";"";"";""
1358;1364853;"Sebastián Alfie";"hombre";"wikidata";"AR";"wikidata";""
1359;1302121;"Danny Garcia";"hombre";"tmdb";"";"";""
1360;231334;"Trine Piil Christensen";"mujer";"tmdb";"DK";"wikidata";""
1361;120600;"Seamus McNally";"hombre";"wikidata";"";"";""
1362;3571861;"Juan Carlos Gallardo";"hombre";"tmdb";"ES";"tmdb_heuristico";""
1363;1169066;"Pablo Llorca";"hombre";"wikidata";"ES";"wikidata";""
1364;2883609;"Martín de Marco";"";"";"";"";""
1365;2710787;"Emili Manzano";"";"";"";"";""
1366;3628968;"Claire Roquigny";"";"";"";"";""
1367;2465446;"Álex Dioscórides";"";"";"";"";""
1368;3629552;"Constança Amengual";"";"";"";"";""
1369;3629554;"Francesca Mas";"";"";"";"";""
1370;1184109;"David Pujol";"hombre";"wikidata";"ES";"wikidata";""
1371;1447517;"Ander Iriarte";"hombre";"wikidata";"";"";""
1372;2427035;"Yennifer Uribe Alzate";"mujer";"manual";"CO";"manual";""
1373;3731578;"Pere Puigbert";"";"";"";"";""
1374;2776046;"José Antonio Valera";"";"";"";"";""
1375;3800755;"Sílvia Subirós i Mercader";"";"";"";"";""
1376;3966942;"Roberto J. Oltra";"";"";"";"";""
1377;3851045;"Felipe Ravina";"";"";"";"";""
1378;3853887;"Javier Álvarez Solís";"";"";"";"";""
1379;3857574;"Ángel Filgueira";"";"";"";"";""
1380;3804439;"Rosalind Bain";"";"";"";"";""
1381;3989209;"David Beltrán i Marí";"hombre";"manual";"ES";"manual";""
1382;1053730;"Danyael Sugawara";"hombre";"wikidata";"JP";"wikidata";""
1383;3902639;"Dani Grandes";"";"";"";"";""
1384;2941585;"María Martín-Maestro";"";"";"";"";""
1385;3902643;"Albert Olivé";"";"";"";"";""
1386;3179151;"Tamara García Iglesias";"mujer";"tmdb";"";"";""
1387;1839292;"Xavi Herrero";"";"";"";"";""
1388;2567093;"Núria Abad";"";"";"";"";""
1389;2723186;"Marta Hierro";"";"";"";"";""
1390;2843637;"Lluís Prieto";"hombre";"tmdb";"";"";""
1391;2843638;"Toti Garcia";"";"";"";"";""
1392;4265797;"Luis Olano";"";"";"";"";""
1393;3124188;"Daniel Cabrero";"";"";"";"";""
1394;3781447;"Juan Moya";"";"";"";"";""
1395;1086353;"Matías Piñeiro";"hombre";"tmdb";"AR";"tmdb_heuristico";""
1396;4438287;"Miguel Morillo";"";"";"";"";""
1397;4461570;"Aurimas Valujavičius";"";"";"";"";""
1398;88552;"Jeremiah Kipp";"hombre";"tmdb";"";"";""
1399;2072469;"Ariadna Relea";"";"";"";"";""
1400;3528576;"Ricard Mamblona";"";"";"";"";""
1401;38919;"Tatiana Vialle";"mujer";"tmdb";"FR";"wikidata";""
1402;2875833;"Carlos Essmann";"";"";"";"";""
1403;1350504;"Gerald B. Fillmore";"hombre";"tmdb";"";"";""
1404;2472549;"Arturo Méndiz";"hombre";"manual";"ES";"manual";""
1405;4701879;"Ignasi Guerrero";"hombre";"manual";"ES";"manual";""
1406;1800952;"Pablo de la Chica";"";"";"";"";""
1407;1741528;"Candice Vernon";"";"";"";"";""
1408;4785863;"Pere Antoni Sastre";"";"";"";"";""
1409;3571802;"Sergi Miralles";"";"";"";"";""
1410;1048539;"Claudio Zulian";"hombre";"tmdb";"IT";"tmdb_heuristico";""
1411;1839308;"Julio Pérez del Campo";"";"";"";"";""
1412;1839307;"Carles Bover Martínez";"";"";"";"";""
1413;1400387;"Ernesto del Río";"hombre";"wikidata";"ES";"wikidata";""
1414;4635151;"Ezequiel Alvarez";"hombre";"tmdb";"AR";"tmdb_heuristico";""
1415;4958175;"Eloi R. Franquesa";"";"";"";"";""
1416;4921801;"Alan Nava";"hombre";"tmdb";"MX";"tmdb_heuristico";""
1417;5266892;"Jesús Manresa Puche";"";"";"";"";""
1418;1891414;"Iván Castiñeiras";"hombre";"tmdb";"";"";""
1419;4042174;"Vicente Navarro";"";"";"";"";""
1420;5279079;"Ligia Pájaro";"";"";"";"";""
1421;4358732;"Carlos Mera";"";"";"";"";""
1422;5321106;"Col·lectiu Espurnes";"";"";"";"";""
1423;3720146;"Mireia Labazuy";"mujer";"tmdb";"";"";""
1424;3703210;"Eva Picazo";"mujer";"tmdb";"ES";"tmdb_heuristico";""
1425;3774845;"Àlex Serra";"";"";"";"";""
1426;3774844;"Carla Sánchez";"";"";"";"";""
1427;3774889;"Clàudia Vila";"";"";"";"";""
1428;2807091;"Felipe Almendros";"";"";"";"";""
1429;1610792;"Ander Duque";"hombre";"tmdb";"ES";"tmdb_heuristico";""
1430;4826777;"Jana Montllor";"";"";"";"";""
1431;1821145;"Roser Corella";"mujer";"tmdb";"ES";"tmdb_heuristico";""
1432;5693723;"Pablo Villalobos Leal";"";"";"";"";""
1433;5624440;"Agustín Toranzo";"";"";"";"";""
1434;1041675;"Rolando Díaz";"hombre";"wikidata";"CU";"wikidata";""
1435;2195096;"Marisa Lafuente";"mujer";"tmdb";"ES";"tmdb_heuristico";""
1436;5866202;"Richard Zubelzu";"";"";"";"";""
1437;3861493;"Guillaume Klein";"";"";"";"";""
1438;6110259;"Soraya González Guerrero";"";"";"";"";""
1439;6255634;"Jacobo Sucari";"";"";"";"";""
1440;2371520;"Pedro Felipe Acosta";"";"";"";"";""
1441;"";"Iván López González";"";"";"";"";"Iván López González"
1442;"";"Gabi Ochoa";"";"";"";"";"Gabi Ochoa"
1443;"";"Teresa Soler Garrido";"";"";"";"";"Teresa Soler Garrido"
1444;"";"Albert Sanfeliu Rodríguez";"";"";"";"";"Albert Sanfeliu Rodríguez"
1445;"";"José M. Borrell";"";"";"";"";"José M. Borrell"
1446;"";"Emilio Fonseca Martín";"";"";"";"";"Emilio Fonseca Martín"
1447;"";"Anna Cornudella Castro";"";"";"";"";"Anna Cornudella Castro"
1448;"";"Albert Albacete Radalga";"";"";"";"";"Albert Albacete Radalga"
1449;"";"Asier Altuna Iza";"";"";"";"";"Asier Altuna Iza"
1450;"";"Lucas Moro";"";"";"";"";"Lucas Moro"
1451;"";"Josep M. Mañé";"";"";"";"";"Josep M. Mañé"
1452;"";"Pedro Luis Barbero Rodriguez";"";"";"";"";"Pedro Luis Barbero Rodriguez"
1453;"";"Vicente J. Martin Peran";"";"";"";"";"Vicente J. Martin Peran"
1454;"";"Lucía Alemany Compte";"";"";"";"";"Lucía Alemany Compte"
1455;"";"Jacques Fletcher";"";"";"";"";"Jacques Fletcher"
1456;"";"David Manuel Baute Gutiérrez";"";"";"";"";"David Manuel Baute Gutiérrez"
1457;"";"Maria Viadimirova";"";"";"";"";"Maria Viadimirova"
1458;"";"Kiril Serebrennikov";"";"";"";"";"Kiril Serebrennikov"
1459;"";"Jorge Sebastián Peña Martín";"";"";"";"";"Jorge Sebastián Peña Martín"
1460;"";"Sandra Rull Roca";"";"";"";"";"Sandra Rull Roca"
1461;"";"Sholeh Hejazi";"";"";"";"";"Sholeh Hejazi"
1462;"";"Julio Suárez Maireles";"";"";"";"";"Julio Suárez Maireles"
1463;"";"Carolina Rodríguez Colás";"";"";"";"";"Carolina Rodríguez Colás"
1464;"";"Moisés Romera";"";"";"";"";"Moisés Romera"
1465;"";"Carlos Martínez-Peñalver Mas";"";"";"";"";"Carlos Martínez-Peñalver Mas"
1466;"";"Óscar Parada";"";"";"";"";"Óscar Parada"
1467;"";"María Jesús Patricia Ferreira Mañá";"";"";"";"";"María Jesús Patricia Ferreira Mañá"
1468;"";"Iris Carballo";"";"";"";"";"Iris Carballo"
1469;"";"Vicente Villanueva Ribes";"";"";"";"";"Vicente Villanueva Ribes"
1470;"";"Fabián Darío Kritzer Crufermann";"";"";"";"";"Fabián Darío Kritzer Crufermann"
1471;"";"Jordi Rovira Prat";"";"";"";"";"Jordi Rovira Prat"
1472;"";"Antonio Fontales";"";"";"";"";"Antonio Fontales"
1473;"";"Judith Collel";"";"";"";"";"Judith Collel"
1474;"";"Violeta Trincado";"";"";"";"";"Violeta Trincado"
1475;"";"Pablo Moreno Hernández";"";"";"";"";"Pablo Moreno Hernández"
1476;"";"Jon Herranz Hernández";"";"";"";"";"Jon Herranz Hernández"
1477;"";"Rafa Sesa";"";"";"";"";"Rafa Sesa"
1478;"";"Marta Medina Del Valle";"";"";"";"";"Marta Medina Del Valle"
1479;"";"Sara Fantova Barrena";"";"";"";"";"Sara Fantova Barrena"
1480;"";"Emmanuel De Martino Y6712782q";"";"";"";"";"Emmanuel De Martino Y6712782q"
1481;"";"Alberte Mera García";"";"";"";"";"Alberte Mera García"
1482;"";"Albert Pons Cabanes";"";"";"";"";"Albert Pons Cabanes"
1483;"";"Xavier Lozano Casoliva";"";"";"";"";"Xavier Lozano Casoliva"
1484;"";"Anna Utrecht";"";"";"";"";"Anna Utrecht"
1485;"";"José María Borrell Balsells";"";"";"";"";"José María Borrell Balsells"
1486;"";"Emilio Martínez-Borso Legerén";"";"";"";"";"Emilio Martínez-Borso Legerén"
1487;"";"María Luisa Pujol";"";"";"";"";"María Luisa Pujol"
1488;"";"J. Taltavull";"";"";"";"";"J. Taltavull"
1489;"";"Alberto Pascual Rodríguez";"";"";"";"";"Alberto Pascual Rodríguez"
1490;"";"Ivet Castelo Torres";"";"";"";"";"Ivet Castelo Torres"
1491;"";"Iván Alarcón Mates";"";"";"";"";"Iván Alarcón Mates"
1492;"";"Borja Martínez-Echevarría";"";"";"";"";"Borja Martínez-Echevarría"
1493;"";"Francisco José Ortiz Pérez De León";"";"";"";"";"Francisco José Ortiz Pérez De León"
1494;"";"José Luis Hdez. Arango";"";"";"";"";"José Luis Hdez. Arango"
1495;"";"Juan Zavala Aizpurua";"";"";"";"";"Juan Zavala Aizpurua"
1496;"";"Paz Jiménez Díaz";"";"";"";"";"Paz Jiménez Díaz"
1497;"";"F.J. Fdez. Bordonada";"";"";"";"";"F.J. Fdez. Bordonada"
1498;"";"Marta Díaz De Lope Díaz Martín";"";"";"";"";"Marta Díaz De Lope Díaz Martín"
1499;"";"Antoni Verdaguer Serra";"";"";"";"";"Antoni Verdaguer Serra"
1500;"";"Cristopher Cartagena";"";"";"";"";"Cristopher Cartagena"
1501;"";"Miquel Eek";"";"";"";"";"Miquel Eek"
1502;"";"Fernando De Haro";"";"";"";"";"Fernando De Haro"
1503;"";"Gabriel Velazquetti";"";"";"";"";"Gabriel Velazquetti"
1504;"";"Manuel Matanza";"";"";"";"";"Manuel Matanza"
1505;"";"Joana Conill Amelivia";"";"";"";"";"Joana Conill Amelivia"
1506;"";"Lluís Carrizo Martínez";"";"";"";"";"Lluís Carrizo Martínez"
1507;"";"Francesc Alarcón";"";"";"";"";"Francesc Alarcón"
1508;"";"Miguel Perello Ferreres";"";"";"";"";"Miguel Perello Ferreres"
1509;"";"Santiago Segura (El De Las Cuatro Anteriores)";"";"";"";"";"Santiago Segura (El De Las Cuatro Anteriores)"
1510;"";"Miguel Ángel H. Arango";"";"";"";"";"Miguel Ángel H. Arango"
1511;"";"Mónica Del Rey Jordá (Art Al Quadrat)";"";"";"";"";"Mónica Del Rey Jordá (Art Al Quadrat)"
1512;"";"Gema Del Rey Jordá (Art Al Quadrat)";"";"";"";"";"Gema Del Rey Jordá (Art Al Quadrat)"
1513;"";"María Dolores Martín-Consuegra Martín-Fontecha";"";"";"";"";"María Dolores Martín-Consuegra Martín-Fontecha"
1514;"";"Salud García J-Centurión";"";"";"";"";"Salud García J-Centurión"
1515;"";"María Ripoll Julia";"";"";"";"";"María Ripoll Julia"
1516;"";"Víctor G. Villavieja";"";"";"";"";"Víctor G. Villavieja"
1517;"";"Marga Gutiérrez Díez";"";"";"";"";"Marga Gutiérrez Díez"
1518;"";"Bruno Martín Ojeda";"";"";"";"";"Bruno Martín Ojeda"
1519;"";"Dácil Manrique De Lara";"";"";"";"";"Dácil Manrique De Lara"
1520;"";"Jordi Mendive";"";"";"";"";"Jordi Mendive"
1521;"";"Esther Boyarizo";"";"";"";"";"Esther Boyarizo"
1522;"";"Berastegui; José Manuel";"";"";"";"";"Berastegui; José Manuel"
1523;"";"M. A. Romero";"";"";"";"";"M. A. Romero"
1524;"";"Francisco J. Vaquero Robustillo";"";"";"";"";"Francisco J. Vaquero Robustillo"
1525;"";"Ana Belén Gutiérrez";"";"";"";"";"Ana Belén Gutiérrez"
1526;"";"Alejandro Santaella Vera";"";"";"";"";"Alejandro Santaella Vera"
1527;"";"Isabel Martínez De Aragón";"";"";"";"";"Isabel Martínez De Aragón"
1528;"";"Simone G. Saibene";"";"";"";"";"Simone G. Saibene"
1529;"";"David Pujol Rusiñol";"";"";"";"";"David Pujol Rusiñol"
1530;"";"V. Checa";"";"";"";"";"V. Checa"
1531;"";"Jesús Lloveras Mora";"";"";"";"";"Jesús Lloveras Mora"
1532;"";"Pietro Ditano";"";"";"";"";"Pietro Ditano"
1533;"";"Francesc Montalt Matas";"";"";"";"";"Francesc Montalt Matas"
1534;"";"Marta Ferreras";"";"";"";"";"Marta Ferreras"
1535;"";"Carlos Saura Atarés";"";"";"";"";"Carlos Saura Atarés"
1536;"";"Jorge Arenillas Schnieper";"";"";"";"";"Jorge Arenillas Schnieper"
1537;"";"Arantza Santesteban Pérez";"";"";"";"";"Arantza Santesteban Pérez"
1538;"";"J D Alcázar";"";"";"";"";"J D Alcázar"
1539;"";"Carlos “Pocho” Villaverde";"";"";"";"";"Carlos “Pocho” Villaverde"
1540;"";"Eduardo Montero Saponi";"";"";"";"";"Eduardo Montero Saponi"
1541;"";"Ismael Gutiérrez Ruiz";"";"";"";"";"Ismael Gutiérrez Ruiz"
1542;"";"Pedro Rivero Aurre";"";"";"";"";"Pedro Rivero Aurre"
1543;"";"J.A. López Espinosa";"";"";"";"";"J.A. López Espinosa"
1544;"";"Jesús Segunda Unidad: Franco";"";"";"";"";"Jesús Segunda Unidad: Franco"
1545;"";"Enrique Barberá Peregrina";"";"";"";"";"Enrique Barberá Peregrina"
1546;"";"Daniel Fernández-Cañadas";"";"";"";"";"Daniel Fernández-Cañadas"
1547;"";"Andoni Canela Urizar";"";"";"";"";"Andoni Canela Urizar"
1548;"";"Josep Forteza-Rey";"";"";"";"";"Josep Forteza-Rey"
1549;"";"Guillem Cabra Cortés";"";"";"";"";"Guillem Cabra Cortés"
1550;"";"Mar Clapés Gutiérrez";"";"";"";"";"Mar Clapés Gutiérrez"
1551;"";"Vicente Tamarit Rius";"";"";"";"";"Vicente Tamarit Rius"
1552;"";"Juanda López";"";"";"";"";"Juanda López"
1553;"";"Vicente Martín Terán";"";"";"";"";"Vicente Martín Terán"
1554;"";"Cristina Martín (Lasdelcine)";"";"";"";"";"Cristina Martín (Lasdelcine)"
1555;"";"Maria José Martín (Lasdelcine)";"";"";"";"";"Maria José Martín (Lasdelcine)"
1556;"";"Ariadna Relea Ventura";"";"";"";"";"Ariadna Relea Ventura"
1557;"";"Fiorella Gianuzzi";"";"";"";"";"Fiorella Gianuzzi"
1558;"";"Miguel Romero Grayson";"";"";"";"";"Miguel Romero Grayson"
1559;"";"Rosana Marcos Cascón";"";"";"";"";"Rosana Marcos Cascón"
1560;"";"Rafael Muñoz Rodríguez";"";"";"";"";"Rafael Muñoz Rodríguez"
1561;"";"Carmen López Velasco";"";"";"";"";"Carmen López Velasco"
1562;"";"Pototo Díez";"";"";"";"";"Pototo Díez"
1563;"";"Jr Armadàs";"";"";"";"";"Jr Armadàs"
1564;"";"Fernando Arroyo Castilla";"";"";"";"";"Fernando Arroyo Castilla"
1565;"";"Natalia Hermida Gutierrez";"";"";"";"";"Natalia Hermida Gutierrez"
1566;"";"Eusebio Supervisión: Fernández Ardavín";"";"";"";"";"Eusebio Supervisión: Fernández Ardavín"
1567;"";"Ot Burgaya Balaguer";"";"";"";"";"Ot Burgaya Balaguer"
1568;"";"Roser Texidó";"";"";"";"";"Roser Texidó"
1569;"";"María S. Torregrosa";"";"";"";"";"María S. Torregrosa"
1570;"";"Santiago Cartujo";"";"";"";"";"Santiago Cartujo"
1571;"";"Theo Court Bustamante";"";"";"";"";"Theo Court Bustamante"
1572;"";"José Alberto Zúñiga";"";"";"";"";"José Alberto Zúñiga"
1573;"";"Gerard Bartomeu";"";"";"";"";"Gerard Bartomeu"
1574;"";"Miguel A. Guerra";"";"";"";"";"Miguel A. Guerra"
1575;"";"Sergio Sanus Vidal";"";"";"";"";"Sergio Sanus Vidal"
1576;"";"Álvaro F. Pulpeiro";"";"";"";"";"Álvaro F. Pulpeiro"
1577;"";"Antonella Sudasassi Furniss";"";"";"";"";"Antonella Sudasassi Furniss"
1578;"";"Miguel Vizcaíno Pellicer";"";"";"";"";"Miguel Vizcaíno Pellicer"
1579;"";"Oliver Riaza";"";"";"";"";"Oliver Riaza"
1580;"";"Jordi Turtós Orbañanos";"";"";"";"";"Jordi Turtós Orbañanos"
1581;"";"Emilio Juan Ruiz Barrachina";"";"";"";"";"Emilio Juan Ruiz Barrachina"
1582;"";"Sebastian Lelio Watt";"";"";"";"";"Sebastian Lelio Watt"
1583;"";"Carlos Vermut (Carlos López Del Rey)";"";"";"";"";"Carlos Vermut (Carlos López Del Rey)"
1584;"";"Vasileos Papatheocharis";"";"";"";"";"Vasileos Papatheocharis"
1585;"";"Carles Marqués-Marcet";"";"";"";"";"Carles Marqués-Marcet"
1586;"";"Jaime Roldán";"";"";"";"";"Jaime Roldán"
1587;"";"Pedro Parrado";"";"";"";"";"Pedro Parrado"
1588;"";"Juanba Berasategui";"";"";"";"";"Juanba Berasategui"
1589;"";"Pablo Iraburu Allegue";"";"";"";"";"Pablo Iraburu Allegue"
1590;"";"Marc Recha Batalle";"";"";"";"";"Marc Recha Batalle"
1591;"";"Carmen Perona Cabrera";"";"";"";"";"Carmen Perona Cabrera"
1592;"";"Cristina Ortega Blanco";"";"";"";"";"Cristina Ortega Blanco"
1593;"";"Patricia Franquesa Ruiz";"";"";"";"";"Patricia Franquesa Ruiz"
1594;"";"Jacobo Lagüela Castro";"";"";"";"";"Jacobo Lagüela Castro"
1595;"";"Heidi Villate Hassan";"";"";"";"";"Heidi Villate Hassan"
1596;"";"Miguel Caldito";"";"";"";"";"Miguel Caldito"
1597;"";"Carmen Gómez Peralta";"";"";"";"";"Carmen Gómez Peralta"
1598;"";"María Bestard";"";"";"";"";"María Bestard"
1599;"";"Iván Muñiz";"";"";"";"";"Iván Muñiz"
1600;"";"Antonio Gonzalo García";"";"";"";"";"Antonio Gonzalo García"
1601;"";"Irene Yagüe Herrero";"";"";"";"";"Irene Yagüe Herrero"
1602;"";"Ramon Manel Balagué Altadill";"";"";"";"";"Ramon Manel Balagué Altadill"
1603;"";"Elena María Molina Merino";"";"";"";"";"Elena María Molina Merino"
1604;"";"Belén Funes Giménez";"";"";"";"";"Belén Funes Giménez"
1605;"";"Miguel A. Llamas 'Pitu'";"";"";"";"";"Miguel A. Llamas 'Pitu'"
1606;"";"Paula Palacios Castaño";"";"";"";"";"Paula Palacios Castaño"
1607;"";"Odei A. Etxearte";"";"";"";"";"Odei A. Etxearte"
1608;"";"Sergio Oskman";"";"";"";"";"Sergio Oskman"
1609;"";"Cecilia Atán Fernández";"";"";"";"";"Cecilia Atán Fernández"
1610;"";"Valeria Pivato Quiroga";"";"";"";"";"Valeria Pivato Quiroga"
1611;"";"Sema D’Acosta";"";"";"";"";"Sema D’Acosta"
1612;"";"Pancho G. Matienzo";"";"";"";"";"Pancho G. Matienzo"
1613;"";"Adriana P. Villanueva";"";"";"";"";"Adriana P. Villanueva"
1614;"";"Iván Morales López";"";"";"";"";"Iván Morales López"
1615;"";"Josep Morell Feixa";"";"";"";"";"Josep Morell Feixa"
1616;"";"Marc Martínez Serrado";"";"";"";"";"Marc Martínez Serrado"
1617;"";"Guillem Sánchez Marín";"";"";"";"";"Guillem Sánchez Marín"
1618;"";"Laura Muñoz Liaño";"";"";"";"";"Laura Muñoz Liaño"
1619;"";"M. A. Calvo Buttini";"";"";"";"";"M. A. Calvo Buttini"
1620;"";"Martín G. Ramis";"";"";"";"";"Martín G. Ramis"
1621;"";"F.J.Fernández Bordonada";"";"";"";"";"F.J.Fernández Bordonada"
1622;"";"Telmo Esnal Illarramendi";"";"";"";"";"Telmo Esnal Illarramendi"
1623;"";"Xavier Vila Fonolleda";"";"";"";"";"Xavier Vila Fonolleda"
1624;"";"Jean Castejón Gilabert";"";"";"";"";"Jean Castejón Gilabert"
1625;"";"Jesús Muñóz García";"";"";"";"";"Jesús Muñóz García"
1626;"";"Santiago Padró Navarro";"";"";"";"";"Santiago Padró Navarro"
1627;"";"Diana Toucedo Crespo";"";"";"";"";"Diana Toucedo Crespo"
1628;"";"(Colaboran En La Produccion: España Francia Holanda Inglaterra)";"";"";"";"";"(Colaboran En La Produccion: España Francia Holanda Inglaterra)"
1629;"";"Paco Bech";"";"";"";"";"Paco Bech"
1630;"";"Andy Zancan Goron";"";"";"";"";"Andy Zancan Goron"
1631;"";"Víctor Cabaco Ordóñez";"";"";"";"";"Víctor Cabaco Ordóñez"
1632;"";"Manolo Vázquez Ramos";"";"";"";"";"Manolo Vázquez Ramos"
1633;"";"Imanol Sistiaga";"";"";"";"";"Imanol Sistiaga"
1634;"";"Miguel Saeta De La Torre";"";"";"";"";"Miguel Saeta De La Torre"
1635;"";"Antonio Cadenas Vidal";"";"";"";"";"Antonio Cadenas Vidal"
1636;"";"Nacho Sirera";"";"";"";"";"Nacho Sirera"
1637;"";"Ramón Lluís Bande Guerra";"";"";"";"";"Ramón Lluís Bande Guerra"
1638;"";"Marisol Picón";"";"";"";"";"Marisol Picón"
1639;"";"José A. Guerrero";"";"";"";"";"José A. Guerrero"
1640;"";"Miguel Ángel Rolland Jiménez";"";"";"";"";"Miguel Ángel Rolland Jiménez"
1641;"";"Pere Solés Bahi";"";"";"";"";"Pere Solés Bahi"
1642;"";"David Lara Hernández";"";"";"";"";"David Lara Hernández"
1643;"";"Aranzazu Gómez Bayón";"";"";"";"";"Aranzazu Gómez Bayón"
1644;"";"Alfonso Chaves León";"";"";"";"";"Alfonso Chaves León"
1645;"";"Tito Jara H";"";"";"";"";"Tito Jara H"
1646;"";"Juno Álvarez";"";"";"";"";"Juno Álvarez"
1647;"";"Juan Manuel Cotelo Oñate";"";"";"";"";"Juan Manuel Cotelo Oñate"
1648;"";"Carles Alberola Ortiz";"";"";"";"";"Carles Alberola Ortiz"
1649;"";"Omar Al Abdul Razzak Martínez";"";"";"";"";"Omar Al Abdul Razzak Martínez"
