"empresa_id";"nombre"
1;"100 Bares"
2;"13 E Movie, A.i.e. (01j8964)"
3;"15-l Films, S.l. (01j5578)"
4;"200 Wolf la Pelicula, A.i.e. (01j9676)"
5;"28f la Pelicula, A.i.e. (01j6982)"
6;"2iguales Films, S.l. (01j7016)"
7;"3 Doubles Producciones, S.l. (01j6714)"
8;"3000 Obstaculos, A.i.e. (01j8104)"
9;"3040 Cine, S.l. (01j8975)"
10;"32 Historias Producciones, S.l (01j5899)"
11;"34t"
12;"34t Cinema Ou"
13;"36 Caballos"
14;"39 Escalones Films Producciones, S.l. (01j7647)"
15;"39 Escalones Films, S.l. (01j7343)"
16;"4 A 4"
17;"4 Cats Pictures, S.l.u. (01j5613)"
18;"4a4 Productions"
19;"59 En Conserva, S.l. (01j4773)"
20;"601 Producciones Audiovisuales, S.l. (01j6753)"
21;"61 North"
22;"7 Springs Pictures"
23;"700 Pavos, A.i.e. (01j7124)"
24;"700g Films"
25;"80 Mundos"
26;"89 Productions"
27;"9am Media Lab"
28;"A Contracorriente Films, S.l. (01j4453)"
29;"A Contraluz Films, S.l. (01j2144)"
30;"A Este Lado de la Carretera, A.i.e. (01j6764)"
31;"A Film About Quiet Jazz, A.i.e. (01j7243)"
32;"A Moose In His Forties, S.l.u. (01j9333)"
33;"A Name Like This, S.l. (01j8304)"
34;"A Poco A Poco Producciones, S.l. (01j8141)"
35;"A Todo Tren 2 Lp, A.i.e. (01j8475)"
36;"A64 Films"
37;"Abacus, S. Coop. Catalana Limitada (01j8688)"
38;"Abanico Vision, S.l. (01j7000)"
39;"Abano Produccions, S.l. (01j4044)"
40;"Abbout Productions"
41;"Abra Prod, S.l. (01j2547)"
42;"Abrakam Estudio,s.l. (01j2123)"
43;"Abre Tu Mente, S.l. (01j6175)"
44;"Abuela Jon, S.l.u. (01j8850)"
45;"Abuela Tremenda, A.i.e. (01j10745)"
46;"Acaju Comunicacion Ambiental, S.l. (01j5768)"
47;"Acarino Films, S.l. (01j9359)"
48;"Acca Media, S.l. (01j5897)"
49;"Accion Films, Sa (01j538)"
50;"Acheloo Films, S.l. (01j5909)"
51;"Achtung Panda! Media"
52;"Acorn Studio, S.l. (01j8195)"
53;"Acronica Producciones, S.l (01j5895)"
54;"Activist 38"
55;"Acuerdos de Fluidos, A.i.e. (01j7555)"
56;"Adabaki Ekoizpenak Koop. Elk Txikia (01j6861)"
57;"Aday Entertainment, S.l. (01j9408)"
58;"Admirable Films, S.l. (01j7181)"
59;"Aelo Producciones, S.l. (01j11755)"
60;"Afrodita Audiovisual, A.i.e. (01j5160)"
61;"After The Summer, A.i.e. (01j8973)"
62;"Agallas Films, S.l. (01j5452)"
63;"Agata Films, S.a. (01j52)"
64;"Agenda 2030, S.l. (01j7363)"
65;"Agosto, la Película, A.i.e. (01j5995)"
66;"Aguacate & Calabaza, S.l. (01j7906)"
67;"Aguila Films, Sa (01j28)"
68;"Ah! Cine"
69;"Ainhoa Rodriguez Lopez (01f1863)"
70;"Ainhoa Urgoitia Santamaria (01f3675)"
71;"Aitor Echeverria Insausti (01f4275)"
72;"Aitor Lopez de Aberasturi (01f3630)"
73;"Aixerrota Films, S.l. (01j5704)"
74;"Ajimolido Films"
75;"Al Borde Films, S. Coop. Pequeña (01j6235)"
76;"Al Pati Produccions, S.l.u. (01j5824)"
77;"Alamar Cinema 161, A.i.e. (01j6673)"
78;"Alameda + Zamora"
79;"Alamo Audiovisual Cuarta Parte, A.i.e. (01j7496)"
80;"Alamo Audiovisual Quinta Parte, A.i.e. (01j7611)"
81;"Alamo Audiovisual, A. I. E. (01j6845)"
82;"Alamo Audiovisual, Segunda Parte, A.i.e. (01j7225)"
83;"Alamo Producciones Audiovisuales, S.l. (01j6728)"
84;"Alba María Calani Trell (01f4387)"
85;"Albella Audiovisual S.l. (01j4236)"
86;"Albena Produccions, S.l. (01j6563)"
87;"Albert Escuder Olondriz (01f3668)"
88;"Albert Naudin Bolibar (01f3741)"
89;"Alberto Gumersindo Plagaro Sanchez (01f2362)"
90;"Alberto José Redondo Villa (01f59727)"
91;"Alberto Pascual Rodriguez (01f2310)"
92;"Albinos la Película, A.i.e. (01j7802)"
93;"Alcaravan Films, A.i.e. (01j5841)"
94;"Alcarrás Films, A.i.e. (01j6953)"
95;"Alcazar Film Digital Services, S.l. (01j5270)"
96;"Aldudarrak Bideo (kanaldude)"
97;"Alebrije Cine y Video"
98;"Alegría Película, A.i.e. (01j7851)"
99;"Alejandro Odogherty Luy (01f60164)"
100;"Aleph Media"
101;"Alex Media Grupo S.l. (01j2258)"
102;"Alexandra Cinematografica"
103;"Alexandre Tremps Izquierdo (01f59270)"
104;"Alexfilm, A.i.e. (01j9732)"
105;"Alfonso Amador Viqueira (01f2938)"
106;"Alfonso Balcazar Granda (01f47)"
107;"Alfonso Chaves Leon (01f3379)"
108;"Alfonso Cortizo Vázquez (01f2843)"
109;"Alfonso Suarez Suarez (01f1572)"
110;"Alfredo Pedro Carrasco Alonso (01f4412)"
111;"Alguna Parte, A.i.e. (01j7957)"
112;"Alhaja Films, S.l. (01j9030)"
113;"Alhena Production, S.l (01j5472)"
114;"Alimañas, A.i.e. (01j8570)"
115;"Alina Film Sàrl"
116;"Aliwood Mediterraneo Producciones S.l. (01j4268)"
117;"All Go Movies Slu (01j6902)"
118;"Allmura Films, S.l. (01j1947)"
119;"Alma Cinema, A.i.e. (01j9696)"
120;"Alma Un Sueño Musical Aie (01j11046)"
121;"Almapícaracreaciones, S.l (01j10844)"
122;"Almena Films, Sa (01j476)"
123;"Almendros Blancos, A.i.e. (01j9042)"
124;"Alquimistas Producciones Audiovisuales, S.l. (01j4899)"
125;"Alta Films, S.a. (01j1349)"
126;"Alta Produccion, S.l. Unipersonal (01j1775)"
127;"Altahabana Films, S.l. (01j8444)"
128;"Altamira Entertainment, S.l. (01j3627)"
129;"Alternativas de Contenido,s.l. (01j8524)"
130;"Altiro Films"
131;"Altube Filmeak, S.l. (01j707)"
132;"Alumbramiento, A.i.e. (01j8313)"
133;"Alva Film Production"
134;"Alvaro Garcia Capelo Villalva (01f1244)"
135;"Alvaro Nuñez M. Maturana (01f109)"
136;"Alvaro Panadero Jimenez (01f3955)"
137;"Ama Movie, A.i.e. (01j7043)"
138;"Amalur Pictures, A.i.e. (01j7111)"
139;"Amanat Capital"
140;"Amanece Audiovisual, A.i.e. (01j8091)"
141;"Amania Films, S.l. (01j5253)"
142;"Amanita Films, S.c. (01j4734)"
143;"Amaranta Television, S.l. (01j10105)"
144;"Amateurfilms, S.l. (01j10025)"
145;"Amazon Alternative"
146;"Ambar Pictures, S.l. (01j8084)"
147;"Amboto P.c., S.l. (01j234)"
148;"Ambra Llibres, S.l. (01j5864)"
149;"American Road Films, S.l. (01j7426)"
150;"Amigos y Colmillos, A.i.e. (01j7169)"
151;"Amor En Vietnam, A.i.e. (01j6377)"
152;"Amor y Lujo, S.l. (01j6523)"
153;"Amorambre Films, S.l.u. (01j9316)"
154;"Amoros Producciones, S.l.u (01j4749)"
155;"Amplitud"
156;"Amuntesport, S.l. (01j6471)"
157;"Ana Barcos Artacho (01f4457)"
158;"Ana Belen Gutierrez Rodriguez (01f59508)"
159;"Anangu Grup, S.l.u. (01j7609)"
160;"Andarams"
161;"Andergraun Films, S.l. (01j2457)"
162;"Andres Sanjurjo Garcia (01f3759)"
163;"Anekumen Pelikula, A.i.e. (01j9718)"
164;"Anem Films,s.a. (01j520)"
165;"Anga Productions"
166;"Angle Production"
167;"Angular Producciones / Centro de Estudios Europa Hispanica"
168;"Animal de Luz Films"
169;"Animala Estudio Audiovisual, S.l. (01j10415)"
170;"Animanostra Cam Loa"
171;"Animaset Media I Comunicació, S.l. (01j7898)"
172;"Animation Bikes, A.i.e. (01j6022)"
173;"Animations Fabrik"
174;"Animatografo Produçao de Filmes"
175;"Anola Films, Sl (01j802)"
176;"Antea Films, Sa (01j668)"
177;"Antivaho Cinematográfico, S.l. (01j6886)"
178;"Antonello Novellino (01f3065)"
179;"Antonio Abeledo, S.l. (01j10665)"
180;"Antonio Aguilar Vicente (01f779)"
181;"Antonio Gil Aparicio (01f1532)"
182;"Antonio Meliveo Mena (01f2703)"
183;"Antonio Mira Martínez (01f59182)"
184;"Antonio Morales Rodriguez (01f3184)"
185;"Antonio Rodriguez Cabal (01f764)"
186;"Antonio Savinelli (01f3073)"
187;"Antumbra, S.l. (01j9913)"
188;"Antídoto Films, S.l. (01j8501)"
189;"Antón Álvarez Alfaro (01f59524)"
190;"Ap6 la Película, A.i.e. (01j9780)"
191;"Apache Films,s.l. (01j2597)"
192;"Apaches Entertainment, S.l. (01j4102)"
193;"Apaizak, A.i.e. (01j7504)"
194;"Apapacho Films"
195;"Apellaniz & de Sosa, S.l. (01j6848)"
196;"Apertura Films"
197;"Apocalipsis Producciones, S.l. (01j3895)"
198;"Apolo Films, S.l (01j6274)"
199;"Apostrophe Films"
200;"Aquel Verano Movie, A.i.e. (01j7010)"
201;"Aqui y Alli Films, S.l. (01j4935)"
202;"Aragones Media Consulting S.l. (01j2837)"
203;"Aralan Films, S.l. (01j2902)"
204;"Aramos Cine"
205;"Arbonaida Films & Arts, S.l. (01j6075)"
206;"Arcadia Motion Pictures, S.l. (01j2883)"
207;"Arcana Studio"
208;"Archipielago Indomito, S.l. (01j7237)"
209;"Arde Producciones"
210;"Arden Producciones, S.l. (01j7707)"
211;"Area Proyectos Audiovisuales y Culturales, S.l.u. (01j5204)"
212;"Arena Comunicacion Audiovisual, S.l. (01j2841)"
213;"Areta Investigacion, A.i.e. (01j6884)"
214;"Argentina Sonofilm"
215;"Argonauta Producciones, S.l. (01j2267)"
216;"Argot Films, S.l.u. (01j7714)"
217;"Ariadna Relea Ventura (01f3152)"
218;"Ariane & Garoe, Sl (01j5563)"
219;"Ariane Films, S.a.u. (01j851)"
220;"Ariel P.c./domiciana"
221;"Arlas Producciones Cinematograficas, A.i.e. (01j7128)"
222;"Arlong Productions, S.l. (01j7318)"
223;"Armageddon 2020, A.i.e. (01j8786)"
224;"Arnold Films, S.l. (01j8272)"
225;"Arpa Films, S.l. (01j5348)"
226;"Arraianos Producions, S.l. (01j6331)"
227;"Arriska, S.l. (01j2069)"
228;"Arte France Cinema"
229;"Arte Sonora Estudios, S.l. (01j3948)"
230;"Artecalavera, S.l. (01j7901)"
231;"Artedis"
232;"Artefacto Fílmico, S.l. (01j9634)"
233;"Artefacto Producciones Audiovisuales, S.l.n.e. (01j3551)"
234;"Arteman Komunikazioa Koop. E (01j5545)"
235;"Arthur Gordon, S.l. (01j9184)"
236;"Artistic Metropol, S.c.p. (01j5645)"
237;"Arturo Dueñas Herrero (01f2055)"
238;"Arturo Gonzalez Rodriguez (01f33)"
239;"Arturo Ignacio Prins López (01f2195)"
240;"Artworks No Panic We Are Here, S.l. (01j11023)"
241;"Asismaval, S.l. (01j6018)"
242;"Astra Studios, S.l. (01j6784)"
243;"Astrakan Films, S.l. (01j4053)"
244;"Atacama Productions"
245;"Atefilms Cía"
246;"Atekaleun, S.l. (01j7425)"
247;"Athos Pictures, A.i.e. (01j7548)"
248;"Atiende Films, S.l. (01j5695)"
249;"Atipica Films, S.l. (01j4335)"
250;"Atipik Frames, S.l. (01j10584)"
251;"Atlantia Media Producciones, S.l. (01j6614)"
252;"Atlantic Pictures, S.l. (01j7190)"
253;"Atlantico Films, S.l. (01j661)"
254;"Atlantika International Pictures, S.l. (01j9734)"
255;"Atrapasueños, S. Coop. Andaluza (01j9433)"
256;"Atrece Creaciones, S.l. (01j8294)"
257;"Atresmedia Cine, S.l. (01j2040)"
258;"Atresmedia Corporación de Medios de Comunicación, S.a. (01j1271)"
259;"Atrevida Producciones, S.l. (01j9275)"
260;"Atria Pictures, S.l. (01j9232)"
261;"Atrium Productions, S.a. (01j1055)"
262;"Audiovisual Don Quijote"
263;"Audiovisuales Icaic (inst. Cubano Arte Ind. Cine)"
264;"Audiovisuales Morvedre Sl (01j9367)"
265;"Audiovisuales del Monte S.l. (01j2301)"
266;"Augustus Color"
267;"Aula Abierta, S.a. (01j1588)"
268;"Auna Producciones, S.l.u. (01j8369)"
269;"Aundiya Film, A.i.e. (01j5976)"
270;"Aureal Theorem, S.l (01j6328)"
271;"Aurora Audiovisual, A.i.e. (01j9447)"
272;"Autour de Minuit"
273;"Avalon Productora Cinematografica, S.l. (01j3638)"
274;"Avanpost Media"
275;"Avanpost Medial"
276;"Avis Productions Nature Films, S.l. (01j6642)"
277;"Avisual Europe, S.l. (01j8808)"
278;"Axfilms"
279;"Azhar Media,s.l. (01j4546)"
280;"Azul Media Services 2016, S.l.u. (01j6459)"
281;"Babel Doc"
282;"Backup Studio"
283;"Bad Dogs Productions, S.l. (01j9983)"
284;"Badeamic"
285;"Bahia Carey"
286;"Bainet Teknika, S.a. (01j7306)"
287;"Bajo el Mismo Techo, A.i.e. (01j6658)"
288;"Balada Triste de Trompeta, A.i.e. (01j4690)"
289;"Balance Media Entertainment, S.l. (01j6656)"
290;"Baldr Film"
291;"Baleuko, S.l. (01j1536)"
292;"Ballenas y Hombres, A.i.e. (01j7923)"
293;"Bambu Producciones, S.l. (01j4282)"
294;"Bando À Parte"
295;"Banquete Films, S.l.u. (01j9728)"
296;"Barbazul la Pelicula, A.i.e. (01j9880)"
297;"Barcelona Nit de Films, A.i.e. (01j6189)"
298;"Barret, Coop. V. (01j6155)"
299;"Barrixica, A.i.e. (01j7849)"
300;"Barry Films"
301;"Bartlebyfilm"
302;"Basculas Blanco, A.i.e. (01j8033)"
303;"Basque Film Services, S.l. (01j2430)"
304;"Bastardas Films, S.l. (01j8697)"
305;"Bastian Films 3, S.l. (01j9927)"
306;"Bastian Films, 2, S.l. (01j5471)"
307;"Batiak Films, S.l.u. (01j8421)"
308;"Bausan Films, Sl (01j1223)"
309;"Bd Cine"
310;"Beatriz Carretero Garcia (01f2204)"
311;"Beatriz Martinez Lopez (01f3500)"
312;"Beita Producciones (caponeto)"
313;"Belga Productions"
314;"Belino Production, S.l. (01j7796)"
315;"Bella Animacion la Pelicula, A.i.e. (01j7011)"
316;"Belle Films"
317;"Belvision"
318;"Benece Produccions, S.l. (01j1027)"
319;"Benidorm Films, A.i.e. (01j7852)"
320;"Benjamin Antonio Fontales (01f2357)"
321;"Bennàssar Productions, S.l.u. (01j9957)"
322;"Berebera Films, S.l. (01j6777)"
323;"Bestacosta"
324;"Bestacosta Productions, S.l. (01j9015)"
325;"Beta Fiction Spain, S.l. (01j8953)"
326;"Beñat Gereka Bikuña (01f59509)"
327;"Bhd Estudios"
328;"Bib2 Ainhoa, A.i.e. (01j7798)"
329;"Bibiana González Monje García (01f4140)"
330;"Big Bang Box, S.l. (01j6455)"
331;"Bigaro Films, S.l. (01j4941)"
332;"Biograf Capital, A.i.e. (01j7713)"
333;"Biopic Films, S.l. (01j6894)"
334;"Bira Koop Elkarte Txikia (01j7770)"
335;"Birds Film, A.i.e. (01j7612)"
336;"Birth"
337;"Bitart New Media, S.l. (01j3785)"
338;"Bitis, Sl (01j1438)"
339;"Bixagu Entertainment, S.l. (01j8070)"
340;"Black Is Beltza, A.i.e. (01j6799)"
341;"Black Light Films, S.l. (01j9479)"
342;"Black Zinc Productions, S.l. (01j10040)"
343;"Blitz la Película, A.i.e. (01j9912)"
344;"Blizzard Films, A.i.e. (01j6357)"
345;"Blogmedia, S.l. (01j3446)"
346;"Blond Indian Films"
347;"Blue Bee Productions, S.l. (01j9446)"
348;"Bluebird Films, S.l. (01j8027)"
349;"Blur Media Productions, S.l.u. (01j7795)"
350;"Blur Producciones,s.l. (01j4178)"
351;"Boavista Filmes"
352;"Boavista Films"
353;"Bocaboca Producciones S.l. (01j1307)"
354;"Bocaboca Producciones S.l. (01j993)"
355;"Bocalupo Films"
356;"Bolo Audiovisual, S.l. (01j5987)"
357;"Boogaloo Films, S.l. (01j4454)"
358;"Bord Cadre Films"
359;"Bosco Films, S.l. (01j6806)"
360;"Bowfinger International Pictures, S.l. (01j2830)"
361;"Brais Romero Suárez (01f59837)"
362;"Brandon y Brenda la Pelicula, A.i.e. (01j9555)"
363;"Break The Format, S.l. (01j6832)"
364;"Bretzel & Tequila, S.l. (01j7894)"
365;"Brown Films, A.i.e. (01j6445)"
366;"Bruja del Este Films, A.i.e. (01j9771)"
367;"Bruno Martín Ojeda (01f59550)"
368;"Brutal Media, S.l. (01j4543)"
369;"Brutos Films, S.l. (01j7845)"
370;"Bsglobaltv, S.l. (01j8866)"
371;"Bteam Prods, S.l. (01j6998)"
372;"Buen Destino"
373;"Buena Pinta Media, S.l.u. (01j8593)"
374;"Buenavida Producciones, S.l. (01j1763)"
375;"Buendía Estudios Bizkaia, S.l.u. (01j9836)"
376;"Buendía Estudios Canarias, S.l.u. (01j8838)"
377;"Bugaloo Studio, S.l. (01j8897)"
378;"Bulletproof Cupid"
379;"Burbuja Films, S.c. (01j4622)"
380;"Báltico Media, S.l. (01j8635)"
381;"C Est Lui, S.l. (01j9488)"
382;"C. Gonzalez,s.a./suevia"
383;"Caballo Films, S.l. (01j4729)"
384;"Cacerola Films"
385;"Cactus Flower Producciones, S.l. (01j4566)"
386;"Cados Producciones, A.i.e. (01j6637)"
387;"Café Media Lab, S.l. (01j9666)"
388;"Café Para Muy Cafeteros, A.i.e. (01j8011)"
389;"Cahuenga Filmmakers, S.l. (01j4687)"
390;"Caixaforum Films, S.l.u. (01j8492)"
391;"Caladiño Filmes, S.l. (01j7431)"
392;"Calibrando Producciones, S.l. (01j5008)"
393;"Call From The North, A.i.e. (01j8130)"
394;"Calladita Film, S.l. (01j9108)"
395;"Camara"
396;"Cami de Siurana, A.i.e. (01j9002)"
397;"Camino de la Suerte la Película, A.i.e. (01j9859)"
398;"Camisa Treze Cultura Ltda (rt Features)"
399;"Campo Cine"
400;"Canal Sur Television, S.a. (98t135)"
401;"Canarias Cinema 01, A.i.e. (01j5853)"
402;"Canica"
403;"Capa y Lucia Documentales, A.i.e. (01j10341)"
404;"Capital Intelectual (k & S Films)"
405;"Capital Intelectual (k&s Films)"
406;"Capital Intelectual S.a. (k&s Films)"
407;"Capitan Araña, S.l. (01j5224)"
408;"Capricci Production"
409;"Capuri Filmes Produçoes"
410;"Carabo Films, A.i.e. (01j10862)"
411;"Caracol Television"
412;"Carambola Films S.l. (01j11269)"
413;"Carbo Films"
414;"Caretos Film, A.i.e. (01j7364)"
415;"Carles Cubos Serra (01f2945)"
416;"Carlos Alfonso Ibáñez Giralda (01f4196)"
417;"Carlos Francisco Rodríguez Villafañe (01f59544)"
418;"Carlos Lopez del Rey (01f2674)"
419;"Carlos Martínez Pérez (01f59050)"
420;"Carlos Martínez-peñalver Mas (01f59251)"
421;"Carlos Perez Romero (01f2726)"
422;"Carlos Prado Pampín (01f59170)"
423;"Carmen Gómez Peralta (01f59237)"
424;"Carmina Balaguer Monton (01f59419)"
425;"Carolina Daniella Astudillo Muñoz (01f4077)"
426;"Casita Colora Producciones, A.i.e. (01j6302)"
427;"Casoplon, A.i.e. (01j10643)"
428;"Castafiore Films, S.l. (01j3925)"
429;"Castelao Pictures, S.l. (01j4758)"
430;"Castelao Productions, S.a. (01j7147)"
431;"Castelao Productions, S.a.u. (01j1779)"
432;"Cattleya"
433;"Catvl 97, S.l. (01j5130)"
434;"Cebolla Films"
435;"Cecilia Montagut Acosta (01f3700)"
436;"Cedro Plátano"
437;"Celia Mateo Novis (01f2576)"
438;"Central de Producciones Audiovisuales, S.a. (01j1066)"
439;"Centro de Actividades Luengo & Gonzalez S.a. (01j10018)"
440;"Centuria Films, S.l. (01j1225)"
441;"Cepa Audiovisual"
442;"Cerdita, A.i.e. (01j8201)"
443;"Cesareo Gonzalez Rodriguez (01f22)"
444;"Ceska Televize"
445;"Cg Cinema"
446;"Chamartin, Prod. y Distrib. Cinemat., Sa (01j20)"
447;"Channel Four Tv Corporation"
448;"Chapter 2"
449;"Chapuzas Audiovisuales, A.i.e. (01j9145)"
450;"Chavalas la Pelicula, A.i.e. (01j7131)"
451;"Chester Media Producciones, S.l. (01j5803)"
452;"Chevere Producciones, S.l. (01j7444)"
453;"Chicas del Barroco, A.i.e. (01j8336)"
454;"China Film Animation"
455;"Chispita Films, S.l.u. (98j1577)"
456;"Chukumi Studio, S.l. (01j6241)"
457;"Ciby 2000"
458;"Ciento Volando, el Documental, A.i.e. (01j10113)"
459;"Cifesa"
460;"Cilantro Films, S.l. (01j7473)"
461;"Cinco Calaveras Producciones, S.l. (01j10945)"
462;"Cine 2 Produçoes"
463;"Cine Chromatix"
464;"Cine Megaguay Producciones, S.l. (01j8630)"
465;"Cine de Guerrilla,s.l. (01j4424)"
466;"Cine de Riesgo, S.l.u. (01j8441)"
467;"Cine365 Films Canarias, A.i.e. (01j8522)"
468;"Cine365 Films Producciones Cinematográficas, S.l. (01j6908)"
469;"Cinekdoque- Federico Veiroj"
470;"Cinelabs"
471;"Cinema Defacto"
472;"Cinema Malpaso Producciones, S.l. (01j5924)"
473;"Cinemate Material Cinematográfico"
474;"Cinemawings, S.l.u. (01j9329)"
475;"Cinepoint"
476;"Cinescalas, S.l. (01j10474)"
477;"Cinetica Produccions, S.l. (01j4081)"
478;"Cinnamon Factory, S.l. (01j7165)"
479;"Cipi Cinematografica Sl (01j269)"
480;"Ciro Nestor Novelli (curandero Producciones)"
481;"Citoplasmas Stop Motion, S.l. (01j6997)"
482;"Ciudad Sin Sueño Pelicula, A.i.e. (01j9664)"
483;"Clack Audiovisual, S.c.c.l. (01j6819)"
484;"Claqueta Blanca, S.l. (01j7327)"
485;"Claqueta Coqueta,s.l. (01j4657)"
486;"Clarq Films, S.l. (01j7579)"
487;"Claudia Hernandez Blas (01f3662)"
488;"Coartada la Película, S.l. (01j10827)"
489;"Codigo Sur Producciones, S.l. (01j7001)"
490;"Colose Producciones, S.l. (01j2733)"
491;"Comando Gandules, A.i.e. (01j8341)"
492;"Comba Films, S.l. (01j6095)"
493;"Comercial de Contenidos Audiovisuales 2007, S.l.u. (01j9739)"
494;"Coming Soon Films, S.l. (01j5716)"
495;"Como Dios Manda la Película, A.i.e. (01j8364)"
496;"Como Tener Un Amante, A.i.e. (01j10176)"
497;"Compañia Creativa Horizon Media, S.l. (01j3957)"
498;"Comunicacion Audiovisual Singulares, S.l. (01j6448)"
499;"Comunidad Filmin, S.l. (01j7199)"
500;"Conducta Animal, S.l. (01j6612)"
501;"Contadora Films, A.i.e. (01j7576)"
502;"Contentto People"
503;"Continental Producciones, S.l. (01j1220)"
504;"Contracorriente Producciones, S.l.u. (01j3704)"
505;"Convoy Films, S.l. (01j4974)"
506;"Cooperativa Cinemat. Walkiria (01j108)"
507;"Cop- Nou, Sociedad Cooperativa Ltda (01j457)"
508;"Corazón de Padre, A.i.e. (01j8766)"
509;"Cordon Films"
510;"Cornelius Films, S.l. (01j4468)"
511;"Corporacio Catalana de Mitjans Audiovisuals, S.a. (01j11289)"
512;"Corporacio Valenciana de Mitjans de Comunicacio (98j1027)"
513;"Corporació Catalana de Mitjans Audiovisuals, S.a. (98j4957)"
514;"Corporación Radio Televisión Española, S.m.e. (01j9756)"
515;"Corpus Films"
516;"Corte y Confeccion de Peliculas, S.l. (01j3619)"
517;"Cosabona Films, S.l. (01j7422)"
518;"Cosmos Fan Comunicacion, S.l. (01j6044)"
519;"Creced y Multiplicaos, A.i.e. (01j8018)"
520;"Crespeth Films, A.i.e. (01j9117)"
521;"Criatura Cine"
522;"Cristina Hergueta Garde (01f3616)"
523;"Cristina María Ruiz González (01f59773)"
524;"Cromagnon Producciones, S.l. (01j7280)"
525;"Cronos Entertainment, A.i.e. (01j5288)"
526;"Cruachan"
527;"Crudo Films"
528;"Csc Films, S.l. (01j6805)"
529;"Cuerpos Locos, A.i.e. (01j9063)"
530;"Cuidado Con el Perro Producciones Audiovisuales, S.l. (01j7639)"
531;"Cuidado Con el Perro Tv, S.l. (01j8251)"
532;"Cuidando la Pelicula, A.i.e. (01j7956)"
533;"Custodian Movies, S.l. (01j9377)"
534;"Cvc Group"
535;"Cyt . 72 (01j462)"
536;"Cálida Films, A.i.e. (01j10560)"
537;"Cósmica Producións, S.l. (01j7925)"
538;"D-raiz"
539;"Dacil Manrique de Lara Millares (01f2617)"
540;"Dacsa Produccions, S.l. (01j2392)"
541;"Dada Films & Entertainment, S.l. (01j7276)"
542;"Dalmira María Tobal Clariá"
543;"Daniel Burgui Iguzkiza (01f59172)"
544;"Daniela Forever, A.i.e (01j9036)"
545;"Dantza Films, A.i.e. (01j6547)"
546;"Dart Film & Video Doo"
547;"Darya Films"
548;"Darío Fernández Fernández (01f4419)"
549;"David Aymerich Herrería (01f3003)"
550;"David Cortazar Aguero (01f3799)"
551;"David Galán Galindo (01f59070)"
552;"David Lara Films, S.l. (01j8478)"
553;"David Lara Hernandez (01f3409)"
554;"David Moragas Llevat (01f4301)"
555;"David Rubira Sánchez-vizcaíno (01f59739)"
556;"David Varela Alvarez (01f2544)"
557;"David y Layla, A.i.e. (01j9455)"
558;"De-de-ema Visual, S.l. (01j2635)"
559;"Dea Planeta, S.l. (01j2198)"
560;"Deal Productions"
561;"Deep Entertainment, S.l.u. (01j8751)"
562;"Dejavu Films, S.l. (01j5882)"
563;"Delfines de Plata Pelicula, A.i.e. (01j7125)"
564;"Delicatessen Ideas Agitadas, S.l. (01j10272)"
565;"Demasiados Enemigos, A.i.e. (01j7988)"
566;"Desarrollos Mediaticos Internacionales, S.l. (01j4847)"
567;"Desde la Sombra del Arbol, A.i.e. (01j7993)"
568;"Despadres, A.i.e. (01j9253)"
569;"Dexiderius Producciones Audiovisuales, S.l. (01j1010)"
570;"Diagonal Televisio, S.l. (01j6194)"
571;"Diana Toucedo Crespo (01f3092)"
572;"Dibulitoon Studio, S.l. (01j1577)"
573;"Didac Films,s.l. (01j2400)"
574;"Diego Llorente Diaz (01f2160)"
575;"Diego Lodeiros Castillo (01f3880)"
576;"Diego Martín Rodriguez Lobalzo (01f59778)"
577;"Diferente Films, A.i.e. (01j7896)"
578;"Different Entertainment, S.l. (01j4465)"
579;"Digital 104, S.l. (01j5842)"
580;"Digital Cine Media, S.l. (01j3723)"
581;"Dirtymacdoc"
582;"Disentropic, S.l. (01j5759)"
583;"Distinto Duero, S.l.u. (01j5972)"
584;"Distinto Films, S.l.u. (01j3560)"
585;"Diverso Films, A.i.e. (01j9527)"
586;"Division Xl Producciones, S.l. (01j2708)"
587;"Doble Diez Televisión, S.l. (01j8393)"
588;"Doc Land Canarias, S.l. (01j11007)"
589;"Doc Land Films, S.l. (01j4486)"
590;"Doce Entertainment, S.l. (01j5496)"
591;"Documental la Lidia, A.i.e. (01j9283)"
592;"Documentales En Canarias, S.l.u. (01j9503)"
593;"Don Quijote Films"
594;"Donairefilmmaker, S.l.u. (01j8458)"
595;"Donde Caben Dos, A.i.e. (01j7538)"
596;"Dorothy Films, A.i.e. (01j7861)"
597;"Dos Cincuenta y Nueve, S.l. (01j4926)"
598;"Dos Maridos, A.i.e. (01j7844)"
599;"Dos Soles Media, S.l. (01j9535)"
600;"Doxa Producciones, S.l. (01j4250)"
601;"Draftoon"
602;"Dreamgital Creative Works, S.l. (01j7447)"
603;"Du Cardelin Studio, S.l. (01j8425)"
604;"Duende Pictures"
605;"Dumpa Entertainment, A.i.e. (01j10419)"
606;"Dvein Films, S.l. (01j5732)"
607;"Dynamite Films, S.l. (01j4670)"
608;"Dz Largometrajes Audiovisuales, A.i.e. (01j6618)"
609;"Dèria Films, S.l. (01j9315)"
610;"E Som E A Fúria, Produçoes Audiovisuals"
611;"E. Piedra Producciones"
612;"Ecam - Fundación de la Escuela de Cinematografía y del Audiovisual de la Comunidad de Madrid (01j8480)"
613;"Ecb Servicios de Producción"
614;"Eddie Saeta, S.a. (01j1217)"
615;"Eden Montreux Producciones, A.i.e. (01j7130)"
616;"Ediciones el Pais, S.l. (01j6955)"
617;"Edna Cinema, S.l.u. (01j8556)"
618;"Eduardo Díaz García (01f59555)"
619;"Eduardo L. Sánchez (hiperkinesis Films)"
620;"Eduardo Reina Valdehita (01f59675)"
621;"Eidan Produce, S.l. (01j9740)"
622;"Eigakan Films, S.l.u. (01j7022)"
623;"Ejercicios de Equilibrio, A.i.e. (01j8962)"
624;"Elab Studio S.l. (01j3232)"
625;"Elamedia, S.l. (01j2260)"
626;"Elastica Films, S.l. (01j8525)"
627;"Elena de Urda Ortega (01f59831)"
628;"Elias Querejeta Garate (01f183)"
629;"Elias Querejeta Prod. Cinematog., Sl (01j962)"
630;"Eliofilm"
631;"Elkano Dibulitoon, A.i.e. (01j7260)"
632;"Ellepi Films"
633;"Elora Films, S.l.u. (01j9356)"
634;"Elsabeth, S.c.p. (01j6090)"
635;"Elsecretodeibosim, A.i.e (01j7239)"
636;"Emanuele Giusto (01f4330)"
637;"Emb Documental, S.l. (01j9096)"
638;"Emiliano Piedra Prod."
639;"Emilio Alfonso Oviedo Capilla (01f2612)"
640;"Empatic Comunicacion y Marketing, S.l. (01j7514)"
641;"Empieza el Baile Película, A.i.e. (01j7856)"
642;"En Buen Sitio Producciones, S.l. (01j6493)"
643;"En Tierra de Nadie Films, A.i.e. (01j9877)"
644;"En la Frontera Película, A.i.e. (01j7948)"
645;"Enbabia Films, S.l. (01j6989)"
646;"Encanta Films, S.l. (01j2811)"
647;"Encantats Films, A.i.e. (01j8361)"
648;"Enciende Television, S.l.u. (01j4591)"
649;"Engines Of Oz, A.i.e. (01j6675)"
650;"Enrique Cerezo Producciones Cinematograficas, S.a. (98t1249)"
651;"Enrique Cerezo Producciones Cinematograficas, S.a.u. (01j1435)"
652;"Enrique García Vázquez (01f59216)"
653;"Enrique Parrilla Rojas (01f59683)"
654;"Ens Public de Radiotelevisio de Les Illes Balears (98j960)"
655;"Ensenada de Ezaro Films, S.a. (01j7395)"
656;"Entre Chien Et Loup"
657;"Entre Medina y Genaro, A.i.e. (01j9892)"
658;"Entre la Vida y la Muerte, A.i.e. (01j8013)"
659;"Entre las Piedras Films, S.l. (01j9304)"
660;"Entrefronteras 2016, S.l.u. (01j9180)"
661;"Eo el Ojo Mecanico, S.l. (01j2488)"
662;"Eodem Pictures, S.l. (01j8589)"
663;"Epos Content, S.l.u. (01j10645)"
664;"Erase"
665;"Erase Mi Cuadrilla la Pelicula , A.i.e. (01j7508)"
666;"Erase Una Vez Films, S.l. (01j7451)"
667;"Eric Florent Antoine Griffon Du Bellay (01f59127)"
668;"Erika de la Estrella Sanchez Marcos (01f3434)"
669;"Ernesto Barraza"
670;"Errecerre International Productions, S.l. (01j4253)"
671;"Errementari Films, A.i.e. (01j6551)"
672;"Esau Dharma Vilchez Corredor (01f3039)"
673;"Escac Films, S.l.u. (01j5301)"
674;"Escac Studio, S.l.u. (01j7440)"
675;"Escandalo Films, S.l. (01j1768)"
676;"Escarlata Estudio, S.l. (01j7627)"
677;"Escola Catalana de Cinema I Televisio, S.l.u. (01j8214)"
678;"Escorado Produccion, S.l. (01j3198)"
679;"Escorzo Films, S.l. (01j4231)"
680;"Esdemangofilms, S. L. (01j8729)"
681;"Esencia Productions"
682;"Esia Studio, S.l. (01j9166)"
683;"Esnatu Zinema, S.l. (01j5089)"
684;"Esnatzeko Ordua Films Aie (01j7556)"
685;"Espantapajaros Films, A.i.e. (01j8337)"
686;"Especies de Abejas, A.i.e. (01j8390)"
687;"Esperando A Dali, A.i.e. (01j7142)"
688;"Esperanto Filmoj"
689;"Estacion Cinema Documakingtales, S.l. (01j6398)"
690;"Estacion Cinema, S.l. (01j4844)"
691;"Estacion Rocafort Pelicula, A.i.e. (01j9219)"
692;"Estaregui y Sendino & Machin S.l. (01j5599)"
693;"Estela Films, S.l. (01j23)"
694;"Esther Díaz González (01f59199)"
695;"Esto Tambien Pasará, S.l. (01j7709)"
696;"Estrategia Audiovisual, S.l. (01j3531)"
697;"Estrela Audiovisual, S.l.u. (01j3580)"
698;"Estudi Playtime S.l. (01j3298)"
699;"Estudio Verite, S.l. (01j6401)"
700;"Estudios Piramide, Sa (01j492)"
701;"Eterea Films, S.l. (01j6102)"
702;"Eur Film"
703;"Eureka Films, Sl (01j1147)"
704;"Euskadi Movie, S.l. (01j5712)"
705;"Euskalreel, S.l. (01j10135)"
706;"Euskaltel, S.a. (98t813)"
707;"Evafilms Producciones, S.l.u. (01j9442)"
708;"Expediente la Pelicula, A.i.e (01j6227)"
709;"Eye Slice Pictures, S.l. (01j7217)"
710;"Eye World Entertainment, S.l.u. (01j7299)"
711;"Eyescreen"
712;"Ezekiel Montes Producciones, S.l. (01j6608)"
713;"Fabian & Fred"
714;"Fabrica Naranja de Peliculas, S.l. (01j6647)"
715;"Fabrique Fantastique"
716;"Fabula"
717;"Fado Filmes"
718;"Fama Films A.a."
719;"Fandango"
720;"Fantasmas la Película, A.i.e. (01j9074)"
721;"Far Visuals, S.l. (01j11155)"
722;"Fasten Seat Belt, S.l. (01j3358)"
723;"Fd Production"
724;"Featurent Media, S.l.u. (01j7263)"
725;"Fede Entertainment España, S.l. (01j8597)"
726;"Feelgood Media, S.l. (01j6313)"
727;"Felicitas Media, S.l. (01j7912)"
728;"Ferdydurke Films, S.l. (01j5680)"
729;"Fernando Arroyo Muñoz (01f3667)"
730;"Fernando Colomo Producciones Cinemat., S.l. (01j1129)"
731;"Fernando Cortizo Rodríguez (01f4109)"
732;"Fernando Repiso Ruiz (01f417)"
733;"Fernando Trueba Producciones Cinematograficas, S.a. (01j624)"
734;"Festimania Pictures, S.l.u. (01j5102)"
735;"Ficcion Producciones, S.l. (01j2498)"
736;"Figaro Films, Sa. (01j419)"
737;"Fila 5 Producciones, S. Coop. And. (01j8667)"
738;"Filip Martinovic Pr Gulu Gulu Presenta"
739;"Film Arante, A.i.e. (01j4431)"
740;"Film Stock Investment, S.a. (01j828)"
741;"Film Stockholm"
742;"Filmakers Monkeys, S.l. (01j8161)"
743;"Filmalfha"
744;"Filmax Animation, S.l. (01j2651)"
745;"Filmayer Producciones Audiovisuales, S.l. (01j4957)"
746;"Filmes Da Ermida, S.l. (01j9062)"
747;"Filmgate Miami"
748;"Filmika Galaika, S.l. (01j4890)"
749;"Films Distribution"
750;"Films de L´orient, S.l. (01j1472)"
751;"Fine Productions,s.l. (01j2875)"
752;"Fireworkers Produccion y Distribucion Audiovisual, A.i.e. (01j6712)"
753;"First Draft, S.l. (01j5706)"
754;"Fishcorb Films, S.l. (01j4447)"
755;"Flamencrew Producciones, S.l. (01j8135)"
756;"Flaneur Films"
757;"Flores Para Antonio la Pelicula, A.i.e. (01j10585)"
758;"Flower Power Producciones, S.l. (01j7690)"
759;"Flying Bark Productions"
760;"Flying Hands Documental, A.i.e. (01j9086)"
761;"Flórez Films, S.l. (01j9381)"
762;"Focus Films Producciones, S.l. (01j8669)"
763;"Fogata Films"
764;"Fogon"
765;"Fonofox Servicios Audiovisuales, S.l. (01j5181)"
766;"Forgionefilms, S.l. (01j7121)"
767;"Forgotten 1 Entertainment, S.l. (01j10519)"
768;"Formula Cine, A.i.e. (01j7408)"
769;"Forter Unicorp. Spain, S.l.u. (01j6536)"
770;"Fosca Films, S.l. (01j3510)"
771;"Fourth Chance Productions"
772;"Fox In The Snow"
773;"Fractal Films, S.l. (01j5967)"
774;"Fragil Zinema, S.l. (01j2572)"
775;"Frakas Productions"
776;"Francesc Josep Cuéllar Pla (01f59126)"
777;"Francesc Xavier Font Pijuan (01f4424)"
778;"Francisco Alarcón García (01f2933)"
779;"Francisco Javier Fernández Bordonada (01f4420)"
780;"Francisco Javier Garcia Saenz (01f3615)"
781;"Francisco Javier González Castro (01f60086)"
782;"Francisco Javier Pérez Díaz (01f3915)"
783;"Francisco Torres Quincoces (01f59144)"
784;"Free Hundred Media, S.l. (01j8256)"
785;"Free Run Producciones, S.l. (01j3043)"
786;"Fremantlemedia España, S.a. (01j7332)"
787;"Fresdeval Films, S.l. (01j2087)"
788;"Frida Films, S.l. (01j3996)"
789;"Friki Films, S.l. (01j8668)"
790;"Ftfcam, S.l. (01j5710)"
791;"Fundacion Enic Producciones"
792;"Furor Filmic, S.l. (01j9829)"
793;"Gabriel Morell Capo (01f3160)"
794;"Gadea Productions, S.l. (01j6353)"
795;"Gaia Audiovisuals, S.l. (01j2529)"
796;"Gaitafilmes, S.l. (01j6829)"
797;"Galapagos Media, S.l. (01j6483)"
798;"Galatea Films, A.i.e. (01j6609)"
799;"Galaxia Televisión, S.l. (01j9142)"
800;"Galdo Media, S.l. (01j7400)"
801;"Gamera Studios, S.l.u. (01j9186)"
802;"Ganesh, Sa (01j576)"
803;"Garagefilm International"
804;"Garajonay Films A.i.e. (01j11094)"
805;"Garajonay Producciones, S.l. (01j9784)"
806;"Garbo Produzioni"
807;"Garcia de la Riva A, Garcia Loire Mr, Guzman Legorit, Ml y Leuza Fernandez, I (01j7977)"
808;"Gariza Produkzioak, S.l. (01j5267)"
809;"Garra Producciones"
810;"Gaua, A.i.e. (01j9862)"
811;"Gemma Laura Vidal Villasur (01f4328)"
812;"Genius At Large"
813;"Gente Seria, A.i.e. (01j7088)"
814;"Gentil Cine"
815;"Gerard Bertomeu Callau (01f4256)"
816;"Gestiones Empresariales, Artis & Serv 1999, S.l. (01j6481)"
817;"Get In The Picture Productions, S.l. (01j5441)"
818;"Ghost Story, A.i.e. (01j8312)"
819;"Ghostdog, S.l. (01j7112)"
820;"Glia Films, S.l. (01j10492)"
821;"Globe Films, S.a. (01j459)"
822;"Gloriamundi Producciones, S.l. (01j3121)"
823;"Glow Animation, S.l.u. (01j5276)"
824;"Goblin Audiovisual, S.l. (01j8283)"
825;"Gold Tower Producciones, S.l. (01j4920)"
826;"Golden Look, S.l. (01j10342)"
827;"Golem Studio Sac"
828;"Golpe de Cripto, A.i.e. (01j9872)"
829;"Gona Cinema, S.l. (01j10327)"
830;"Gona Filmación, S.l. (01j6545)"
831;"Gondola Films,s.l. (01j2246)"
832;"Gong Producciones"
833;"Gonita Filmaccion, S.l. (01j6510)"
834;"Gonzalo Moya Santiago (01f4146)"
835;"Good Friends Pictures, S.l. (01j8576)"
836;"Good Machine Films, A.i.e (01j6177)"
837;"Gordon Box, A.i.e. (01j7202)"
838;"Goroka Contents, S.l. (01j3479)"
839;"Gosua Films, S.l. (01j8915)"
840;"Goya Producciones, S.a. (01j5121)"
841;"Gpc-m Summers"
842;"Graffiti Doc"
843;"Green Films, A.i.e. (01j6371)"
844;"Gregorio Panadero Illera (01f4461)"
845;"Gris Medio, Scp. (01j5632)"
846;"Groupe Pvp"
847;"Grup Mediapro, S.l.u. (01j2308)"
848;"Grupo Cine Arte, Sl (01j1117)"
849;"Grupo Guanabana Cine"
850;"Grupo Tranquilo P.c., S.l. (01j4091)"
851;"Gs Animation Sp"
852;"Guainot Produce, S.l. (01j8293)"
853;"Guardian de Dragones, A.i.e. (01j7683)"
854;"Guasábara Cine, S. R. L."
855;"Guerra de Suegras, A.i.e. (01j8935)"
856;"Guerreras Maxwell, A.i.e. (01j9904)"
857;"Guillem Miro Mateu (01f59539)"
858;"Guillermo Benet Pérez (01f3819)"
859;"Guillermo Cabot Lujan (01f3890)"
860;"Guillermo Fernandez de Oliveira (01f3491)"
861;"Gusanofilms, S.c.p. (01j4555)"
862;"Gwan Kante, S.l. (01j9269)"
863;"Habitacion 1520 Producciones"
864;"Haciendo la Casa, A.i.e. (01j7108)"
865;"Haddock Films"
866;"Hakuna 2019 Producciones, S.l. (01j8050)"
867;"Hakuna Films, A.i.e. (01j7267)"
868;"Halley"
869;"Hallowaiian, A.i.e. (01j7028)"
870;"Hamburgo la Pelicula, A.i.e. (01j9018)"
871;"Hampa Studio, S.l. (01j4019)"
872;"Hansen & Pedersen"
873;"Harald House Belgium"
874;"Harry Kane, S.l. (01j7890)"
875;"Hasbula Productions, A.i.e. (01j9194)"
876;"Hasta el Cielo 2019, A.i.e. (01j7132)"
877;"Hbo Nordic"
878;"Hebrero y Asociados, S.l. (01j5721)"
879;"Heidi Production Film, A.i.e. (01j10758)"
880;"Helin Celik"
881;"Helix Films"
882;"Hemisphere Films, S.l.u. (01j7038)"
883;"Hernandez y Fernandez Producciones Cinematograficas, S.l. (01j5734)"
884;"Heroes Documental, A.i.e. (01j7180)"
885;"Hesperia Films, Sa (01j14)"
886;"Hi-video Producciones Audiovisuales, S.l. (01j8072)"
887;"Hic&nuc Bcm, S.c.p. (01j6315)"
888;"Hidalgo Films, S.l. (01j7718)"
889;"Hilario José Abad Salmoral (01f59085)"
890;"Hilario Sucarrats Azamar (01f4299)"
891;"Himenoptero, S.l. (01j2585)"
892;"Hirota Producciones,s.l. (01j3147)"
893;"Hiruki Filmak, S. Microcoop. (01j6778)"
894;"Hiruki Filmak, S.l. (01j7061)"
895;"Historias del Tio Luis, S.l. (01j4735)"
896;"Hoja En Blanco, A.i.e. (01j8157)"
897;"Hojalata Films, A.i.e. (01j8338)"
898;"Hollywood Creative & Production Management"
899;"Home Films S.c."
900;"Homemade Films"
901;"Horizontal Films Media, S.l. (01j9953)"
902;"Hotel B Producciones"
903;"Hotel Hungaria Animatie"
904;"Huapanguero Volador Films"
905;"Hugo Daniel Boyero Garmendia (01f59145)"
906;"Humanistic, S.l.u. (01j8997)"
907;"Huri Television, S.l. (01j6985)"
908;"I/o Post"
909;"Iban Toledo Ibañez (01f3646)"
910;"Iberoamericana Films Produccion,s.a. (01j746)"
911;"Icon International Audiovisual Productions, S.l. (98j3777)"
912;"Iconica Producciones, S.l. (01j5108)"
913;"Icono 2020, A.i.e. (01j7437)"
914;"Idan Cuellar Majo (01f3985)"
915;"Ideal Cinema, A.i.e. (01j9048)"
916;"Idesia Films, S.l. (01j9276)"
917;"Idolo Films European Group, S.l. (01j9499)"
918;"Idéale Audience Group"
919;"Igeldo Zine Produczioak, Sa (01j770)"
920;"Ignacio Benedeti Cinema,s.l. (01j2289)"
921;"Ignacio Cucucovich (mother Superior)"
922;"Ignacio Serapio Revilla (01f4145)"
923;"Ignacio Sirera Serrano (01f2032)"
924;"Ijswater Films"
925;"Ikiru Films, S.l. (01j2801)"
926;"Ikusgarri Films, S.l. (01j6558)"
927;"Ilargia Films, A.i.e. (01j7546)"
928;"Iliada Films, S.l. (01j7792)"
929;"Illa Bufarda, S.coop. Galega (01j7123)"
930;"Imaco 89, S.l.u. (01j7926)"
931;"Imaginei Factory Films, S.l. (01j6262)"
932;"Imago Internacional, Sa (01j458)"
933;"Imanol Sistiaga Iparraguirre (01f59950)"
934;"Imminent Produccions"
935;"Impala, S.a. (01j81)"
936;"Imperfect Films, A.i.e. (01j9469)"
937;"Imposible Films, S.l. (01j2064)"
938;"Impulsafilm, S.l. (01j7314)"
939;"Impulso Tv Comunicacion Multimedia, S.l. (01j3888)"
940;"Imval Madrid, S.l. (01j1359)"
941;"In Post We Trust"
942;"In Vivo Films"
943;"In-cine Cia Industrial Cinematog., Sa. (01j225)"
944;"In24 Media Group, S.l. (01j9638)"
945;"Inaudita, S.l.u. (01j7389)"
946;"Incomedia Producciones, S.l. (01j8880)"
947;"Indaloymedia, S.l. (01j10015)"
948;"Indi Film"
949;"Indigo Film"
950;"Industrias Cinematograficas Altamira, Sl (01j12)"
951;"Infiltrada Lp, A.i.e. (01j9865)"
952;"Infinito Mas Uno, S.l. (01j4710)"
953;"Inge Mendioroz Ibañez (01f59990)"
954;"Inicia Films, S.l. (01j3569)"
955;"Iniciativas Para el Desarrollo Ripa Iberis, S.l. (01j5055)"
956;"Inmaculada Perez Machin (01f3693)"
957;"Inmobiliaria Formentor, S.a. (01j7618)"
958;"Inner Gravity Pictures"
959;"Inselfilm Produktion"
960;"Instancia Legal, S.l.p. (01j7059)"
961;"Instituto Cinematográfico Europeo, S.l. (01j9650)"
962;"Instituto del Cine de Madrid, S.l. (01j5201)"
963;"Insularia Creadores, S.l.n.e. (01j3563)"
964;"Intermedia Producciones, S.l. (01j1805)"
965;"Internacional Films Española, S.a. (01j97)"
966;"International Sports Broadcasting Company, S.l. (01j7168)"
967;"Intervenciones Novo Film 2006, A.i.e. (01j4215)"
968;"Inti Films"
969;"Irati Zinema, A.i.e. (01j8043)"
970;"Irune y Miguel Maria, A.i.e. (01j8903)"
971;"Irusoin, S.a. (01j985)"
972;"Isaac Hernandez Poncela (01f398)"
973;"Isaba Producciones Cinematograficas, Aie (01j7565)"
974;"Isla Audiovisual la Coleccionista, S.l. (01j10939)"
975;"Itsasargia Films, A.i.e. (01j7978)"
976;"Itziar Elizalde Bandres (01f1216)"
977;"Ivan Muñiz Rubio (01f1432)"
978;"Ivanovo Films, S.l.u. (01j7113)"
979;"Iwaso Films"
980;"Izar Films Europe, S.l.u. (01j5795)"
981;"Izen Documentales, S.l. (01j9206)"
982;"Jabuba Films, S.c. (01j5737)"
983;"Jacmedia, S.l. (01j5790)"
984;"Jacobo Garcia Fernandez (01f59450)"
985;"Jaibo Films, S.l.n.e. (01j3514)"
986;"Jaime Arnaiz Rebollo (01f3707)"
987;"Jaime Cristian Noguera Martin (01f4247)"
988;"Jaleo Films, S.l. (01j1959)"
989;"Japonica Films, S.l. (01j7286)"
990;"Javier Fernandez Vazquez (01f2599)"
991;"Javier Gomez Ovejero (01f3673)"
992;"Jean Xavier Castejon (01f3805)"
993;"Jesús Iriarte Salinas (01f59173)"
994;"Jesús López Paniego (01f3895)"
995;"Jet Films, Sa (01j160)"
996;"Jim Henson Productions"
997;"Joana Conill Amelivia (01f59086)"
998;"Joaquin Gonzalez la Pelicula, A.i.e. (01j7207)"
999;"Joaquín Ignacio Alforja Sagone (01f4124)"
1000;"Jorge Leví Cienfuegos de Caso (01f59148)"
1001;"Jose Frade Producciones Cinematograficas, S.a. (01j271)"
1002;"Jose Ignacio Sanchez Arrieta (01f3042)"
1003;"Jose Luis Corominas Farrey (01f455)"
1004;"Jose Luis Rodriguez Producciones, S.l. (01j10605)"
1005;"Jose Luis Rojas Clemente (01f2343)"
1006;"Jose Maria Texeira Guerrero (01f3484)"
1007;"Jose Mª Forn Costa (01f104)"
1008;"Jose Mª Reyzabal Larroy (01f160)"
1009;"Jose Trullenque Pagatzaurtundua (01f3529)"
1010;"Josep Maria Forn"
1011;"Joserra Producciones, S.l. (01j6099)"
1012;"José Alberto Zúñiga Rodríguez (01f60089)"
1013;"José Manuel del Corral Duarte (01f60123)"
1014;"José María Diez Laplaza (01f3019)"
1015;"José María Oliver Riaza (01f59505)"
1016;"Jrivera Producciones, S.l.u. (01j8914)"
1017;"Juan Alfredo Amil Rodríguez (01f59039)"
1018;"Juan Domingo Rodriguez Briso Montiano (01f2638)"
1019;"Juan Francisco Parrilla Viruega (01f2514)"
1020;"Juan Javier Bofill Amargos (01f3255)"
1021;"Juan Jesús Granja Becilla (01f4430)"
1022;"Juan Jose Moscardo Rius (01f2477)"
1023;"Juan José Castro Sáez (01f2232)"
1024;"Juan Manuel Gomez Morales (01f4144)"
1025;"Juan Manuel Pinzas Cerqueira (01f2664)"
1026;"Juan de Orduña Fernandez (01f69)"
1027;"Jugoplastika, S.l. (01j6168)"
1028;"Julian Piker y Fermin, S.l. (01j8427)"
1029;"Juliana San Jose de la Fuente (01f743)"
1030;"Julio Suarez Maireles (01f3568)"
1031;"Julián Rebolledo Génisson (01f59153)"
1032;"Jur Jur Productions, S.l. (01j7275)"
1033;"Justicia Artificial, A.i.e. (01j8904)"
1034;"K 2000, S.a. (01j3958)"
1035;"Kabiria Films, S.l. (01j6972)"
1036;"Kaboga Art&films Creacions Audiovisuals S.l. (01j3676)"
1037;"Kanaki Films, S.l. (01j4331)"
1038;"Kanaki Produkzioak, A.i.e. (01j10527)"
1039;"Kanpaiak Abra, A.i.e. (01j7265)"
1040;"Kantauri Filma, A.i.e. (01j9647)"
1041;"Kantora Film Production"
1042;"Kaplan, S.l. (01j650)"
1043;"Karavan Productions Films, S.l. (01j5676)"
1044;"Karbo Vantas Entertainment,s.l. (01j2125)"
1045;"Karnavas Kontovrakis & Sua (heretic)"
1046;"Karo Filmes"
1047;"Kasbah Producciones Cinematograficas, S.l. (01j1990)"
1048;"Kenya Films"
1049;"Kepler - Sexto B, A.i.e. (01j8090)"
1050;"Kepler Mission Films, S.l. (01j6337)"
1051;"Kilima Media, S.l. (01j6693)"
1052;"Kilo Vivo Producciones,s.l. (01j2522)"
1053;"Kinetic Armatures, S.l. (01j11591)"
1054;"Kino Produzioni"
1055;"Kinos Klan Producciones Cinematograficas, S.l. (01j1041)"
1056;"Kinoskopik, S.l. (01j3784)"
1057;"Klingsor Films, A.i.e. (01j7700)"
1058;"Kokoro Films, S.l. (01j6929)"
1059;"Komplizen Film"
1060;"Kowalski Films, S.l. (01j3812)"
1061;"Kubelik Films, S.l (01j6278)"
1062;"Kwanon Films"
1063;"L.a. Ekoizpenak Aie (01j6473)"
1064;"Laboratorios Creativos Novaimagen"
1065;"Labyrinthus Producciones Cinematograficas, S.l.u. (01j5634)"
1066;"Lacima Entertainment, S.l. (01j10700)"
1067;"Lacima Producciones, S.l. (01j6360)"
1068;"Lacivert Film"
1069;"Lacoproductora, S.l. (01j8010)"
1070;"Lagarto Films,s.l. (01j7004)"
1071;"Lagarto J y A.p"
1072;"Lamia Producciones Audiovisuales, S.l. (01j2337)"
1073;"Langosta Films, S.l. (01j8767)"
1074;"Lanube Peliculas, S.l. (01j4934)"
1075;"Lanzadera Films, S.l. (01j9418)"
1076;"Lapiruetaylamanzana, A.i.e. (01j8541)"
1077;"Lapiscina Producciones, S.l.u. (01j9991)"
1078;"Lasai Producciones, S.l. (01j7830)"
1079;"Lasdelcine Producciones Audiovisuales, S.l. (01j5464)"
1080;"Lasoga Films, S.l. (01j4942)"
1081;"Last Minute, A.i.e. (01j9796)"
1082;"Lastor Media, S.l. (01j3992)"
1083;"Latadeopelicula, A.i.e. (01j7582)"
1084;"Laurenfilms, Sa. (01j753)"
1085;"Lavinia Audiovisual, S.l.u. (01j7753)"
1086;"Lavipa Films, A.i.e. (01j8045)"
1087;"Lazona Films, S.l. (01j1658)"
1088;"Lazona Producciones, S.l. (01j6288)"
1089;"Lazona Zinema, S.l. (01j10402)"
1090;"Le Bureau Films"
1091;"Le Pacte"
1092;"Le Studio Canal Plus"
1093;"Leize Producciones, S.l. (01j1742)"
1094;"Lemendu, S.l. (01j5844)"
1095;"Lentisco Producciones, S.l. (01j9846)"
1096;"Leo & Lou"
1097;"Les Films D Ici"
1098;"Les Films D Ici Mediterranee"
1099;"Les Films Du Worso"
1100;"Les Parapluies Rochefort, A.i.e. (01j8023)"
1101;"Les Productions Balthazar"
1102;"Les Productions Vivement Lundi"
1103;"Les Valseurs"
1104;"Les Valseurs Bordeaux"
1105;"Letra C Diseño, S.l. (01j8150)"
1106;"Levinver, S.a. (01j1772)"
1107;"Lgar"
1108;"Lhome Dels Nassos, A.i.e. (01j8937)"
1109;"Libertad & Cultura, A.i.e. (01j9302)"
1110;"Libertonia Producciones, A.i.e. (01j10840)"
1111;"Lidia Iris Carballo Deniz (01f3929)"
1112;"Lightbox Animation Studios, S.l. (01j3976)"
1113;"Lilicar Inversiones, S.l.u. (01j10194)"
1114;"Limmat Films, S.l. (01j6820)"
1115;"Little Big Boy, A.i.e. (01j9249)"
1116;"Liuben Película, A.i.e. (01j8329)"
1117;"Live Is Life Movie, A.i.e. (01j7888)"
1118;"Llanero Films, S.l. (01j4851)"
1119;"Lo Hacemos y Ya Vemos, Aie (01j6324)"
1120;"Lo Que Nunca Te Dije, A.i.e. (01j8545)"
1121;"Lo Vi Films, S.l. (01j9258)"
1122;"Lobo Feroz, A.i.e (01j7837)"
1123;"Local Films"
1124;"Lokiz Films, A.i.e. (01j6749)"
1125;"Loklaro Entertainment, S.l. (01j9788)"
1126;"Lola 2002,s.l. (01j516)"
1127;"Lolita Producciones Cinematograficas, S.l. (01j2314)"
1128;"Lomotion"
1129;"Lopez-li Films, S.l. (01j2732)"
1130;"Lorena Machado Torres (01f3607)"
1131;"Lorenzo Sanz Fernández (01f59330)"
1132;"Loto Films, S.l. (01j3923)"
1133;"Lotura Films, S.l (01j1191)"
1134;"Lotus Films Internacional, S.l. (01j299)"
1135;"Love Gets A Room, Aie (01j7435)"
1136;"Low Films, A.i.e. (01j7820)"
1137;"Lucernam Films, S.l. (01j6185)"
1138;"Lucky Red"
1139;"Luis Arrieta Echeverria (01f3919)"
1140;"Luis Jesús Moyano Estepa (01f59716)"
1141;"Luis Maria Gibert Checa (01f3611)"
1142;"Luis Miñarro Albero (01f2918)"
1143;"Luk Internacional,s.a (01j8788)"
1144;"Lukimedia, S.l. (01j4915)"
1145;"Lumiere Produkzioak, S.l. (01j5247)"
1146;"Lunatica"
1147;"Lunatica Films, S.l. (01j9652)"
1148;"Luxbox"
1149;"Lyo Media, S.l. (01j8889)"
1150;"M.g."
1151;"Madco Broadcast Services, S.l. (01j9777)"
1152;"Madre No Hay Mas Que Una, A.i.e. (01j9708)"
1153;"Maestranza Films, Sl (01j1197)"
1154;"Mafalda Entertainment, S.l. (01j4812)"
1155;"Magenta Films,s.l. (01j3439)"
1156;"Magnetica Cine, S.l. (01j7464)"
1157;"Magnetika Producciones, S.l. (01j6942)"
1158;"Magno Entertainment, S.l. (01j5378)"
1159;"Mago Audio Visual Production, S.l. (01j3930)"
1160;"Magoya Films"
1161;"Maixabel Film, A.i.e. (01j7847)"
1162;"Making Doc Producciones, S.l. (01j4788)"
1163;"Mala Persona, A.i.e. (01j8934)"
1164;"Malabar"
1165;"Malandar Films, S.l.u. (01j7223)"
1166;"Malas Compañias P.c., S.l. (01j2283)"
1167;"Malasaña Movie, A.i.e. (01j7534)"
1168;"Malditomaus"
1169;"Malika y el Saharaui, A.i.e. (01j9764)"
1170;"Mallerich Films Paco Poch, S.l. (01j1354)"
1171;"Malmo Pictures, S.l. (01j5940)"
1172;"Malnazidos, A.i.e. (01j7285)"
1173;"Malvalanda, S.l. (01j3525)"
1174;"Mama Está En Tinder, A.i.e. (01j7994)"
1175;"Mama Se Fue de Viaje la Pelicula, A.i.e. (01j7019)"
1176;"Mamacruz, A.i.e. (01j7823)"
1177;"Mamma Team Productions, S.l. (01j5520)"
1178;"Mammut Films, S.l. (01j6622)"
1179;"Mandarin Cinema"
1180;"Mandragora Films"
1181;"Manila Films, S.l. (01j7446)"
1182;"Manny"
1183;"Mano Negra Films,s.l. (01j4634)"
1184;"Mansion Clapham Producciones, S.l. (01j7862)"
1185;"Mantaray Film"
1186;"Mantarraya Films, S.l. (01j9962)"
1187;"Manuel Alejandro Pérez García (01f59257)"
1188;"Manuel Cabo Sánchez (01f3963)"
1189;"Manuel Jose Goyanes Martinez (01f32)"
1190;"Manuel Néctor Ortega Yáñez (01f59361)"
1191;"Manuel Trillo Martínez (01f4320)"
1192;"Manuela Films, S.l.u. (01j9721)"
1193;"Manufactura de Películas"
1194;"Marc Ferrer Orenes (01f3498)"
1195;"Marcos Cabota Samper (01f3027)"
1196;"Marcos Fernández Vázquez (01f2615)"
1197;"Marcos Recha Batalle (01f1136)"
1198;"Mare Films, S.l. (01j1196)"
1199;"Marea Films, Sa (01j876)"
1200;"Margarita Melia Rigo (01f3201)"
1201;"Maria Isabel Lahuerta Bellido (01f3894)"
1202;"Maria Jose Mas Jimenez (01f3688)"
1203;"Maria Reyes Caballero Martinez (01f60231)"
1204;"Maria del Pilar Moreno Blasco (01f1080)"
1205;"Maria y Arnold, A.i.e. (01j9623)"
1206;"Maria Àngels Tresserras Surroca (01f59164)"
1207;"Marila Films, S.l. (01j6311)"
1208;"Mario Diaz Hurtado (01f59514)"
1209;"Marmitafilms"
1210;"Marmoka Films, S.l. (01j5533)"
1211;"Marta Espar Figueras (01f2707)"
1212;"Marta Ferreras Viruete (01f3581)"
1213;"Marta de Santa Ana Pulido (01f3442)"
1214;"Martins Five Producciones, S.l.u. (01j10014)"
1215;"Maruxiña Film Company, S.l. (01j4516)"
1216;"María Amparo Climent Corbín (01f3154)"
1217;"María Angharad Rojo Martín (01f4309)"
1218;"María Eugenia Solores Clemente (01f4141)"
1219;"María Icíar Bollaín Pérez-mínguez (01f3023)"
1220;"María Isabel Martínez de Aragón Palomar (01f59503)"
1221;"María Isabel Montes Ramírez (01f4290)"
1222;"María Rodríguez Palao (01f3037)"
1223;"María del Carmen Díaz Díaz (01f59189)"
1224;"María del Pilar Sancho Ramos (01f4382)"
1225;"María del Rocío Mesa Jiménez (01f2922)"
1226;"Maskeline, S.l. (01j6452)"
1227;"Maspalomas Pelikula, A.i.e. (01j9653)"
1228;"Maspeliculas, S.l. (01j8388)"
1229;"Massa D´or Produccions Cinematografiques I Audiovisuals, S.l. (01j1173)"
1230;"Massala"
1231;"Matas Films, S.l. (01j9409)"
1232;"Match Factory Productions"
1233;"Materia Cinema, S.l. (01j9521)"
1234;"Matias A. Carrizo (peliculas Lesima)"
1235;"Matriuska Producciones, S.l. (01j2985)"
1236;"Maya Films Studio"
1237;"Mayeutica Producciones, S.l. (01j6683)"
1238;"Mazagon Films, A.i.e. (01j9883)"
1239;"Mbc Servicios Audiovisuales, S.l.u. (01j9975)"
1240;"Me Has Robado el Corazón, A.i.e. (01j10642)"
1241;"Me He Hecho Viral, A.i.e. (01j8426)"
1242;"Media Audiovisual Service Mas Television,s.l. (01j3466)"
1243;"Media Films,s.l. (01j2804)"
1244;"Media Solutions Partners, S.l. (01j6882)"
1245;"Mediabyte"
1246;"Mediacrest Entertainment, S.l. (01j7459)"
1247;"Mediaevents Productions, S.l (01j7203)"
1248;"Mediaevents Servicios Integrados de Organizacion de Eventos, S.l (01j6326)"
1249;"Mediapro Cine, S.l.u. (01j7344)"
1250;"Mediaset España Comunicacion, S.a. (98t103)"
1251;"Medina Vilalta & Partners, S.l. (01j7803)"
1252;"Medio Limon Producciones, S.l. (01j6626)"
1253;"Mediterraneo Media Entertainment,s.l. (01j3378)"
1254;"Medju Films, A.i.e. (01j8407)"
1255;"Medula Producciones,s.l.n.e. (01j2877)"
1256;"Megalodon"
1257;"Melchor Gaspar y Baltasar, A.i.e. (01j5372)"
1258;"Melies Producciones Entertainment S.l. (01j9723)"
1259;"Memento Films Production"
1260;"Menudas Piezas, A.i.e. (01j9575)"
1261;"Menuetto Film"
1262;"Meridional Producciones, S.l. (01j3338)"
1263;"Messidor Films, Sl. (01j1090)"
1264;"Mestres Films, A.i.e. (01j7935)"
1265;"Metafora Visual, S.l. (01j8844)"
1266;"Metromuster, S.c.c.l (01j6233)"
1267;"Metropolis Dixital, S. Coop. Galega (01j9207)"
1268;"Mexico City Project"
1269;"Mezzoforte 111, S.l.u. (01j8008)"
1270;"Mgc Marketing Produccion y Gestion Cultural, S.l. (01j3350)"
1271;"Mi Querida Señorita Producciones, S.l. (01j10247)"
1272;"Microinjerto Producciones, A.i.e. (01j7840)"
1273;"Micromundo Producciones"
1274;"Midnight Films Factory, S.l. (01j11424)"
1275;"Mientras Dure la Guerra, A.i.e. (01j6795)"
1276;"Miguel Alfonso Olid Suero (01f1074)"
1277;"Miguel Angel Barroso Garcia (01f3533)"
1278;"Miguel Angel Garcia de la Calera Elizarralde (01f2340)"
1279;"Miguel Angel Gutierrez Rodriguez (01f59510)"
1280;"Miguel Angel Llamas Montoya (01f4212)"
1281;"Miguel Angel Rolland Jimenez (01f1557)"
1282;"Miguel Herrero Herrero (01f3110)"
1283;"Miguel Saeta de la Torre (01f59578)"
1284;"Miguel Ángel Sánchez Sebastián (01f4233)"
1285;"Miguelina Producciones Cinematográficas Slu (01j8894)"
1286;"Mimesis Film"
1287;"Minimal Films, S.l. (01j4147)"
1288;"Minoria Absoluta S.l. (98j1590)"
1289;"Minoria Absoluta, S.l. (01j4803)"
1290;"Mirabal Films, S.l. (01j5086)"
1291;"Miramemira, S.l. (01j6709)"
1292;"Miren Aperribay Irastorza (01f2824)"
1293;"Mis Hijos Valen Oro, A.i.e. (01j9889)"
1294;"Misent Producciones, S.l. (01j5085)"
1295;"Miss Wasabi Lab, S.l. (01j2085)"
1296;"Misterio Pirata, A.i.e. (01j9694)"
1297;"Mj Producciones Audiovisuales Metrojavier, S.l. (01j2384)"
1298;"Mn Palma de Mallorca Studios, S.l. (01j7410)"
1299;"Moa Studio,s.l. (01j6468)"
1300;"Mocosbi Films, S.l. (01j9436)"
1301;"Mod Pictures, S.l. (01j6060)"
1302;"Mod Producciones, S.l. (01j3732)"
1303;"Mogambo Entertainment, S.l. (01j8811)"
1304;"Momo Pelicula, A.i.e. (01j9306)"
1305;"Mondex & Cia"
1306;"Monica del Rey Jorda (01f4227)"
1307;"Mono Con Pistolas Films, S.l. (01j7874)"
1308;"Monstro Films"
1309;"Montauk Canarias, S.l. (01j10568)"
1310;"Montauk Cinema, S.l. (01j9805)"
1311;"Monte Glauco, A.i.e. (01j9116)"
1312;"Montgó Films, S.l. (01j9251)"
1313;"Montreux Entertainment, S.lu. (01j6330)"
1314;"Moomios Movie, A.i.e. (01j7500)"
1315;"Morada Films, S.l.u. (01j6632)"
1316;"Mordisco Films, S.l. (01j4906)"
1317;"More Sauce"
1318;"Morelli Producciones, S.l. (01j3178)"
1319;"Morena Filmprodco, A.i.e. (01j4061)"
1320;"Morena Films, S.l. (01j1866)"
1321;"Moriarti Produkzioak, S.l. (01j2378)"
1322;"Morituri, S.l. (01j4035)"
1323;"Morris Comunicacio, S.l. (01j8268)"
1324;"Mosaic Producciones Audiovisuales, S.l. (01j7098)"
1325;"Mostra Cine"
1326;"Mother Superior"
1327;"Motion Picture Management"
1328;"Motto Pictures"
1329;"Moviegoers, A.i.e. (01j9064)"
1330;"Mozi Capital, A.i.e. (01j6988)"
1331;"Mr. Fields And Friends Cinema, S.l. (01j7520)"
1332;"Mr. Miyagi Films, S.l. (01j4567)"
1333;"Mr. Monkey Creatividad Publicitaria, S.l. (01j4166)"
1334;"Muak Canarias, S.l. (01j2548)"
1335;"Mubox.studio, S.l. (01j8849)"
1336;"Mueca Films"
1337;"Muertos de Envidia Company, S.l. (01j8514)"
1338;"Munchhausen Productions"
1339;"Mundo Cero Bat, A.i.e. (01j9968)"
1340;"Mundo Cero Crea, S.l. (01j8216)"
1341;"Mundo Cero, A.i.e. (01j4148)"
1342;"Mundoficcion Producciones,s.l. (01j2312)"
1343;"My Life Productions"
1344;"Mª Magdalena Llerandi Urraca (01f2288)"
1345;"N&l Films, S.l.u. (01j9724)"
1346;"N. Medio Comunicacion Consultores 2000, S.l.u. (01j5914)"
1347;"N279 Entertainment"
1348;"Nacedon Films"
1349;"Nacidos Niños, S.l. (01j4914)"
1350;"Nadie Es Perfecto Producciones Cinematograficas, S.l. (01j2252)"
1351;"Nadie Quiere la Noche, Aie (01j5564)"
1352;"Naif Films, S.l.u. (01j7078)"
1353;"Nakamura Films, S.l. (01j5588)"
1354;"Nakatomi Films, S.l.u. (01j8074)"
1355;"Nakuy Sac"
1356;"Namuss Films, S.l. (01j8396)"
1357;"Nanouk Films, S.l. (01j2496)"
1358;"Nanu Films, S.l. (01j6516)"
1359;"Narrow Gate 2020, A.i.e. (01j8129)"
1360;"Nautilus Films, S.l. (01j1753)"
1361;"Nef Fiffusion"
1362;"Nekkenti, A.i.e. (01j8758)"
1363;"Nemesis Media, S.l. (01j6023)"
1364;"Neo Art Producciones, S.l. (01j5113)"
1365;"Neon Producciones, S.l. (01j2573)"
1366;"Neopol Film, Kellner & Zapf Gbr"
1367;"Nephilim Producciones, S.l. (01j2290)"
1368;"Nervio Foto 2014, S.l. (01j8676)"
1369;"Neue Impuls Film Produktionsgesellschaft"
1370;"New Folder Studio, S.l. (01j3808)"
1371;"New Morning"
1372;"Newcom Productions, S.l. (01j8039)"
1373;"Nexus Creafilms, S.l. (01j4574)"
1374;"Nickel Odeon , Sa (01j491)"
1375;"Nickel Odeon Dos, Sa (01j756)"
1376;"Nicolas Astiagarraga Sirgado (01f585)"
1377;"Nina la Película, A.i.e. (01j8330)"
1378;"No Soy Esa, A.i.e. (01j9113)"
1379;"Nocontarfilm, A.i.e. (01j7799)"
1380;"Nocturna Pictures, S.l. (01j9292)"
1381;"Noel Gálvez Rodríguez (01f59612)"
1382;"Noodles"
1383;"Noon Films, S.l. (01j5819)"
1384;"Norbertafilm, A.i.e. (01j8950)"
1385;"Norberto Ramos del Val (01f1202)"
1386;"Nos Gusta el Cine, A.i.e. (01j7810)"
1387;"Nos Productora Cinematografica Galega, S.l. (01j2074)"
1388;"Nosotros la Película, A.i.e. (01j5887)"
1389;"Nostalgia Shop Films, A.i.e. (01j8137)"
1390;"Nostrana Films, S.l.u. (01j7541)"
1391;"Nostromo Documental, A.i.e. (01j7915)"
1392;"Nostromo Pictures Canarias, S.l. (01j8981)"
1393;"Nostromo Pictures, S.l. (01j4776)"
1394;"Nostromo Production Studios, S.l.u. (01j9810)"
1395;"Nostromo Proyecto 1, A.i.e. (01j9549)"
1396;"Nota Bene"
1397;"Notro Films,s.l. (01j2929)"
1398;"Nova Televisio, S.a. (01j5432)"
1399;"Novena Nube Producciones, S.l.u. (01j5783)"
1400;"Noveolas Producciones, S.l. (01j5623)"
1401;"Npvst, A.i.e. (01j9854)"
1402;"Nu Boyana Portugal"
1403;"Nueva Tierra Film, A.i.e. (01j8578)"
1404;"Nunca Digas Nunca, Aie (01j6460)"
1405;"Nuria Gimenez Lorang (01f4098)"
1406;"Nva Peli, A.i.e. (01j9763)"
1407;"Nwave Pictures"
1408;"Oberon Media, S.l. (01j7182)"
1409;"Obra la Belleza, A.i.e. (01j7445)"
1410;"Oceanika Estudios de Cine, S.l. (01j6230)"
1411;"Octopolis"
1412;"Océano Entertainment, S.l. (01j6489)"
1413;"Odeon Media Entertainment, S.l. (01j10854)"
1414;"Odessa Films, S.l. (01j2427)"
1415;"Oeste"
1416;"Ogro Films, Sa (01j432)"
1417;"Ohm Proyectos de Implantacion, S.l. (01j6451)"
1418;"Ojos, Cabeza, Corazón, A.i.e. (01j7962)"
1419;"Ojú Producciones, S.l. (01j8892)"
1420;"Ok Films,sa y Cuatro Cabezas Films"
1421;"Okolin Producciones Cinematograficas, A.i.e. (01j7129)"
1422;"Olivo Films, S.l. (01j4105)"
1423;"Ollo Vivo, S.l. (01j7430)"
1424;"Olpama Diversion Films, S.c.p. (01j3878)"
1425;"Omen, S.c.p. (01j7506)"
1426;"On The Fringe, A.i.e. (01j7899)"
1427;"On Time Ekoizpenak, S.l. (01j5067)"
1428;"One More Movie"
1429;"Onirikal Studio,s.l. (01j4671)"
1430;"Onírica Producciones"
1431;"Open Circuit Television Producciones, S.l. (01j4879)"
1432;"Orange Films, A.i.e. (01j6444)"
1433;"Orfeo Iluso, A.i.e (01j7042)"
1434;"Oria Films,s.l. (01j1920)"
1435;"Origen Films Estudio, S.a. (01j1018)"
1436;"Origenproducciones Cinematograf. , Sa. (01j834)"
1437;"Orio Produkzioak, Sa (01j1272)"
1438;"Orisa Produzioni"
1439;"Oscar Guarido Tizon (01f381)"
1440;"Oscar Jesús Alegria Suescun (01f2892)"
1441;"Oscar Parada Castellano (01f60143)"
1442;"Ottokar Editora Audiovisual, S.l. (01j6211)"
1443;"P.c. Teide Prozesa"
1444;"Pablo Campillo Ordax (01f3300)"
1445;"Pablo Casanueva Gutiérrez (01f59397)"
1446;"Pablo Pedro Lozano Chavarria (01f3303)"
1447;"Pablo Vara Uzal (01f59069)"
1448;"Pablo Zanón Martin (01f60220)"
1449;"Pacha Inversiones y Producciones Audiovisuales, S.l. (01j6581)"
1450;"Pachacamac Films, A.i.e. (01j5751)"
1451;"Paciencia Films, S.l. (01j7972)"
1452;"Paciencia y Baraja, S.l.u. (01j8534)"
1453;"Paco Cinematografica"
1454;"Padre 5 Nido Repleto A.i.e. (01j10106)"
1455;"Padre Cuatro, A.i.e. (01j9878)"
1456;"Padre No Hay Mas Que Uno 3, A.i.e. (01j8484)"
1457;"Pakman Movie, A.i.e. (01j7423)"
1458;"Palacios Gador, A.i.e. (01j7502)"
1459;"Palamont Pictures, S.l. (01j5610)"
1460;"Paleartica Films, S.l. (01j6830)"
1461;"Paloma Negra Films"
1462;"Paloma Tejero Rodriguez (01f3999)"
1463;"Pampa"
1464;"Pan de Limon, Aie (01j7539)"
1465;"Panache"
1466;"Pandora Cinema, S.l. (01j4663)"
1467;"Pandora Filmproduktions"
1468;"Pandorga Comunicacion, S.l. (01j4221)"
1469;"Panique!"
1470;"Pantalla Partida, S.l. (01j3082)"
1471;"Pantoma Films, S.l. (01j5709)"
1472;"Paola Álvarez Filmproduktion"
1473;"Paraconproducciones, S.l. (01j8258)"
1474;"Paraiso Production"
1475;"Parallax Pictures"
1476;"Paraíso Torres de Satélite"
1477;"Parecido A Un Asesinato la Pelicula, A.i.e. (01j8048)"
1478;"Parias de la Tierra Films, S.l. (01j8662)"
1479;"Pasa el Silencio, A.i.e. (01j9054)"
1480;"Pasarela Iluminación, S.l. (01j6001)"
1481;"Pascaru Production"
1482;"Pastnorth, S.l. (01j5341)"
1483;"Patagonik Film Group"
1484;"Patchouli Films, S.l. (01j7656)"
1485;"Patriarcadoorganismonocivo, S.l. (01j8374)"
1486;"Patricia Bocanegra Hurtado (01f3678)"
1487;"Pau Guixa Sallent (01f3256)"
1488;"Pausoka Entertainment, S.l. (01j3661)"
1489;"Pauxa, S.c. (01j5105)"
1490;"Paycom Multimedia, S.l. (01j4013)"
1491;"Pecado Films, S.l. (01j4164)"
1492;"Pecker Audiovisuals, S.l. (01j5324)"
1493;"Peculiar Films, S.l. (01j11089)"
1494;"Pedro Collantes de Teran Bayonas (01f2718)"
1495;"Pedro Costa Producciones Cinematograficas, S.a. (01j725)"
1496;"Pedro Jesús Lendínez de Haro (01f59820)"
1497;"Pedro Jose Perez Rodriguez (01f3874)"
1498;"Pedro Loeb (01f2871)"
1499;"Pedro Maso Produc. Cinematog. , Sa (01j763)"
1500;"Pedro Portabella Rafols (01f114)"
1501;"Pegaso Pictures, A.i.e. (01j4428)"
1502;"Pegatum Transmedia, S.l (01j6259)"
1503;"Pelicula Playa de Lobos, A.i.e. (01j10623)"
1504;"Peliculas Pendelton, S.a. (01j1247)"
1505;"Peliculas la Trini, S.l.u. (01j5821)"
1506;"Películas Maria, S.l.u. (01j8810)"
1507;"Peng! Boom! Tschak! Films"
1508;"Penguin Lessons"
1509;"Pensa & Rocca Producciones"
1510;"Pensilvania Films"
1511;"Penta Films, Sl (01j354)"
1512;"Penultima Toma, A.i.e. (01j7808)"
1513;"Penélope Cruz Sánchez (01f59367)"
1514;"Pequeños Calvarios, A.i.e. (01j9068)"
1515;"Perdición Films, S.l. (01j8334)"
1516;"Perdidos Gestion Cultural, S.l. (01j7013)"
1517;"Permanent Picture, A.i.e. (01j7854)"
1518;"Perro Rojo Films"
1519;"Persefone Films, A.i.e (01j6317)"
1520;"Personne N Est Parfait"
1521;"Persons Films, S.l. (01j7614)"
1522;"Philmo Capital, A.i.e. (01j9120)"
1523;"Piel de Cabra Producciones, S.l. (01j8739)"
1524;"Piel de Tambor, A.i.e. (01j7572)"
1525;"Pieles Producciones, A.i.e. (01j6515)"
1526;"Pierrot Films S.a.c."
1527;"Pimpi&nella Films, S.l.u. (01j8187)"
1528;"Pincheforn Producciones, S.l. (01j5320)"
1529;"Piorno Films, S.l. (01j10207)"
1530;"Pipa Films"
1531;"Pisito Trece Producciones"
1532;"Piucho Films, S.l. (01j7829)"
1533;"Pixel Ikusentzunezko Ekoizpenak S.l. (01j3623)"
1534;"Pizca Gutierrez, S.l. (01j4244)"
1535;"Plan Secreto S.l. (01j6008)"
1536;"Planar Gestao de Equipamentos"
1537;"Plano Katharsis Producciones, S.l. (01j5840)"
1538;"Plano Subjetivo, S.l. (01j4750)"
1539;"Platanoboligrafo, S.l. (01j6720)"
1540;"Platige Films"
1541;"Playa Chica Films, S.l. (01j8780)"
1542;"Playlab Films, S.l. (01j7842)"
1543;"Playmedia Soluciones Audiovisuales, S.l. (01j6776)"
1544;"Playtime"
1545;"Playtime Movies, S.l. (01j5579)"
1546;"Playtime-sábado, A.i.e. (01j8552)"
1547;"Plural-jempsa, S.l. (01j4938)"
1548;"Pobre Diablo, A.i.e. (01j7963)"
1549;"Pokeepsie Films, S.l.u. (01j5636)"
1550;"Pokeepsietxea, S.l. (01j10399)"
1551;"Polar Star Films, S.l. (01j2658)"
1552;"Polar Studio S.c (mexico)"
1553;"Polvora Films, S.l. (01j6153)"
1554;"Por Amor Al Arte Producciones, S.l (01j6205)"
1555;"Por Lo Visto, S.l.u. (01j9170)"
1556;"Por Tus Muertos, A.i.e. (01j7934)"
1557;"Portocabo Tv, S.l. (01j4653)"
1558;"Portokal"
1559;"Post Eng Producciones, S.l. (01j5833)"
1560;"Potemkino"
1561;"Potenza Producciones, S.l. (01j2912)"
1562;"Powehi Films, S.l. (01j7551)"
1563;"Prensa Ibérica Studio, S.a.u. (01j10297)"
1564;"Primo"
1565;"Primo Contents"
1566;"Primo International Content, S.l. (01j7703)"
1567;"Principal 2 Films, S.l. (01j5478)"
1568;"Pris&batty Films, S.l.u. (01j7547)"
1569;"Prisma"
1570;"Produccion de Imagen Sincro S.a. (01j1911)"
1571;"Producciones Benito Perojo, Sa (01j73)"
1572;"Producciones Cinemat. Domingo Pedret, Sa (01j378)"
1573;"Producciones Cinematograficas Alea, S.l. (01j1684)"
1574;"Producciones Cinematograficas Ciudadano Ciskul, S.l. (01j4000)"
1575;"Producciones Cinematograficas Filmart, S (01j1306)"
1576;"Producciones Coraca, S.l. (01j5944)"
1577;"Producciones Doble Banda, S.l. (01j1829)"
1578;"Producciones Jevis, S.l. (01j5345)"
1579;"Producciones R.m.m., S.l.u. (01j9103)"
1580;"Producciones Romarme, S.l. (01j10462)"
1581;"Producciones Sierra Gador, S.l. (01j7076)"
1582;"Producciones Sin Un Duro, S.l. (01j3100)"
1583;"Producciones Televisivas Mecomlys, S.l. (01j5959)"
1584;"Producciones Tondero S.a.c."
1585;"Producciones Tondero, S.a.c."
1586;"Producciones Yo Soy Moussambani, S.l. (01j9557)"
1587;"Producciones del Barrio, S.l. (01j7695)"
1588;"Producciones la Cochera, S.l. (01j8460)"
1589;"Producciones la Iguana, Sl (01j1028)"
1590;"Producciones la Quinta Avenida"
1591;"Producions A Fonsagrada, S.l. (01j4726)"
1592;"Productions Linkup, S.l. (01j6485)"
1593;"Productos y Servicios Por Internet, S.l. (01j7786)"
1594;"Prom T.v."
1595;"Promarfi Futuro 2010, S.l. (01j4600)"
1596;"Promenade Productions"
1597;"Propaganda Italia"
1598;"Proyecta Films & Media, S.l. (01j5375)"
1599;"Proyecto Emperador, A.i.e (01j6550)"
1600;"Proyecto Manhattan, S.l. (01j4932)"
1601;"Proyectos Audiovisuales, Arqueológicos y Multimedia Mlk, S.l. (01j2000)"
1602;"Proyectos y Desarrollos Audiovisuales, S.a. (01j1071)"
1603;"Public Special Events S.l. (01j2474)"
1604;"Pulpeiro Consulting, S.l. (01j7758)"
1605;"Pulsa Control Z, S.l. (01j3572)"
1606;"Pumuky Films, A.i.e. (01j7989)"
1607;"Punta Colorada"
1608;"Punto Nemo, A.i.e. (01j7083)"
1609;"Punto y Asociados Profesionales del Arte, S.c.p. (01j6831)"
1610;"Pyramide Production"
1611;"Pópulos Films, S.l. (01j8989)"
1612;"Q Films"
1613;"Quality Media Producciones, S.l. (01j6281)"
1614;"Quatre Films Audiovisuales, S.l.u. (01j6005)"
1615;"Qubit Solvest, S.l. (01j6662)"
1616;"Que Nadie Duerma, A.i.e. (01j7996)"
1617;"Quechua Films, S.l. (01j4288)"
1618;"Question de Imagen Producciones, S.l. (01j8185)"
1619;"Quexito Films Canarias, S.l.u. (01j8666)"
1620;"Quexito Films, S.l. (01j3633)"
1621;"Quien A Hierro Mata, A.i.e. (01j6794)"
1622;"Quijote Films"
1623;"Quinchoncho"
1624;"Radiotelevision del Principado de Asturias, S.a.u. (98j1005)"
1625;"Rafael Alberola Rubio (01f3816)"
1626;"Rafael Gordon Marchito (01f246)"
1627;"Rafael Ma. Torrecilla Garcia (01f9)"
1628;"Rafael Nieto Jimenez (01f1501)"
1629;"Raimundo Garcia Fernandez (01f537)"
1630;"Rakia Films Producciones, S.l. (01j8350)"
1631;"Ramona la Pelicula, A.i.e. (01j8375)"
1632;"Rampante"
1633;"Ran Entertainment"
1634;"Ranna Consultoria, S.l.u. (01j6305)"
1635;"Rapa A Película, A.i.e. (01j8716)"
1636;"Raquel C. Ibañez Fernandez"
1637;"Raquel Gomez Rosado (01f3405)"
1638;"Raquel Menor Rodríguez (01f3502)"
1639;"Raul Capdevila Murillo (01f3884)"
1640;"Raul Diez Alaejos (01f2541)"
1641;"Raul Madinabeitia Management y Producción, S.l.u. (01j7476)"
1642;"Raul Ruano Monge (01f4000)"
1643;"Raw Lab Jc-20, S.l. (01j6180)"
1644;"Raw Pictures, S.l. (01j5948)"
1645;"Raúl García Pérez (01f4083)"
1646;"Reafilma, S.l. (01j9091)"
1647;"Rebelion Terrestre Film, S.l.u. (01j5237)"
1648;"Rebordelos, S.l. (01j7015)"
1649;"Rec Grabaketa Estudioa, S.l. (01j3333)"
1650;"Rec Videoproduccions, S.c.p. (01j4189)"
1651;"Red Ant Films, S.l.u. (01j5700)"
1652;"Red Butter Films, S.l.u. (01j9460)"
1653;"Red Corporativa de Servicios Especiales Asociados, S.l. (01j3970)"
1654;"Red Nose"
1655;"Redibis Film"
1656;"Redwood Films S.l. (01j7152)"
1657;"Reescritura, A.i.e. (01j8346)"
1658;"Reina de Pike"
1659;"Remotamente Films, A.i.e. (01j7877)"
1660;"Renn Productions"
1661;"Reposado Producciones Cinematograficas, S.l. (01j2711)"
1662;"Retrincos, A.i.e. (01j9700)"
1663;"Reverso Films, S.l. (01j7292)"
1664;"Revista Contexto, S.l. (01j8068)"
1665;"Revolution Films, S.l. (01j5400)"
1666;"Revolver Film"
1667;"Rexin"
1668;"Rey de Babia, A.i.e. (01j6541)"
1669;"Riada Movie, A.i.e. (01j7282)"
1670;"Ribera Salud, S.a. (01j8236)"
1671;"Ricardo Zubelzu Gonzalez (01f3101)"
1672;"Rich Flu, A.i.e. (01j9052)"
1673;"Ringo Media, S.l. (01j6800)"
1674;"Rita la Película, A.i.e. (01j7950)"
1675;"Rm Pelicula, A.i.e. (01j8328)"
1676;"Road Movies Filmproduktion"
1677;"Robot Productions, S.l.u. (01j9947)"
1678;"Rodando Voy, S.l. (01j4617)"
1679;"Rodar y Rodar Cine, S.l. (01j2019)"
1680;"Roehrich y Asociados, Sa (01j1125)"
1681;"Rogelio Enríquez Soto (01f59944)"
1682;"Romeria Vigo, A.i.e. (01j9826)"
1683;"Ron Vino y Miel, A.i.e. (01j9837)"
1684;"Rondallas Movie, A.i.e. (01j9869)"
1685;"Rosa Filmes"
1686;"Rosa Maria Blas Traisac (01f1690)"
1687;"Rosamont"
1688;"Rtbf"
1689;"Rtve (98t1250)"
1690;"Ruda Cine"
1691;"Rumba Ibiza, A.i.e. (01j7864)"
1692;"Rumbo Media, S.l. (01j7438)"
1693;"Ruta 66 Producciones, S.l. (01j6476)"
1694;"Ruta Salvatge, A.i.e. (01j8757)"
1695;"Ruvido Produzioni"
1696;"Sacromonte Films, S.l. (01j4134)"
1697;"Sadhill Desenterrado, A.i.e. (01j6661)"
1698;"Safe The Tree, A.i.e. (01j7024)"
1699;"Saga Film"
1700;"Sagone Films, S.l.u. (01j9925)"
1701;"Saguel Film,s.l. (01j2021)"
1702;"Sajama Films"
1703;"Sala46 Films, S. Coop. And. (01j8162)"
1704;"Salamandra"
1705;"Salon Indien Films, S.l. (01j5920)"
1706;"Salto de Eje Producciones Cinematograficas, S.l. (01j1895)"
1707;"Salvador Reina Girona (01f4353)"
1708;"Samuel Navarro Vozmediano (01f59707)"
1709;"San Filmin, S.l. (01j7914)"
1710;"San Pelicano, S.l. (01j8468)"
1711;"San Simón, la Película, A.i.e. (01j8853)"
1712;"Sangam Films, S.l.u. (01j5611)"
1713;"Sangnila Pte.ltd"
1714;"Sangre Yoruba, A.i.e. (01j9614)"
1715;"Santiago Alonso Velasco (01f1300)"
1716;"Sarao Films, S.l. (01j5904)"
1717;"Sardinha Em Lata"
1718;"Sateco Documentalia,s.l. (01j3380)"
1719;"Savitel Tv, S.l. (01j5367)"
1720;"Sayaka Producciones, S.l. (01j3918)"
1721;"Sbd Films."
1722;"Schmuby Productions"
1723;"Schuldenberg Films"
1724;"Sdad. Gral. de Television, S.a (sogetel) (01j1034)"
1725;"Sdb"
1726;"Secaderos la Pelicula, A.i.e. (01j7009)"
1727;"Second Gen Pictures, S.l. (01j5197)"
1728;"Secuoya Contenidos, S.l. (01j1965)"
1729;"Secuoya Studios Cine, S.l. (01j10646)"
1730;"Segarra Films, S.l.u. (01j4684)"
1731;"Selene Films Management"
1732;"Selenium Films"
1733;"Semilla Verde Productions"
1734;"Senchermes Fotografia, S.l. (01j9345)"
1735;"Sentimentalfilm, A.i.e. (01j7090)"
1736;"Senén Miguel Fernández González (01f60054)"
1737;"Serea Producións, S.l. (01j9164)"
1738;"Serena Productions"
1739;"Sergio Hernandez Sanz (01f3806)"
1740;"Sergio Montero Fernandez (01f60270)"
1741;"Sergio Muñoz Cano (01f2894)"
1742;"Serva Films, Sl (01j550)"
1743;"Serveis de L´espectacle Focus, S.a. (01j1204)"
1744;"Set Magic Audiovisual, S.l. (01j3669)"
1745;"Sete Art-disclub, S.l. (01j10337)"
1746;"Setembro Cine, S.l.u. (01j5802)"
1747;"Setima Sociedade Cooperativa Galega (01j7221)"
1748;"Sevenfor Servicios Audiovisuales, S.l. (01j6694)"
1749;"Señor y Señora, S.l. (01j5685)"
1750;"Shaktimetta Produccions, S.l. (01j6049)"
1751;"Sheridan´s Producciones, S.c.p. (01j8159)"
1752;"Shoji Films, S.l. (01j8344)"
1753;"Showrunner Films Entertainment, S.l. (01j7610)"
1754;"Sica, Alba Sotorra, A.i.e (01j7951)"
1755;"Sideral Cinema, S.l. (01j9637)"
1756;"Siesta Producciones, S.l. (01j7568)"
1757;"Sigue y No Pares, A.i.e. (01j9866)"
1758;"Silence Produccion y Distribucion Audiovisual, S.l. (01j5430)"
1759;"Silvia Sanchez Horna (01f3793)"
1760;"Simetria Producciones, S.l. (01j4940)"
1761;"Sin Instrucciones Films, S.l.u. (01j9898)"
1762;"Sin Parpadear, S.l. (01j5656)"
1763;"Sin Retorno la Pelicula, A.i.e. (01j7021)"
1764;"Sin Rodeos Films España, S.l. (01j6790)"
1765;"Sin Ti No Puedo, A.i.e. (01j8470)"
1766;"Sinapsis Studios, S.l. (01j10329)"
1767;"Sinduda Comunicacion, S.l. (01j6109)"
1768;"Sinehan Capital, A.i.e. (01j7413)"
1769;"Sinpisarlofregao, S.l. (01j9518)"
1770;"Sintagma Films, S.l. (01j5936)"
1771;"Sisifo Films, A.i.e. (01j5120)"
1772;"Smartrek Films, A.i.e. (01j8291)"
1773;"Smiz & Pixel, S.l. (01j3341)"
1774;"Snowglobe Films"
1775;"Sociedad General de Cine, S.a (01j1568)"
1776;"Sociedad Mercantil Corporacion de Radio Television Española, S.a.u. (98t4)"
1777;"Sociedad Mercantil Corporación de Radio Televisión Española, S.a.u. (98t1117)"
1778;"Societat Oculta, A.i.e. (01j7638)"
1779;"Soinu Abra, A.i.e. (01j6603)"
1780;"Solax Company, Sociedad Microcooperativa (01j7471)"
1781;"Solita Films, S.l. (01j2916)"
1782;"Solo Contemporary, S.l.u. (01j7889)"
1783;"Solworks Films, S.l. (01j7114)"
1784;"Sombra Cine"
1785;"Sombracine"
1786;"Somera Films, S.l. (01j9204)"
1787;"Somofilms Produce, S.l. (01j9566)"
1788;"Son de Produccion, S.l. (01j3130)"
1789;"Sonder Films, S.l. (01j10768)"
1790;"Sonia Bautista Alarcon (01f4123)"
1791;"Sonora Estudios, S.l. (01j2163)"
1792;"Sony Music Entertainment España, S.l. (01j1723)"
1793;"Sony Pictures Entertainment Iberia, S.l.u. (01j6838)"
1794;"Sophia Network, S.l.u. (01j8467)"
1795;"Sorgin Films, A.i.e. (01j6710)"
1796;"Sp-i"
1797;"Spainwood Mrp, S.l. (01j8640)"
1798;"Spal Films, S.l. (01j6613)"
1799;"Sparkle Animation"
1800;"Spassk99, A.i.e (01j10293)"
1801;"Speak Sunlight, S.l.u. (01j8859)"
1802;"Spi"
1803;"Srl Dax Tandem"
1804;"Stanbrook, S.l.u. (01j5810)"
1805;"Steamroller, A.i.e. (01j7201)"
1806;"Stick Together, A.i.e. (01j8148)"
1807;"Stop Line Films Producao Audiosisuais"
1808;"Stories By Susana Guardiola, S.l.u. (01j8228)"
1809;"Story Capital, A.i.e. (01j8728)"
1810;"Story Producciones, S.l. (01j7737)"
1811;"Strangers Franchise Productions I"
1812;"Studio 100 Media"
1813;"Studio Nominum"
1814;"Studiocanal"
1815;"Submarine"
1816;"Submarine Animation"
1817;"Submarine Sublime"
1818;"Substance Films"
1819;"Substans Films"
1820;"Suculenta Producciones, S.l. (01j9299)"
1821;"Suica Productions, S.l. (01j5767)"
1822;"Sultana Films, S.l.u. (01j6815)"
1823;"Summer Caravaning, A.i.e. (01j7526)"
1824;"Summer Films, S.l. (01j2891)"
1825;"Sun Lua, S.l. (01j1221)"
1826;"Sunrise Picture, S.l. (01j5092)"
1827;"Sur Films"
1828;"Surnames, Narradores Transmedia, S.l. (01j6116)"
1829;"Suroeste Films, S.l. (01j5804)"
1830;"Surtsey Films, S.l. (01j4946)"
1831;"Susana Barranco Iglesias (01f2926)"
1832;"Suspense Entertainment, S.l. (01j6287)"
1833;"Sutor Kolonko"
1834;"Sygnatia, S.l.u. (01j6296)"
1835;"Sábado Peliculas, S.l. (01j5094)"
1836;"Taifas Comunicacion, Sl (01j7211)"
1837;"Take 2000"
1838;"Take 2000 Produçao de Filmes"
1839;"Take One Productions"
1840;"Talka Records, S.l. (01j5215)"
1841;"Tallifornia Spv5 Tupackback Oü"
1842;"Talycual Producciones, S.l. (01j4476)"
1843;"Tam Tam Film"
1844;"Tamboura Films, S.l. (01j7545)"
1845;"Tana Informatica, S.l. (01j6802)"
1846;"Tandem Films, S.l. (01j6595)"
1847;"Taranna Films, S.l. (01j3111)"
1848;"Tarantula Luxembourg"
1849;"Tardes de Soledad, A.i.e. (01j7955)"
1850;"Tarea Fina"
1851;"Tareas de la Casa 2020, A.i.e. (01j8221)"
1852;"Tarkemoto, S.l. (01j6159)"
1853;"Tarpe Films, Sa (01j34)"
1854;"Tartar Films, S.l (01j6207)"
1855;"Te Dejo Films, A.i.e. (01j7540)"
1856;"Te Estoy Amando, A.i.e. (01j7067)"
1857;"Te Has Venido Arriba, A.i.e. (01j7532)"
1858;"Te Quiero Metales, S.l. (01j12256)"
1859;"Teferruat Film Yapim"
1860;"Teidees Audiovisuals, S.l. (01j5417)"
1861;"Telecinco Cinema, S.a.u. (01j2383)"
1862;"Telefonica Audiovisual Digital, S.l.u. (01j6478)"
1863;"Telemadrid (98t105)"
1864;"Telespan 2000 S.l. (01j1907)"
1865;"Television Autonomica de Aragon, S.a. (98t315)"
1866;"Television Autonómica de Castilla-la Mancha, S.a.u. (98j1167)"
1867;"Television de Galicia, S.a. (01j1919)"
1868;"Television del Principado de Asturias, S.a. (01j3931)"
1869;"Televisió de Catalunya, S.a. (98t924)"
1870;"Tenampa Films, S.l. (01j7172)"
1871;"Teodoro- Francisco Rios Marrero (01f589)"
1872;"Teoponte Producciones Cinematograficas,s.l. (01j2243)"
1873;"Tequila Gang Sacv"
1874;"Terremoto, A.i.e. (01j8355)"
1875;"Territorio Tartesso, A.i.e. (01j7927)"
1876;"Tesauro, S.a. (01j503)"
1877;"Tesela Comunicación, S.l. (01j10518)"
1878;"Tesela Producciones Cinematograficas S.l. (01j1729)"
1879;"Testamento P.c.t., S.l. (01j6086)"
1880;"The Aurora Project Entertainment, S.l. (01j6973)"
1881;"The Blue House Films, S.l. (01j8163)"
1882;"The Caravan Trail, A.i.e. (01j7029)"
1883;"The Fear Collection I, A.i.e. (01j7392)"
1884;"The Fear Collection Ii, A.i.e. (01j8436)"
1885;"The Fear Collection Iv, A.i.e. (01j8438)"
1886;"The Feature Film Maker Three, A.i.e (01j10224)"
1887;"The Flow Studio, S.c.a. (01j7573)"
1888;"The Fly Hunter, S.l. (01j6083)"
1889;"The Go Betweeners Sl (01j8735)"
1890;"The Kraken Films, A.i.e. (01j5123)"
1891;"The Match Factory"
1892;"The New Flesh, S.l. (01j6876)"
1893;"The Nun Producciones, A.i.e. (01j8022)"
1894;"The Other Film Production, S.l. (01j6847)"
1895;"The Other Side Films, S.l. (01j5283)"
1896;"The Project"
1897;"The Project Film Club"
1898;"The Queen Picture, A.i.e. (01j6310)"
1899;"The Snake Films, A.i.e. (01j6733)"
1900;"The Social Dog Producciones, S.l. (01j5949)"
1901;"The Spanish Ratpack, S.l. (01j5449)"
1902;"The Thinklab Media, S.l. (01j3332)"
1903;"The Warning Of Rivard, A.i.e. (01j6518)"
1904;"They Shot The Piano Player, A.i.e. (01j7367)"
1905;"Think Studio, S.l.u. (01j3173)"
1906;"This And That Productions"
1907;"Thurn Film"
1908;"Tic Tac Producciones, S.l. (01j3293)"
1909;"Tiempos Dificiles Films, S.l. (01j2520)"
1910;"Time Zone, S.l. (01j3825)"
1911;"Tinglado Film, S.l. (01j3000)"
1912;"Tita B Production"
1913;"Tita Productions"
1914;"To Each His Strangers, A.i.e. (01j7126)"
1915;"Todos Al Tren la Pelicula, A.i.e. (01j7884)"
1916;"Todos los Lados de la Cama, A.i.e. (01j10227)"
1917;"Todos los Nombres de Dios, A.i.e. (01j8040)"
1918;"Tolocha Producciones,s.l. (01j4463)"
1919;"Toma 24 Producciones Cinematograficas S.l. (01j1938)"
1920;"Toma2 Media, S.l. (01j9648)"
1921;"Tomas Martin Aceituno Maldonado (01f2700)"
1922;"Toned Media, S.l. (01j5740)"
1923;"Tormenta Films, S.l. (01j4023)"
1924;"Tornasol, S.l. (01j6818)"
1925;"Tortuga Studios Productora de Filmes"
1926;"Toto Films, A.i.e. (01j7866)"
1927;"Tourmalet Films, S.l. (01j4972)"
1928;"Tournellovision"
1929;"Toxicosmos, A.i.e. (01j7882)"
1930;"Treguas la Película, A.i.e. (01j9838)"
1931;"Tres Cuencos, A.i.e. (01j11065)"
1932;"Tres la Pelicula Frida Nadir, A.i.e. (01j7106)"
1933;"Trianera Producciones Cinematograficas, A.i.e. (01j6653)"
1934;"Trilhos y Cedilhas"
1935;"Trilita Films, S.l. (01j7215)"
1936;"Tripictures, S.l. (01j5627)"
1937;"Triple F Media Entertainment, S.l. (01j5266)"
1938;"True Films, S.l. (01j7409)"
1939;"Trueba & Trueba Producciones, S.l. (01j7313)"
1940;"Trumanfilm, A.i.e. (01j5775)"
1941;"Tu Luz y Mi Calma, S.l.u. (01j8279)"
1942;"Tunche Films"
1943;"Turanga Films, S.l. (01j5265)"
1944;"Turkana Films, S.l. (01j6266)"
1945;"Turner Broadcasting System España, S.l. (01j3029)"
1946;"Tursen Films, Sl (01j1563)"
1947;"Tusitala Producciones Cinematograficas, S.l. (01j1668)"
1948;"Tv On, S.l.u. (01j3863)"
1949;"Tvtec Servicios Audiovisuales,s.l. (01j3336)"
1950;"Twin Freaks Studio, S.l. (01j7378)"
1951;"Twize Sociedad Civil (01j6078)"
1952;"Txalap Art Ekoizpenak Koop Elk Txikia (01j5508)"
1953;"Txintxua Films, S.l. (01j3955)"
1954;"Udruzenje Mirza Delibasic Kinde"
1955;"Ugc Images"
1956;"Ukbar Filmes"
1957;"Ukpik Productions, S.l. (01j9770)"
1958;"Ulises Producciones, S.l. (01j8959)"
1959;"Ultra Nominum Uab (studio Nominum)"
1960;"Ultramarinos Finos Sl (01j9241)"
1961;"Ultreia Films, S.l. (01j5336)"
1962;"Umai Film"
1963;"Umbracle Cine, S.l. (01j7773)"
1964;"Umedia Production"
1965;"Ummmson, S.l.u. (01j9568)"
1966;"Un Capricho de Producciones, S.l. (01j6047)"
1967;"Un Fin de Semana Juntos, A.i.e. (01j7158)"
1968;"Un Funeral de Muerte, A.i.e. (01j10464)"
1969;"Un Hombre Sin Más, A.i.e. (01j7768)"
1970;"Un Mundo Prohibido, A.i.e. (01j7160)"
1971;"Un Nuevo Renacer el Musical, A.i.e. (01j10421)"
1972;"Un Paseo Por el Borne, A.i.e. (01j7095)"
1973;"Un Regalo Para Ane, A.i.e. (01j8949)"
1974;"Una Comunion la Pelicula"
1975;"Una Noche la Película, A.i.e. (01j8012)"
1976;"Undodez, S.l.u. (01j8954)"
1977;"Unfortunate Stories, A.i.e. (01j7495)"
1978;"Unicorn Content, S.l. (01j7857)"
1979;"Unicorn Wars, A.i.e. (01j7779)"
1980;"Uniko Estudio Creativo, S.l. (01j5407)"
1981;"Union Films, S.l. (01j3)"
1982;"Union Industrial Cinematografica, Sl (01j7)"
1983;"Uno Para Todos, la Pelicula, A.i.e. (01j7119)"
1984;"Untitled 23"
1985;"Upon Entry, A.i.e. (01j7404)"
1986;"Urban Factory"
1987;"Urban Kaos, A.i.e. (01j11921)"
1988;"Uri Films, S.l. (01j9322)"
1989;"Urkulu Producciones Cinematográficas, A.i.e. (01j7178)"
1990;"Urresti Producciones, S.l. (01j5333)"
1991;"Vaca Films Studio, S.l. (01j2471)"
1992;"Valdes Belhot Nicolas (circular Media)"
1993;"Valentina la Película A.i.e. (01j7919)"
1994;"Vampire Films, S.l. (01j9449)"
1995;"Vargtimmen Films, S.l. (01j6736)"
1996;"Variopinto Producciones, S.l. (01j8527)"
1997;"Varykino Films, S.l. (01j9618)"
1998;"Veintinueve de Octubre, S.l. (01j11757)"
1999;"Vendaval Producciones, S.l. (01j2261)"
2000;"Venner Film"
2001;"Ventall Cinema"
2002;"Ventu Productions, S.l.u. (01j8354)"
2003;"Vera Eugenia Fogwill (01f3800)"
2004;"Verano En Diciembre, A.i.e. (01j8302)"
2005;"Verano En Rojo, A.i.e. (01j8940)"
2006;"Vermut Films, S.l. (01j5708)"
2007;"Versatae Films, A.i.e. (01j7814)"
2008;"Versus Entertainment, S.l. (01j3090)"
2009;"Vertigo Films, S.l. (01j1636)"
2010;"Via Lactea Filmes S.l. (01j1647)"
2011;"Viana Gonzalez Delgado"
2012;"Vicenç Ferreres Plans (01f3924)"
2013;"Victor Iriarte Oñate (01f1913)"
2014;"Victor Luengo del Ama (01f3676)"
2015;"Victor Manuel Matellano Garcia (01f2452)"
2016;"Vidania Films, S.l. (01j8448)"
2017;"Video Profilmar, S.l.u. (01j7492)"
2018;"Video Report Canarias, S.a. (01j6752)"
2019;"Vilaut Films, S.l. (01j7056)"
2020;"Violeta Bahia Rodriguez Gil (01f59184)"
2021;"Viracocha Films, A.i.e. (01j5548)"
2022;"Virgenes la Pelicula, A.i.e. (01j10534)"
2023;"Virginia Diaz Gonzalez (01f4010)"
2024;"Viringo Media Producciones, S.l.u. (01j9986)"
2025;"Virtual Art Vfx & 3d, S.l. (01j7591)"
2026;"Virtual Contenidos, S.l. (01j4787)"
2027;"Vision Distribution"
2028;"Visit Little Spain, S.l. (01j8890)"
2029;"Vista Sur"
2030;"Visual Creative Produccion Audiovisual S.l. (01j6011)"
2031;"Visualsuspects S.l. (10j2802)"
2032;"Visualsuspects, S.l. (01j4746)"
2033;"Vitrine Filmes, S.l. (01j8961)"
2034;"Vivavivas, A.i.e. (01j7452)"
2035;"Vivirdelcuento Comunicacio, S.l. (01j11648)"
2036;"Vizuals Lab, S.l (01j6314)"
2037;"Voces Films, A.i.e. (01j7557)"
2038;"Volar Es Un Placer, A.i.e. (01j7578)"
2039;"Volcanica Media, S.l. (01j8724)"
2040;"Volcano Internacional Productions, S.l. (01j1621)"
2041;"Volf Entertainment"
2042;"Volta Producción, S.l. (01j8561)"
2043;"Volya Films"
2044;"Voramar Films, S.l. (01j7222)"
2045;"Votamos, A.i.e. (01j10524)"
2046;"Vrai-vrai Films"
2047;"Vuelta A la Universidad, A.i.e. (01j9384)"
2048;"Víctor Paniagua Mayo (01f59596)"
2049;"Vídeo Al Cuadrado Films, S.l. (01j8752)"
2050;"Vši Ciobreliai (m-films)"
2051;"Walking The Dog"
2052;"Wanda Films, S.l. (01j1186)"
2053;"Wanda Vision, S.a. (01j1818)"
2054;"Wandermoon, S.l.u. (01j6076)"
2055;"Wanka"
2056;"Warner Bros Entertainment España, S.l. (01j2798)"
2057;"Watson Media, A.i.e. (01j9988)"
2058;"Wave Of Humanity, S.l. (01j7348)"
2059;"We Produce 2017, A.i.e. (01j6665)"
2060;"Weekend Studio, S.l. (01j7055)"
2061;"Wemake Movies,s.l. (01j4572)"
2062;"Weydemann Bros. Film"
2063;"Whatsupdoc, S.l. (01j5273)"
2064;"Whisky Content"
2065;"White Leaf Producciones, S.l. (01j5167)"
2066;"Wildside"
2067;"Wind Films, A.i.e. (01j6355)"
2068;"Winp Consulting, S.l. (01j7602)"
2069;"Witfilm"
2070;"Wizart Film"
2071;"Wolfgang Pelicula, A.i.e. (01j9252)"
2072;"Womack Communication Group, S.l. (01j8133)"
2073;"Wonder Ficción, S.l. (01j7929)"
2074;"Wrong Men"
2075;"Wrong Men North"
2076;"Wueste Film"
2077;"X y Z Desarrollos, S.a. (01j568)"
2078;"Xamalu Filmes, S.l. (01j1477)"
2079;"Xarxa de Televisions Local (98t580)"
2080;"Xavier Soler Borrego (01f59832)"
2081;"Xiana Do Teixeiro (01f2907)"
2082;"Ya No Quedan Junglas, A.i.e. (01j10132)"
2083;"Yelmo de Mambrino Teatro, S.l. (01j7885)"
2084;"Yoander Ballester Aguilar"
2085;"Yoko Hiru, A.i.e. (01j8828)"
2086;"Youbesc Aya"
2087;"Yuli Productions"
2088;"Zabriskie Films, S.l. (01j2278)"
2089;"Zabriskie, A.i.e. (01j6529)"
2090;"Zampa Audiovisual, S.l. (01j5687)"
2091;"Zapruder Pictures, S.l. (01j6591)"
2092;"Zaramaga Films, A.i.e. (01j6604)"
2093;"Zavijava Films, S.l. (01j8219)"
2094;"Zazpi T´erdi, Koop Elk Txikia (01j6569)"
2095;"Zebra Producciones, S.a. (01j2005)"
2096;"Zeitun Films, S.l.u. (01j4678)"
2097;"Zephyr Films"
2098;"Zeppelins Integrals Produccions, Sl (01j1517)"
2099;"Zerkalo Films, S.l. (01j5454)"
2100;"Zeta Audiovisual, S.a. (01j2872)"
2101;"Zeta Cinema, S.l. (01j4667)"
2102;"Zinea Sortzen, S.l. (01j4411)"
2103;"Zinema Eskola Kooperatiba Elkartea Txikia (01j7691)"
2104;"Zircozine S.l. (01j3610)"
2105;"Zootropo Studio S.l. (01j8783)"
2106;"Zurriola Group Entertainment, S.l. (01j3470)"
2107;"Zuzú Cinema, S.l. (01j9368)"
2108;"Zweiten Deutschen Fernsehen Zdf"
2109;"de Caperucita A Loba, A.i.e. (01j7836)"
2110;"de la Piedra Producciones, S.l. (01j5982)"
2111;"el Amor de Andrea, A.i.e. (01j8347)"
2112;"el Año de la Furia, A.i.e. (01j6706)"
2113;"el Año del Descubrimiento, A.i.e. (01j7531)"
2114;"el Borde"
2115;"el Camino Producciones Cinematográficas, S.l. (01j8307)"
2116;"el Cañonazo Multimedia, S.l.u. (01j5603)"
2117;"el Cuadrilátero Films, S.l. (01j7687)"
2118;"el Dedo En el Ojo, S.l. (01j4118)"
2119;"el Demonio Interior, S.l. (01j8607)"
2120;"el Desentierro, A.i.e. (01j6548)"
2121;"el Deseo"
2122;"el Deseo D.a. S.l. (01j2217)"
2123;"el Deseo, Sa (01j715)"
2124;"el Día Después de Hoy, S.l. (01j8487)"
2125;"el Embalse Filmmakers, S.l.u. (01j9496)"
2126;"el Estudio Filmmakers España, S.l. (01j8443)"
2127;"el Gatoverde Producciones, S.l. (01j6104)"
2128;"el Hombre del Saco, A.i.e. (01j6446)"
2129;"el Inconveniente la Pelicula, A.i.e. (01j7238)"
2130;"el Kinograf S.l. (01j3743)"
2131;"el Llanto, A.i.e. (01j8595)"
2132;"el Lodo la Pelicula, A.i.e. (01j8079)"
2133;"el Maestro Que Estaba Alli, A.i.e. (01j7499)"
2134;"el Medano Producciones, S.l. (01j1754)"
2135;"el Mundo Es Suyo, A.i.e. (01j6441)"
2136;"el Nacedon Films,s.l. (01j2718)"
2137;"el Nieto de Marisa, A.i.e. (01j7973)"
2138;"el Niño Producciones,s.l. (01j2166)"
2139;"el Obrador de Lo Real, S.l. (01j8768)"
2140;"el Pajaro Cuco, A.i.e. (01j8315)"
2141;"el Perro"
2142;"el Pez Amarillo, S.l. (01j5991)"
2143;"el Planeta"
2144;"el Poder del Silencio, S.l. (01j11560)"
2145;"el Primer Deseo, A.i.e. (01j6983)"
2146;"el Refugio Lp, A.i.e. (01j8016)"
2147;"el Refugio Producciones, S.l. (01j6628)"
2148;"el Reino de Zanskar, A.i.e. (01j7939)"
2149;"el Rey de la Habana, A.i.e. (01j5960)"
2150;"el Rezador, A.i.e. (01j7745)"
2151;"el Secreto de Sus Ojos Agrupacion de Interes Economico (01j4443)"
2152;"el Secreto del Orfebre, A.i.e. (01j10319)"
2153;"el Sueño Eterno Pictures, S.l. (01j8284)"
2154;"el Sustituto Producciones, Aie (01j7563)"
2155;"el Tercer Deseo Films, A.i.e. (01j7212)"
2156;"el Terrat de Produccions, S.l. (01j1720)"
2157;"el Tesoro de Barracuda, A.i.e. (01j8588)"
2158;"el Tesoro de Drake, A.i.e. (01j7333)"
2159;"el Vaqueret S.l. (01j3656)"
2160;"el Vasco la Pelicula, A.i.e. (01j7522)"
2161;"el Viaje Producciones Integrales Canarias, S.l. (01j2835)"
2162;"el de las Dos Vidas, A.i.e. (01j7116)"
2163;"la Abuela Apache, A.i.e. (01j6705)"
2164;"la Banda Negra, S.l. (01j7316)"
2165;"la Bendita Produce, S.l. (01j7570)"
2166;"la Bestia Produce, S.l. (01j4249)"
2167;"la Boda de Rosa la Pelicula, A.i.e. (01j7421)"
2168;"la Caja de Expresiones, S.l. (01j7632)"
2169;"la Canica Films, S.l. (01j3981)"
2170;"la Caña Brothers, S.l. (01j5365)"
2171;"la Ceiba del Patio, S.l. (01j1453)"
2172;"la Charito Films, S.l. (01j6977)"
2173;"la Chica de la Curva, S.l. (01j7460)"
2174;"la Ciudad Purpura, A.i.e. (01j7427)"
2175;"la Claqueta Pc, S.l. (01j3513)"
2176;"la Colmena Producciones, S.l. (01j8677)"
2177;"la Compagnie Cinematographique"
2178;"la Conquista de Una Mirada, A.i.e. (01j10407)"
2179;"la Corte Editores"
2180;"la Cruda Realidad, S.l. (01j4999)"
2181;"la Dalia Films, S.l. (01j6654)"
2182;"la Dehesa Producciones, A.i.e. (01j6814)"
2183;"la Deuda Película, A.i.e. (01j9139)"
2184;"la Dona Il-legal, Aie (01j7412)"
2185;"la Espera la Película, A.i.e. (01j8054)"
2186;"la Estela Interminable, A.i.e. (01j7937)"
2187;"la Fabrica Nocturna Cinéma"
2188;"la Fabrique 2"
2189;"la Favorita Produce, S.l. (01j9246)"
2190;"la Fianza la Pelicula, A.i.e. (01j9998)"
2191;"la Fidéle"
2192;"la Fiesta, P.c., Sa (01j1863)"
2193;"la Filmahora Rd, S.l. (01j7974)"
2194;"la Gandula Producciones, A.i.e (01j6269)"
2195;"la Gauche Divine, A.i.e. (01j6696)"
2196;"la Gaveta Producciones, S.l. (01j6646)"
2197;"la Herida de la Lanza, A.i.e. (01j11542)"
2198;"la Hija Producciones la Pelicula, A.i.e. (01j7379)"
2199;"la Isla Errante, A.i.e. (01j8046)"
2200;"la Isla del Hilo Rojo, S.l. (01j10208)"
2201;"la Juventud Producciones, Sl (01j11353)"
2202;"la K de Cine, S.l. (01j7162)"
2203;"la Lengua En Pedazos, A.i.e. (01j8026)"
2204;"la Linterna Magica/tve"
2205;"la Loma Blanca Producciones Cinematograficas, S.l. (01j2840)"
2206;"la Lupa Produccions, S.l.u. (01j3225)"
2207;"la Luz de Aisha, A.i.e. (01j7628)"
2208;"la Maleta Films, S.l. (01j5771)"
2209;"la Maleta Perdida, A.i.e. (01j7104)"
2210;"la Manchester Radiofónica, S.l.u. (01j8539)"
2211;"la Maniobra de la Tortuga, A.i.e. (01j7183)"
2212;"la Marea Producciones,s.l. (01j2906)"
2213;"la Mentira, S.l.u. (01j9531)"
2214;"la Mirada Oblicua, S.l. (01j2516)"
2215;"la Mirada Producciones, Sl (01j1298)"
2216;"la Mirada del Adios, A.i.e. (01j9097)"
2217;"la Moyano Films, S.l. (01j9737)"
2218;"la Mujer Dormida, A.i.e. (01j7947)"
2219;"la Navidad En Sus Manos, A.i.e. (01j8888)"
2220;"la Niña de la Cabra, A.i.e. (01j9035)"
2221;"la Niña de la Comunión, A.i.e. (01j8432)"
2222;"la Noche Movie, Aie (01j5917)"
2223;"la Noche Triste, A.i.e. (01j5983)"
2224;"la Noria Producciones Cinema, S.l. (01j10064)"
2225;"la Novia de America, A.i.e. (01j8002)"
2226;"la Otra Casa la Pelicula, A.i.e. (01j7085)"
2227;"la Panda Producciones Audiovisuales, S.l. (01j6561)"
2228;"la Pasionaria, A.i.e. (01j10393)"
2229;"la Pepa la Pelicula, A.i.e. (01j6649)"
2230;"la Pepa, P.c. S.l. (01j6775)"
2231;"la Periferica Producciones, S.l. (01j1830)"
2232;"la Pirueta Films, S.l. (01j6765)"
2233;"la Primera Caña, A.i.e. (01j9147)"
2234;"la Prod"
2235;"la Promesa Cinematografics Productions, S.l.u. (01j8153)"
2236;"la Quema Movie, A.i.e. (01j7082)"
2237;"la Salamandra Producciones Cinematog.,sa (01j404)"
2238;"la Societe Du Sensible"
2239;"la Tentacion Producciones, S.a. (01j2285)"
2240;"la Termita Films, S.l. (01j5306)"
2241;"la Ternura la Pelicula, A.i.e. (01j7871)"
2242;"la Terraza Films, S.l. (01j6964)"
2243;"la Tierra de Amira, A.i.e. (01j8898)"
2244;"la Trinchera Film, A.i.e. (01j6679)"
2245;"la Union de los Rikos (cruachan S.r.l.)"
2246;"la Verdad Inventada, A.i.e. (01j9029)"
2247;"la Vida Era Eso, A.i.e. (01j7103)"
2248;"la Vida Misma Films"
2249;"la Zanfoña Producciones, S.l. (01j2181)"
2250;"las Chicas de la Estación, A.i.e. (01j8560)"
2251;"las Consecuencias, A.i.e. (01j7018)"
2252;"las Gentiles Película, A.i.e. (01j7807)"
2253;"las Hormigas Negras Producciones Audiovisuales, S.l. (01j6583)"
2254;"las Leyes de la Frontera, A.i.e. (01j7491)"
2255;"las Montañas del Canada S.l. (98j1591)"
2256;"las Niñas Majicas, Aie (01j7524)"
2257;"las Peliculas del Apache, S.l. (01j6359)"
2258;"las Producciones de los Imaginarios, Producciones Audiovisuales, S.l. (01j6746)"
2259;"las Producciones del Escorpion, Sl (01j1389)"
2260;"los Desencuentros Pelicula, A.i.e. (01j10505)"
2261;"los Desertores Films, A.i.e. (01j9695)"
2262;"los Europeos la Pelicula, A.i.e. (01j6809)"
2263;"los Grandes Felinos, A.i.e. (01j7380)"
2264;"los Hermanos Polo Films, S.l. (01j8455)"
2265;"los Ilusos Films, S.l. (01j5855)"
2266;"los Novios de Mamá, A.i.e. (01j6439)"
2267;"los Tortuga la Pelicula, A.i.e. (01j9028)"
2268;"y Si No Pasa, A.i.e. (01j8476)"
2269;"Álamo Audiovisual 11 Parte, A.i.e. (01j8559)"
2270;"Álamo Audiovisual 13 Parte, A.i.e. (01j8836)"
2271;"Álamo Audiovisual 14 Parte, S.l. (01j9274)"
2272;"Álamo Audiovisual Décima Parte-todos Lo Hacen, A.i.e. (01j8382)"
2273;"Álamo Audiovisual Octava Parte, A.i.e. (01j8120)"
2274;"Álamo Audiovisual Séptima Parte, A.i.e. (01j7784)"
2275;"Álamo Producciones Audiovisuales Canarias, S.l.u. (01j8713)"
2276;"Ángel Puado Veloso (01f3141)"
2277;"Ángel Santos Touza (01f4079)"
2278;"Ínsula Sur, S. Coop. And. (01j8218)"
2279;"Óscar Fuente Castrillejo (01f59785)"
