"pelicula_id";"pais_id";"porcentaje";"porcentaje_fuente"
2;17;50.0;"nacionalidad_icaa"
2;21;40.0;"nacionalidad_icaa"
2;26;10.0;"nacionalidad_icaa"
3;17;100.0;"nacionalidad_icaa"
4;17;100.0;"nacionalidad_icaa"
5;17;100.0;"nacionalidad_icaa"
6;17;50.0;"nacionalidad_icaa"
6;21;20.0;"nacionalidad_icaa"
6;26;30.0;"nacionalidad_icaa"
7;17;100.0;"nacionalidad_icaa"
8;17;100.0;"nacionalidad_icaa"
9;17;100.0;"nacionalidad_icaa"
10;17;100.0;"nacionalidad_icaa"
11;17;70.0;"nacionalidad_icaa"
11;26;30.0;"nacionalidad_icaa"
12;17;100.0;"nacionalidad_icaa"
13;17;80.0;"nacionalidad_icaa"
13;40;20.0;"nacionalidad_icaa"
14;17;100.0;"nacionalidad_icaa"
15;17;100.0;"nacionalidad_icaa"
16;17;70.0;"nacionalidad_icaa"
16;3;30.0;"nacionalidad_icaa"
17;17;100.0;"nacionalidad_icaa"
18;17;100.0;"nacionalidad_icaa"
19;17;100.0;"nacionalidad_icaa"
20;17;100.0;"nacionalidad_icaa"
21;17;100.0;"nacionalidad_icaa"
22;17;100.0;"nacionalidad_icaa"
23;17;100.0;"nacionalidad_icaa"
24;17;100.0;"nacionalidad_icaa"
25;17;100.0;"nacionalidad_icaa"
26;17;100.0;"nacionalidad_icaa"
27;17;100.0;"nacionalidad_icaa"
28;17;80.0;"nacionalidad_icaa"
28;8;20.0;"nacionalidad_icaa"
29;17;100.0;"nacionalidad_icaa"
30;17;100.0;"nacionalidad_icaa"
31;17;100.0;"nacionalidad_icaa"
32;15;100.0;"nacionalidad_icaa"
33;17;70.0;"nacionalidad_icaa"
33;21;10.0;"nacionalidad_icaa"
33;28;20.0;"nacionalidad_icaa"
34;17;100.0;"nacionalidad_icaa"
35;17;100.0;"nacionalidad_icaa"
36;17;100.0;"nacionalidad_icaa"
37;17;100.0;"nacionalidad_icaa"
38;17;100.0;"nacionalidad_icaa"
39;17;100.0;"nacionalidad_icaa"
40;17;100.0;"nacionalidad_icaa"
41;17;100.0;"nacionalidad_icaa"
42;17;100.0;"nacionalidad_icaa"
43;17;100.0;"nacionalidad_icaa"
44;17;100.0;"nacionalidad_icaa"
45;17;100.0;"nacionalidad_icaa"
46;17;80.0;"nacionalidad_icaa"
46;45;20.0;"nacionalidad_icaa"
47;17;100.0;"nacionalidad_icaa"
48;17;100.0;"nacionalidad_icaa"
49;17;80.0;"nacionalidad_icaa"
49;37;20.0;"nacionalidad_icaa"
50;17;20.0;"nacionalidad_icaa"
50;3;80.0;"nacionalidad_icaa"
51;17;80.0;"nacionalidad_icaa"
51;21;20.0;"nacionalidad_icaa"
52;17;100.0;"nacionalidad_icaa"
53;17;80.0;"nacionalidad_icaa"
53;21;20.0;"nacionalidad_icaa"
54;17;100.0;"nacionalidad_icaa"
55;17;100.0;"nacionalidad_icaa"
56;17;79.54;"nacionalidad_icaa"
56;33;20.46;"nacionalidad_icaa"
57;48;100.0;"nacionalidad_icaa"
58;17;100.0;"nacionalidad_icaa"
59;17;100.0;"nacionalidad_icaa"
60;17;100.0;"nacionalidad_icaa"
61;17;100.0;"nacionalidad_icaa"
62;17;100.0;"nacionalidad_icaa"
63;17;100.0;"nacionalidad_icaa"
64;17;100.0;"nacionalidad_icaa"
65;17;100.0;"nacionalidad_icaa"
66;17;100.0;"nacionalidad_icaa"
67;17;100.0;"nacionalidad_icaa"
68;17;100.0;"nacionalidad_icaa"
69;17;100.0;"nacionalidad_icaa"
70;17;100.0;"nacionalidad_icaa"
71;17;100.0;"nacionalidad_icaa"
72;17;100.0;"nacionalidad_icaa"
73;17;100.0;"nacionalidad_icaa"
74;17;100.0;"nacionalidad_icaa"
75;17;90.0;"nacionalidad_icaa"
75;21;10.0;"nacionalidad_icaa"
76;17;100.0;"nacionalidad_icaa"
77;17;100.0;"nacionalidad_icaa"
78;17;100.0;"nacionalidad_icaa"
79;17;100.0;"nacionalidad_icaa"
80;17;69.44;"nacionalidad_icaa"
80;8;12.28;"nacionalidad_icaa"
80;21;18.28;"nacionalidad_icaa"
81;17;100.0;"nacionalidad_icaa"
82;17;100.0;"nacionalidad_icaa"
83;17;100.0;"nacionalidad_icaa"
84;17;100.0;"nacionalidad_icaa"
85;17;100.0;"nacionalidad_icaa"
86;17;100.0;"nacionalidad_icaa"
87;17;100.0;"nacionalidad_icaa"
88;17;100.0;"nacionalidad_icaa"
89;17;100.0;"nacionalidad_icaa"
90;17;100.0;"nacionalidad_icaa"
91;18;100.0;"nacionalidad_icaa"
92;17;80.0;"nacionalidad_icaa"
92;21;20.0;"nacionalidad_icaa"
93;17;100.0;"nacionalidad_icaa"
94;17;100.0;"nacionalidad_icaa"
95;17;100.0;"nacionalidad_icaa"
96;17;100.0;"nacionalidad_icaa"
97;17;100.0;"nacionalidad_icaa"
98;17;100.0;"nacionalidad_icaa"
99;17;100.0;"nacionalidad_icaa"
100;17;100.0;"nacionalidad_icaa"
101;48;100.0;"nacionalidad_icaa"
102;17;80.0;"nacionalidad_icaa"
102;21;20.0;"nacionalidad_icaa"
103;17;70.0;"nacionalidad_icaa"
103;27;30.0;"nacionalidad_icaa"
104;17;100.0;"empresas_productoras_icaa"
105;17;100.0;"nacionalidad_icaa"
106;17;25.0;"nacionalidad_icaa"
106;21;25.0;"nacionalidad_icaa"
106;26;50.0;"nacionalidad_icaa"
107;17;100.0;"nacionalidad_icaa"
108;17;100.0;"nacionalidad_icaa"
109;17;100.0;"nacionalidad_icaa"
110;17;78.0;"nacionalidad_icaa"
110;33;22.0;"nacionalidad_icaa"
111;17;80.0;"nacionalidad_icaa"
111;26;20.0;"nacionalidad_icaa"
112;17;100.0;"nacionalidad_icaa"
113;17;100.0;"nacionalidad_icaa"
114;17;100.0;"nacionalidad_icaa"
115;17;100.0;"nacionalidad_icaa"
116;17;100.0;"nacionalidad_icaa"
117;17;78.44;"nacionalidad_icaa"
117;21;21.56;"nacionalidad_icaa"
118;17;100.0;"nacionalidad_icaa"
119;17;80.0;"nacionalidad_icaa"
119;18;20.0;"nacionalidad_icaa"
120;17;40.0;"nacionalidad_icaa"
120;21;17.0;"nacionalidad_icaa"
120;3;27.0;"nacionalidad_icaa"
120;10;16.0;"nacionalidad_icaa"
121;17;100.0;"nacionalidad_icaa"
122;17;59.62;"nacionalidad_icaa"
122;25;23.5;"nacionalidad_icaa"
122;28;16.88;"nacionalidad_icaa"
123;17;100.0;"nacionalidad_icaa"
124;17;100.0;"nacionalidad_icaa"
125;17;100.0;"nacionalidad_icaa"
126;17;100.0;"nacionalidad_icaa"
127;17;100.0;"nacionalidad_icaa"
128;17;100.0;"nacionalidad_icaa"
129;17;100.0;"nacionalidad_icaa"
130;17;100.0;"nacionalidad_icaa"
131;17;100.0;"nacionalidad_icaa"
132;17;100.0;"nacionalidad_icaa"
133;17;100.0;"nacionalidad_icaa"
134;17;100.0;"nacionalidad_icaa"
135;17;100.0;"nacionalidad_icaa"
136;17;100.0;"nacionalidad_icaa"
137;17;100.0;"nacionalidad_icaa"
138;17;25.0;"nacionalidad_icaa"
138;14;75.0;"nacionalidad_icaa"
139;17;80.0;"nacionalidad_icaa"
139;14;20.0;"nacionalidad_icaa"
140;17;100.0;"nacionalidad_icaa"
141;17;80.0;"nacionalidad_icaa"
141;40;20.0;"nacionalidad_icaa"
142;17;77.34;"nacionalidad_icaa"
142;1;22.66;"nacionalidad_icaa"
143;17;80.0;"nacionalidad_icaa"
143;3;20.0;"nacionalidad_icaa"
144;17;77.28;"nacionalidad_icaa"
144;40;22.72;"nacionalidad_icaa"
145;17;100.0;"nacionalidad_icaa"
146;17;100.0;"nacionalidad_icaa"
147;17;100.0;"nacionalidad_icaa"
148;17;100.0;"nacionalidad_icaa"
149;17;100.0;"nacionalidad_icaa"
150;17;100.0;"nacionalidad_icaa"
151;17;100.0;"nacionalidad_icaa"
152;17;100.0;"nacionalidad_icaa"
154;17;100.0;"nacionalidad_icaa"
155;17;100.0;"nacionalidad_icaa"
156;17;100.0;"nacionalidad_icaa"
157;17;100.0;"nacionalidad_icaa"
158;17;100.0;"nacionalidad_icaa"
159;52;100.0;"nacionalidad_icaa"
160;17;100.0;"nacionalidad_icaa"
161;17;70.0;"nacionalidad_icaa"
161;19;30.0;"nacionalidad_icaa"
162;17;100.0;"nacionalidad_icaa"
163;17;100.0;"nacionalidad_icaa"
164;17;100.0;"nacionalidad_icaa"
165;17;100.0;"nacionalidad_icaa"
166;17;100.0;"nacionalidad_icaa"
167;17;80.0;"nacionalidad_icaa"
167;18;20.0;"nacionalidad_icaa"
168;48;100.0;"nacionalidad_icaa"
169;17;100.0;"nacionalidad_icaa"
170;17;100.0;"nacionalidad_icaa"
171;17;100.0;"nacionalidad_icaa"
172;17;100.0;"nacionalidad_icaa"
173;17;100.0;"nacionalidad_icaa"
174;17;80.0;"nacionalidad_icaa"
174;21;20.0;"nacionalidad_icaa"
175;17;80.0;"nacionalidad_icaa"
175;18;20.0;"nacionalidad_icaa"
176;17;100.0;"nacionalidad_icaa"
177;17;10.0;"nacionalidad_icaa"
177;18;90.0;"nacionalidad_icaa"
178;17;51.0;"nacionalidad_icaa"
178;3;49.0;"nacionalidad_icaa"
179;17;100.0;"nacionalidad_icaa"
180;17;100.0;"nacionalidad_icaa"
181;17;90.0;"nacionalidad_icaa"
181;3;10.0;"nacionalidad_icaa"
182;17;100.0;"nacionalidad_icaa"
183;17;80.0;"nacionalidad_icaa"
183;21;20.0;"nacionalidad_icaa"
184;17;100.0;"nacionalidad_icaa"
185;17;100.0;"nacionalidad_icaa"
186;17;100.0;"nacionalidad_icaa"
187;17;100.0;"nacionalidad_icaa"
188;17;80.0;"nacionalidad_icaa"
188;54;20.0;"nacionalidad_icaa"
189;17;100.0;"nacionalidad_icaa"
190;2;100.0;"nacionalidad_icaa"
191;17;100.0;"nacionalidad_icaa"
192;17;100.0;"nacionalidad_icaa"
193;17;25.0;"nacionalidad_icaa"
193;1;15.0;"nacionalidad_icaa"
193;42;60.0;"nacionalidad_icaa"
194;17;100.0;"nacionalidad_icaa"
195;17;70.0;"nacionalidad_icaa"
195;21;20.0;"nacionalidad_icaa"
195;26;10.0;"nacionalidad_icaa"
196;17;74.34;"nacionalidad_icaa"
196;21;25.66;"nacionalidad_icaa"
197;48;100.0;"nacionalidad_icaa"
198;17;65.9;"nacionalidad_icaa"
198;21;24.1;"nacionalidad_icaa"
198;3;10.0;"nacionalidad_icaa"
199;17;17.72;"nacionalidad_icaa"
199;21;69.81;"nacionalidad_icaa"
199;40;12.47;"nacionalidad_icaa"
200;17;100.0;"nacionalidad_icaa"
201;17;100.0;"nacionalidad_icaa"
202;17;100.0;"nacionalidad_icaa"
203;17;80.0;"nacionalidad_icaa"
203;3;20.0;"nacionalidad_icaa"
204;17;100.0;"nacionalidad_icaa"
205;17;100.0;"nacionalidad_icaa"
206;17;100.0;"nacionalidad_icaa"
207;17;100.0;"nacionalidad_icaa"
208;17;100.0;"nacionalidad_icaa"
209;17;100.0;"nacionalidad_icaa"
210;17;80.0;"nacionalidad_icaa"
210;26;20.0;"nacionalidad_icaa"
211;17;100.0;"nacionalidad_icaa"
212;17;80.0;"nacionalidad_icaa"
212;1;20.0;"nacionalidad_icaa"
213;17;100.0;"nacionalidad_icaa"
214;17;50.0;"nacionalidad_icaa"
214;3;20.0;"nacionalidad_icaa"
214;11;30.0;"nacionalidad_icaa"
215;17;100.0;"nacionalidad_icaa"
216;17;83.37;"nacionalidad_icaa"
216;8;16.63;"nacionalidad_icaa"
217;17;90.0;"nacionalidad_icaa"
217;21;10.0;"nacionalidad_icaa"
218;17;100.0;"nacionalidad_icaa"
219;17;100.0;"nacionalidad_icaa"
220;4;100.0;"nacionalidad_icaa"
221;17;100.0;"nacionalidad_icaa"
222;17;100.0;"nacionalidad_icaa"
223;17;100.0;"nacionalidad_icaa"
224;17;100.0;"nacionalidad_icaa"
225;17;100.0;"nacionalidad_icaa"
226;17;100.0;"nacionalidad_icaa"
227;17;100.0;"nacionalidad_icaa"
228;17;80.0;"nacionalidad_icaa"
228;3;20.0;"nacionalidad_icaa"
229;17;80.0;"nacionalidad_icaa"
229;42;20.0;"nacionalidad_icaa"
230;17;100.0;"nacionalidad_icaa"
231;17;90.0;"nacionalidad_icaa"
231;8;10.0;"nacionalidad_icaa"
232;17;80.0;"nacionalidad_icaa"
232;40;20.0;"nacionalidad_icaa"
233;17;100.0;"nacionalidad_icaa"
234;17;100.0;"nacionalidad_icaa"
235;17;100.0;"nacionalidad_icaa"
236;17;80.0;"nacionalidad_icaa"
236;33;20.0;"nacionalidad_icaa"
237;17;100.0;"nacionalidad_icaa"
238;17;100.0;"nacionalidad_icaa"
239;17;80.0;"nacionalidad_icaa"
239;40;20.0;"nacionalidad_icaa"
240;17;90.0;"nacionalidad_icaa"
240;8;10.0;"nacionalidad_icaa"
241;17;100.0;"nacionalidad_icaa"
242;17;100.0;"nacionalidad_icaa"
243;17;80.0;"nacionalidad_icaa"
243;26;20.0;"nacionalidad_icaa"
244;17;100.0;"nacionalidad_icaa"
245;17;100.0;"nacionalidad_icaa"
246;17;23.4;"nacionalidad_icaa"
246;4;76.6;"nacionalidad_icaa"
247;17;100.0;"nacionalidad_icaa"
248;17;100.0;"nacionalidad_icaa"
249;17;20.0;"nacionalidad_icaa"
249;21;46.0;"nacionalidad_icaa"
249;26;10.0;"nacionalidad_icaa"
249;40;24.0;"nacionalidad_icaa"
250;17;100.0;"nacionalidad_icaa"
251;17;100.0;"nacionalidad_icaa"
252;17;100.0;"nacionalidad_icaa"
253;17;25.0;"nacionalidad_icaa"
253;24;75.0;"nacionalidad_icaa"
254;17;100.0;"nacionalidad_icaa"
255;17;100.0;"nacionalidad_icaa"
256;17;100.0;"nacionalidad_icaa"
257;17;100.0;"nacionalidad_icaa"
258;17;80.0;"nacionalidad_icaa"
258;21;20.0;"nacionalidad_icaa"
259;17;100.0;"nacionalidad_icaa"
260;17;100.0;"nacionalidad_icaa"
261;17;100.0;"nacionalidad_icaa"
262;17;100.0;"nacionalidad_icaa"
263;17;100.0;"nacionalidad_icaa"
264;17;100.0;"nacionalidad_icaa"
265;17;100.0;"nacionalidad_icaa"
266;17;100.0;"nacionalidad_icaa"
267;17;100.0;"nacionalidad_icaa"
268;17;100.0;"nacionalidad_icaa"
269;17;100.0;"nacionalidad_icaa"
270;17;100.0;"nacionalidad_icaa"
271;17;90.0;"nacionalidad_icaa"
271;54;10.0;"nacionalidad_icaa"
272;17;100.0;"nacionalidad_icaa"
273;17;100.0;"nacionalidad_icaa"
274;17;100.0;"nacionalidad_icaa"
275;17;100.0;"nacionalidad_icaa"
276;17;19.48;"nacionalidad_icaa"
276;8;56.0;"nacionalidad_icaa"
276;21;24.52;"nacionalidad_icaa"
277;17;90.0;"nacionalidad_icaa"
277;21;10.0;"nacionalidad_icaa"
278;17;100.0;"nacionalidad_icaa"
279;48;100.0;"nacionalidad_icaa"
280;17;61.2;"nacionalidad_icaa"
280;21;38.8;"nacionalidad_icaa"
281;17;100.0;"nacionalidad_icaa"
282;17;60.0;"nacionalidad_icaa"
282;1;30.0;"nacionalidad_icaa"
282;49;10.0;"nacionalidad_icaa"
283;17;100.0;"nacionalidad_icaa"
284;17;100.0;"nacionalidad_icaa"
285;17;90.0;"nacionalidad_icaa"
285;21;10.0;"nacionalidad_icaa"
286;17;100.0;"nacionalidad_icaa"
287;17;100.0;"nacionalidad_icaa"
288;17;80.0;"nacionalidad_icaa"
288;40;20.0;"nacionalidad_icaa"
289;17;100.0;"nacionalidad_icaa"
290;17;100.0;"nacionalidad_icaa"
291;17;100.0;"nacionalidad_icaa"
292;17;100.0;"nacionalidad_icaa"
293;17;100.0;"nacionalidad_icaa"
294;17;100.0;"nacionalidad_icaa"
295;17;100.0;"nacionalidad_icaa"
296;17;80.0;"nacionalidad_icaa"
296;33;20.0;"nacionalidad_icaa"
297;17;100.0;"nacionalidad_icaa"
298;17;100.0;"nacionalidad_icaa"
299;17;100.0;"nacionalidad_icaa"
300;17;100.0;"nacionalidad_icaa"
301;17;100.0;"nacionalidad_icaa"
302;17;80.0;"nacionalidad_icaa"
302;33;20.0;"nacionalidad_icaa"
303;17;100.0;"nacionalidad_icaa"
304;17;100.0;"nacionalidad_icaa"
305;17;80.0;"nacionalidad_icaa"
305;21;20.0;"nacionalidad_icaa"
306;17;80.0;"nacionalidad_icaa"
306;21;20.0;"nacionalidad_icaa"
307;17;100.0;"nacionalidad_icaa"
308;17;90.0;"nacionalidad_icaa"
308;21;10.0;"nacionalidad_icaa"
309;17;70.0;"nacionalidad_icaa"
309;40;30.0;"nacionalidad_icaa"
310;17;100.0;"nacionalidad_icaa"
311;17;100.0;"nacionalidad_icaa"
312;17;100.0;"nacionalidad_icaa"
313;17;100.0;"nacionalidad_icaa"
314;17;70.0;"nacionalidad_icaa"
314;33;30.0;"nacionalidad_icaa"
315;17;100.0;"nacionalidad_icaa"
316;17;100.0;"nacionalidad_icaa"
317;17;100.0;"nacionalidad_icaa"
318;17;100.0;"nacionalidad_icaa"
319;17;100.0;"nacionalidad_icaa"
320;17;100.0;"nacionalidad_icaa"
321;17;100.0;"nacionalidad_icaa"
322;17;100.0;"nacionalidad_icaa"
323;17;100.0;"nacionalidad_icaa"
324;17;100.0;"nacionalidad_icaa"
325;17;100.0;"nacionalidad_icaa"
326;17;100.0;"nacionalidad_icaa"
327;17;100.0;"nacionalidad_icaa"
328;17;100.0;"nacionalidad_icaa"
329;17;90.0;"nacionalidad_icaa"
329;21;10.0;"nacionalidad_icaa"
330;17;100.0;"nacionalidad_icaa"
331;17;100.0;"nacionalidad_icaa"
332;17;100.0;"nacionalidad_icaa"
333;17;100.0;"nacionalidad_icaa"
334;17;49.0;"nacionalidad_icaa"
334;36;51.0;"nacionalidad_icaa"
335;17;80.0;"nacionalidad_icaa"
335;21;20.0;"nacionalidad_icaa"
336;17;100.0;"nacionalidad_icaa"
337;17;100.0;"nacionalidad_icaa"
338;17;54.0;"nacionalidad_icaa"
338;3;46.0;"nacionalidad_icaa"
339;17;100.0;"nacionalidad_icaa"
340;17;80.0;"nacionalidad_icaa"
340;1;20.0;"nacionalidad_icaa"
341;17;80.0;"nacionalidad_icaa"
341;21;20.0;"nacionalidad_icaa"
342;17;100.0;"nacionalidad_icaa"
343;17;80.0;"nacionalidad_icaa"
343;40;20.0;"nacionalidad_icaa"
344;17;100.0;"nacionalidad_icaa"
345;17;100.0;"nacionalidad_icaa"
346;17;100.0;"nacionalidad_icaa"
347;17;100.0;"nacionalidad_icaa"
348;17;80.0;"nacionalidad_icaa"
348;21;20.0;"nacionalidad_icaa"
349;17;75.55;"nacionalidad_icaa"
349;44;24.45;"nacionalidad_icaa"
350;17;100.0;"nacionalidad_icaa"
351;17;80.0;"nacionalidad_icaa"
351;21;20.0;"nacionalidad_icaa"
352;17;90.0;"nacionalidad_icaa"
352;21;10.0;"nacionalidad_icaa"
353;17;100.0;"nacionalidad_icaa"
354;17;100.0;"nacionalidad_icaa"
355;17;80.0;"nacionalidad_icaa"
355;40;20.0;"nacionalidad_icaa"
356;48;100.0;"nacionalidad_icaa"
357;17;100.0;"nacionalidad_icaa"
358;17;100.0;"nacionalidad_icaa"
359;17;100.0;"nacionalidad_icaa"
360;17;80.0;"nacionalidad_icaa"
360;18;20.0;"nacionalidad_icaa"
361;17;100.0;"nacionalidad_icaa"
362;17;100.0;"nacionalidad_icaa"
363;17;100.0;"nacionalidad_icaa"
364;17;100.0;"nacionalidad_icaa"
365;17;100.0;"nacionalidad_icaa"
366;17;100.0;"nacionalidad_icaa"
367;17;100.0;"nacionalidad_icaa"
368;17;80.0;"nacionalidad_icaa"
368;21;20.0;"nacionalidad_icaa"
369;17;100.0;"nacionalidad_icaa"
370;17;100.0;"nacionalidad_icaa"
371;17;100.0;"nacionalidad_icaa"
372;17;100.0;"nacionalidad_icaa"
373;17;100.0;"nacionalidad_icaa"
374;17;100.0;"nacionalidad_icaa"
375;17;100.0;"nacionalidad_icaa"
376;17;90.0;"nacionalidad_icaa"
376;3;10.0;"nacionalidad_icaa"
377;17;100.0;"nacionalidad_icaa"
378;17;100.0;"nacionalidad_icaa"
379;17;75.0;"nacionalidad_icaa"
379;1;25.0;"nacionalidad_icaa"
380;17;100.0;"nacionalidad_icaa"
381;17;80.0;"nacionalidad_icaa"
381;38;20.0;"nacionalidad_icaa"
382;17;100.0;"nacionalidad_icaa"
383;48;100.0;"nacionalidad_icaa"
384;17;100.0;"nacionalidad_icaa"
385;17;100.0;"nacionalidad_icaa"
386;17;100.0;"nacionalidad_icaa"
387;17;100.0;"nacionalidad_icaa"
388;17;80.0;"nacionalidad_icaa"
388;40;20.0;"nacionalidad_icaa"
389;17;100.0;"nacionalidad_icaa"
390;17;100.0;"nacionalidad_icaa"
391;17;80.0;"nacionalidad_icaa"
391;38;20.0;"nacionalidad_icaa"
392;17;70.0;"nacionalidad_icaa"
392;21;10.0;"nacionalidad_icaa"
392;3;20.0;"nacionalidad_icaa"
393;17;100.0;"nacionalidad_icaa"
394;17;100.0;"nacionalidad_icaa"
395;17;100.0;"nacionalidad_icaa"
396;17;100.0;"nacionalidad_icaa"
397;17;32.6;"nacionalidad_icaa"
397;21;67.4;"nacionalidad_icaa"
398;17;100.0;"nacionalidad_icaa"
399;17;100.0;"nacionalidad_icaa"
400;17;100.0;"nacionalidad_icaa"
401;17;100.0;"nacionalidad_icaa"
402;17;100.0;"nacionalidad_icaa"
403;17;100.0;"nacionalidad_icaa"
404;17;100.0;"nacionalidad_icaa"
405;17;100.0;"nacionalidad_icaa"
406;17;80.0;"nacionalidad_icaa"
406;26;20.0;"nacionalidad_icaa"
407;17;100.0;"nacionalidad_icaa"
408;17;100.0;"nacionalidad_icaa"
409;17;100.0;"nacionalidad_icaa"
410;17;20.0;"nacionalidad_icaa"
410;3;80.0;"nacionalidad_icaa"
411;17;100.0;"nacionalidad_icaa"
412;17;100.0;"nacionalidad_icaa"
413;17;100.0;"nacionalidad_icaa"
414;17;100.0;"nacionalidad_icaa"
415;17;100.0;"nacionalidad_icaa"
416;17;80.0;"nacionalidad_icaa"
416;40;20.0;"nacionalidad_icaa"
417;17;57.0;"nacionalidad_icaa"
417;6;23.0;"nacionalidad_icaa"
417;33;20.0;"nacionalidad_icaa"
418;17;100.0;"nacionalidad_icaa"
419;17;100.0;"nacionalidad_icaa"
420;17;80.0;"nacionalidad_icaa"
420;8;20.0;"nacionalidad_icaa"
421;17;80.0;"nacionalidad_icaa"
421;40;20.0;"nacionalidad_icaa"
422;17;100.0;"nacionalidad_icaa"
423;17;100.0;"nacionalidad_icaa"
424;17;100.0;"nacionalidad_icaa"
425;17;100.0;"nacionalidad_icaa"
426;17;100.0;"nacionalidad_icaa"
427;17;79.89;"nacionalidad_icaa"
427;38;20.11;"nacionalidad_icaa"
428;17;76.36;"nacionalidad_icaa"
428;8;23.64;"nacionalidad_icaa"
429;17;100.0;"nacionalidad_icaa"
430;17;100.0;"nacionalidad_icaa"
431;17;80.0;"nacionalidad_icaa"
431;3;20.0;"nacionalidad_icaa"
432;17;90.0;"nacionalidad_icaa"
432;26;10.0;"nacionalidad_icaa"
433;17;100.0;"nacionalidad_icaa"
434;17;60.0;"nacionalidad_icaa"
434;26;20.0;"nacionalidad_icaa"
434;12;20.0;"nacionalidad_icaa"
435;17;50.5;"nacionalidad_icaa"
435;21;29.5;"nacionalidad_icaa"
435;10;20.0;"nacionalidad_icaa"
436;17;100.0;"nacionalidad_icaa"
437;17;100.0;"nacionalidad_icaa"
438;17;100.0;"nacionalidad_icaa"
439;17;100.0;"nacionalidad_icaa"
440;17;100.0;"nacionalidad_icaa"
441;17;100.0;"nacionalidad_icaa"
442;17;100.0;"nacionalidad_icaa"
443;17;100.0;"nacionalidad_icaa"
444;17;80.0;"nacionalidad_icaa"
444;40;20.0;"nacionalidad_icaa"
445;17;77.0;"nacionalidad_icaa"
445;29;23.0;"nacionalidad_icaa"
446;17;100.0;"nacionalidad_icaa"
447;17;80.0;"nacionalidad_icaa"
447;33;20.0;"nacionalidad_icaa"
448;17;100.0;"nacionalidad_icaa"
449;17;90.0;"nacionalidad_icaa"
449;33;10.0;"nacionalidad_icaa"
450;17;100.0;"nacionalidad_icaa"
451;17;100.0;"nacionalidad_icaa"
452;17;10.0;"nacionalidad_icaa"
452;54;90.0;"nacionalidad_icaa"
453;17;100.0;"nacionalidad_icaa"
454;17;100.0;"nacionalidad_icaa"
455;17;100.0;"nacionalidad_icaa"
456;17;100.0;"nacionalidad_icaa"
457;17;100.0;"nacionalidad_icaa"
458;17;100.0;"nacionalidad_icaa"
459;17;100.0;"nacionalidad_icaa"
460;17;100.0;"nacionalidad_icaa"
461;17;100.0;"nacionalidad_icaa"
462;17;100.0;"nacionalidad_icaa"
463;17;100.0;"nacionalidad_icaa"
464;17;80.0;"nacionalidad_icaa"
464;8;20.0;"nacionalidad_icaa"
465;17;100.0;"nacionalidad_icaa"
466;17;100.0;"nacionalidad_icaa"
467;17;100.0;"nacionalidad_icaa"
468;17;100.0;"nacionalidad_icaa"
469;17;100.0;"nacionalidad_icaa"
470;17;100.0;"nacionalidad_icaa"
471;17;80.0;"nacionalidad_icaa"
472;17;100.0;"nacionalidad_icaa"
473;17;100.0;"nacionalidad_icaa"
474;17;100.0;"nacionalidad_icaa"
475;17;35.53;"nacionalidad_icaa"
475;1;12.85;"nacionalidad_icaa"
475;8;23.24;"nacionalidad_icaa"
475;39;28.39;"nacionalidad_icaa"
476;17;100.0;"nacionalidad_icaa"
477;17;100.0;"nacionalidad_icaa"
478;17;100.0;"nacionalidad_icaa"
479;17;100.0;"nacionalidad_icaa"
480;17;100.0;"nacionalidad_icaa"
481;17;100.0;"nacionalidad_icaa"
482;17;100.0;"nacionalidad_icaa"
483;17;100.0;"nacionalidad_icaa"
484;17;100.0;"nacionalidad_icaa"
485;17;100.0;"nacionalidad_icaa"
486;17;100.0;"nacionalidad_icaa"
487;17;100.0;"nacionalidad_icaa"
488;17;49.59;"nacionalidad_icaa"
488;21;31.51;"nacionalidad_icaa"
488;29;18.9;"nacionalidad_icaa"
489;17;100.0;"nacionalidad_icaa"
490;17;100.0;"nacionalidad_icaa"
491;17;100.0;"nacionalidad_icaa"
492;17;100.0;"nacionalidad_icaa"
493;17;80.0;"nacionalidad_icaa"
493;33;20.0;"nacionalidad_icaa"
494;17;100.0;"nacionalidad_icaa"
495;17;100.0;"nacionalidad_icaa"
496;17;100.0;"nacionalidad_icaa"
497;17;100.0;"nacionalidad_icaa"
498;17;100.0;"nacionalidad_icaa"
499;17;100.0;"nacionalidad_icaa"
500;17;100.0;"nacionalidad_icaa"
501;17;100.0;"nacionalidad_icaa"
502;17;100.0;"nacionalidad_icaa"
503;17;100.0;"nacionalidad_icaa"
504;17;70.0;"nacionalidad_icaa"
504;1;10.0;"nacionalidad_icaa"
504;31;20.0;"nacionalidad_icaa"
505;17;100.0;"nacionalidad_icaa"
506;17;100.0;"nacionalidad_icaa"
507;17;100.0;"nacionalidad_icaa"
508;17;100.0;"nacionalidad_icaa"
509;17;100.0;"nacionalidad_icaa"
510;17;100.0;"nacionalidad_icaa"
511;17;100.0;"nacionalidad_icaa"
512;17;89.13;"nacionalidad_icaa"
512;21;10.87;"nacionalidad_icaa"
513;17;38.86;"nacionalidad_icaa"
513;3;61.14;"nacionalidad_icaa"
514;17;100.0;"nacionalidad_icaa"
515;17;100.0;"nacionalidad_icaa"
516;17;100.0;"nacionalidad_icaa"
517;17;80.0;"nacionalidad_icaa"
517;33;20.0;"nacionalidad_icaa"
518;17;80.0;"nacionalidad_icaa"
518;1;20.0;"nacionalidad_icaa"
519;17;100.0;"nacionalidad_icaa"
520;17;100.0;"nacionalidad_icaa"
521;17;89.4;"nacionalidad_icaa"
521;21;10.6;"nacionalidad_icaa"
522;17;90.0;"nacionalidad_icaa"
522;3;10.0;"nacionalidad_icaa"
523;17;80.0;"nacionalidad_icaa"
523;33;20.0;"nacionalidad_icaa"
524;17;100.0;"nacionalidad_icaa"
525;17;100.0;"nacionalidad_icaa"
526;17;100.0;"nacionalidad_icaa"
527;17;100.0;"nacionalidad_icaa"
528;17;100.0;"nacionalidad_icaa"
529;17;100.0;"nacionalidad_icaa"
530;17;100.0;"nacionalidad_icaa"
531;17;100.0;"nacionalidad_icaa"
532;17;100.0;"nacionalidad_icaa"
533;17;100.0;"nacionalidad_icaa"
534;17;40.0;"nacionalidad_icaa"
534;18;60.0;"nacionalidad_icaa"
535;17;100.0;"nacionalidad_icaa"
536;17;100.0;"nacionalidad_icaa"
537;17;100.0;"nacionalidad_icaa"
538;17;100.0;"nacionalidad_icaa"
539;17;100.0;"nacionalidad_icaa"
540;17;100.0;"nacionalidad_icaa"
541;17;100.0;"nacionalidad_icaa"
542;17;100.0;"nacionalidad_icaa"
543;17;100.0;"nacionalidad_icaa"
544;17;100.0;"nacionalidad_icaa"
545;17;100.0;"nacionalidad_icaa"
546;17;100.0;"nacionalidad_icaa"
547;17;100.0;"nacionalidad_icaa"
548;17;100.0;"nacionalidad_icaa"
549;17;100.0;"nacionalidad_icaa"
550;17;100.0;"nacionalidad_icaa"
551;17;10.0;"nacionalidad_icaa"
551;8;66.0;"nacionalidad_icaa"
551;21;24.0;"nacionalidad_icaa"
552;26;100.0;"nacionalidad_icaa"
553;17;100.0;"nacionalidad_icaa"
554;17;100.0;"nacionalidad_icaa"
555;17;100.0;"nacionalidad_icaa"
556;17;100.0;"nacionalidad_icaa"
557;17;100.0;"nacionalidad_icaa"
558;17;100.0;"nacionalidad_icaa"
559;17;100.0;"nacionalidad_icaa"
560;17;100.0;"nacionalidad_icaa"
561;17;100.0;"nacionalidad_icaa"
562;17;100.0;"nacionalidad_icaa"
563;17;100.0;"nacionalidad_icaa"
564;17;100.0;"nacionalidad_icaa"
565;21;100.0;"nacionalidad_icaa"
566;17;100.0;"nacionalidad_icaa"
567;17;100.0;"nacionalidad_icaa"
568;17;100.0;"nacionalidad_icaa"
569;17;100.0;"nacionalidad_icaa"
570;17;100.0;"nacionalidad_icaa"
571;17;100.0;"nacionalidad_icaa"
572;17;100.0;"nacionalidad_icaa"
573;17;100.0;"nacionalidad_icaa"
574;17;100.0;"nacionalidad_icaa"
575;17;100.0;"nacionalidad_icaa"
576;17;100.0;"nacionalidad_icaa"
577;17;100.0;"nacionalidad_icaa"
578;17;100.0;"nacionalidad_icaa"
579;17;100.0;"nacionalidad_icaa"
580;17;100.0;"nacionalidad_icaa"
581;17;100.0;"nacionalidad_icaa"
582;17;100.0;"nacionalidad_icaa"
583;17;100.0;"nacionalidad_icaa"
584;17;100.0;"nacionalidad_icaa"
585;17;100.0;"nacionalidad_icaa"
586;17;100.0;"nacionalidad_icaa"
587;17;100.0;"nacionalidad_icaa"
588;17;100.0;"nacionalidad_icaa"
589;17;100.0;"nacionalidad_icaa"
590;17;100.0;"nacionalidad_icaa"
591;17;100.0;"nacionalidad_icaa"
592;17;100.0;"nacionalidad_icaa"
593;17;100.0;"nacionalidad_icaa"
594;17;100.0;"nacionalidad_icaa"
595;17;100.0;"nacionalidad_icaa"
596;17;100.0;"nacionalidad_icaa"
597;17;100.0;"nacionalidad_icaa"
598;17;100.0;"nacionalidad_icaa"
599;17;100.0;"nacionalidad_icaa"
600;17;100.0;"nacionalidad_icaa"
601;17;40.0;"nacionalidad_icaa"
601;18;60.0;"nacionalidad_icaa"
602;17;100.0;"nacionalidad_icaa"
603;17;100.0;"nacionalidad_icaa"
604;17;100.0;"nacionalidad_icaa"
605;17;100.0;"nacionalidad_icaa"
606;17;83.77;"nacionalidad_icaa"
606;8;16.23;"nacionalidad_icaa"
607;17;100.0;"nacionalidad_icaa"
608;17;100.0;"nacionalidad_icaa"
609;17;100.0;"nacionalidad_icaa"
610;17;100.0;"nacionalidad_icaa"
611;17;100.0;"nacionalidad_icaa"
612;17;100.0;"nacionalidad_icaa"
613;17;100.0;"nacionalidad_icaa"
614;17;70.0;"nacionalidad_icaa"
614;21;10.0;"nacionalidad_icaa"
614;33;20.0;"nacionalidad_icaa"
615;17;100.0;"nacionalidad_icaa"
616;17;100.0;"nacionalidad_icaa"
617;17;20.0;"nacionalidad_icaa"
617;3;80.0;"nacionalidad_icaa"
618;17;100.0;"nacionalidad_icaa"
619;17;100.0;"nacionalidad_icaa"
620;17;100.0;"nacionalidad_icaa"
621;48;100.0;"nacionalidad_icaa"
622;17;20.0;"nacionalidad_icaa"
622;18;80.0;"nacionalidad_icaa"
623;26;100.0;"nacionalidad_icaa"
624;17;100.0;"nacionalidad_icaa"
625;17;100.0;"nacionalidad_icaa"
626;17;100.0;"nacionalidad_icaa"
627;17;100.0;"nacionalidad_icaa"
628;17;100.0;"nacionalidad_icaa"
629;17;100.0;"nacionalidad_icaa"
630;17;100.0;"nacionalidad_icaa"
631;17;100.0;"nacionalidad_icaa"
632;17;100.0;"nacionalidad_icaa"
633;17;100.0;"nacionalidad_icaa"
634;17;100.0;"nacionalidad_icaa"
635;17;100.0;"nacionalidad_icaa"
636;17;100.0;"nacionalidad_icaa"
637;17;80.0;"nacionalidad_icaa"
637;44;20.0;"nacionalidad_icaa"
638;17;100.0;"nacionalidad_icaa"
639;17;100.0;"nacionalidad_icaa"
640;17;100.0;"nacionalidad_icaa"
641;17;100.0;"nacionalidad_icaa"
642;17;100.0;"nacionalidad_icaa"
643;17;100.0;"nacionalidad_icaa"
644;17;100.0;"nacionalidad_icaa"
645;17;100.0;"nacionalidad_icaa"
646;17;100.0;"nacionalidad_icaa"
647;17;100.0;"nacionalidad_icaa"
648;17;100.0;"nacionalidad_icaa"
649;17;100.0;"nacionalidad_icaa"
650;17;40.0;"nacionalidad_icaa"
650;31;60.0;"nacionalidad_icaa"
651;17;100.0;"nacionalidad_icaa"
652;17;100.0;"nacionalidad_icaa"
653;17;100.0;"nacionalidad_icaa"
654;17;100.0;"nacionalidad_icaa"
655;17;100.0;"nacionalidad_icaa"
656;17;100.0;"nacionalidad_icaa"
657;17;100.0;"nacionalidad_icaa"
658;17;100.0;"nacionalidad_icaa"
659;17;100.0;"nacionalidad_icaa"
660;17;100.0;"nacionalidad_icaa"
661;17;100.0;"nacionalidad_icaa"
662;17;100.0;"nacionalidad_icaa"
663;17;100.0;"nacionalidad_icaa"
664;17;100.0;"nacionalidad_icaa"
665;17;100.0;"nacionalidad_icaa"
666;17;100.0;"nacionalidad_icaa"
667;17;20.0;"nacionalidad_icaa"
667;3;40.0;"nacionalidad_icaa"
667;6;20.0;"nacionalidad_icaa"
667;10;20.0;"nacionalidad_icaa"
668;17;100.0;"nacionalidad_icaa"
669;17;100.0;"nacionalidad_icaa"
670;17;100.0;"nacionalidad_icaa"
671;17;100.0;"nacionalidad_icaa"
672;17;100.0;"nacionalidad_icaa"
673;17;100.0;"nacionalidad_icaa"
674;17;100.0;"nacionalidad_icaa"
675;17;75.0;"nacionalidad_icaa"
675;54;25.0;"nacionalidad_icaa"
676;17;100.0;"nacionalidad_icaa"
677;17;100.0;"nacionalidad_icaa"
678;17;100.0;"nacionalidad_icaa"
679;17;100.0;"nacionalidad_icaa"
680;17;100.0;"nacionalidad_icaa"
681;17;45.0;"nacionalidad_icaa"
681;33;55.0;"nacionalidad_icaa"
682;17;100.0;"nacionalidad_icaa"
683;17;100.0;"nacionalidad_icaa"
684;17;100.0;"nacionalidad_icaa"
685;33;100.0;"nacionalidad_icaa"
686;17;100.0;"nacionalidad_icaa"
687;17;80.0;"nacionalidad_icaa"
687;26;20.0;"nacionalidad_icaa"
688;17;100.0;"nacionalidad_icaa"
689;17;100.0;"nacionalidad_icaa"
690;17;100.0;"nacionalidad_icaa"
691;17;100.0;"nacionalidad_icaa"
692;17;100.0;"nacionalidad_icaa"
693;17;100.0;"nacionalidad_icaa"
694;17;80.0;"nacionalidad_icaa"
694;33;20.0;"nacionalidad_icaa"
695;17;100.0;"nacionalidad_icaa"
696;17;100.0;"nacionalidad_icaa"
697;17;100.0;"nacionalidad_icaa"
698;17;100.0;"nacionalidad_icaa"
699;17;100.0;"nacionalidad_icaa"
700;17;100.0;"nacionalidad_icaa"
701;17;100.0;"nacionalidad_icaa"
702;17;100.0;"nacionalidad_icaa"
703;17;100.0;"nacionalidad_icaa"
704;17;100.0;"nacionalidad_icaa"
705;17;100.0;"nacionalidad_icaa"
706;17;100.0;"nacionalidad_icaa"
707;17;100.0;"nacionalidad_icaa"
708;17;100.0;"nacionalidad_icaa"
709;17;100.0;"nacionalidad_icaa"
710;17;90.0;"nacionalidad_icaa"
710;21;10.0;"nacionalidad_icaa"
711;17;79.61;"nacionalidad_icaa"
711;40;20.39;"nacionalidad_icaa"
712;17;100.0;"nacionalidad_icaa"
713;17;100.0;"nacionalidad_icaa"
714;17;10.0;"nacionalidad_icaa"
714;33;20.0;"nacionalidad_icaa"
714;38;70.0;"nacionalidad_icaa"
715;17;100.0;"nacionalidad_icaa"
716;17;100.0;"nacionalidad_icaa"
717;17;100.0;"nacionalidad_icaa"
718;17;100.0;"nacionalidad_icaa"
719;17;100.0;"nacionalidad_icaa"
720;17;100.0;"nacionalidad_icaa"
721;17;100.0;"nacionalidad_icaa"
722;17;100.0;"nacionalidad_icaa"
723;17;100.0;"nacionalidad_icaa"
724;17;100.0;"nacionalidad_icaa"
725;17;100.0;"nacionalidad_icaa"
726;17;100.0;"nacionalidad_icaa"
727;17;30.0;"nacionalidad_icaa"
727;4;70.0;"nacionalidad_icaa"
728;17;100.0;"nacionalidad_icaa"
729;17;100.0;"nacionalidad_icaa"
730;17;100.0;"nacionalidad_icaa"
731;17;100.0;"nacionalidad_icaa"
732;17;20.12;"nacionalidad_icaa"
732;26;79.88;"nacionalidad_icaa"
733;17;100.0;"nacionalidad_icaa"
734;17;100.0;"nacionalidad_icaa"
735;17;100.0;"nacionalidad_icaa"
736;17;100.0;"nacionalidad_icaa"
737;17;100.0;"nacionalidad_icaa"
738;17;100.0;"nacionalidad_icaa"
739;17;100.0;"nacionalidad_icaa"
740;17;100.0;"nacionalidad_icaa"
741;17;100.0;"nacionalidad_icaa"
742;17;100.0;"nacionalidad_icaa"
743;17;100.0;"nacionalidad_icaa"
744;17;100.0;"nacionalidad_icaa"
745;17;90.0;"nacionalidad_icaa"
745;42;10.0;"nacionalidad_icaa"
746;17;100.0;"nacionalidad_icaa"
747;17;100.0;"nacionalidad_icaa"
748;17;100.0;"nacionalidad_icaa"
749;17;100.0;"nacionalidad_icaa"
750;17;100.0;"nacionalidad_icaa"
751;17;100.0;"nacionalidad_icaa"
752;17;80.0;"nacionalidad_icaa"
752;3;20.0;"nacionalidad_icaa"
753;17;80.0;"nacionalidad_icaa"
753;26;20.0;"nacionalidad_icaa"
754;17;100.0;"nacionalidad_icaa"
755;17;100.0;"nacionalidad_icaa"
756;17;100.0;"nacionalidad_icaa"
757;17;80.0;"nacionalidad_icaa"
757;33;20.0;"nacionalidad_icaa"
758;17;100.0;"nacionalidad_icaa"
759;17;100.0;"nacionalidad_icaa"
760;17;100.0;"nacionalidad_icaa"
761;17;100.0;"nacionalidad_icaa"
762;17;100.0;"nacionalidad_icaa"
763;17;100.0;"nacionalidad_icaa"
764;17;100.0;"nacionalidad_icaa"
765;17;100.0;"nacionalidad_icaa"
766;17;100.0;"nacionalidad_icaa"
767;17;100.0;"nacionalidad_icaa"
768;17;100.0;"nacionalidad_icaa"
769;17;100.0;"nacionalidad_icaa"
770;17;100.0;"nacionalidad_icaa"
771;17;100.0;"nacionalidad_icaa"
772;17;100.0;"nacionalidad_icaa"
773;17;100.0;"nacionalidad_icaa"
774;17;80.0;"nacionalidad_icaa"
774;12;20.0;"nacionalidad_icaa"
775;17;100.0;"nacionalidad_icaa"
776;17;100.0;"nacionalidad_icaa"
777;17;90.0;"nacionalidad_icaa"
777;21;10.0;"nacionalidad_icaa"
778;17;100.0;"nacionalidad_icaa"
779;17;100.0;"nacionalidad_icaa"
780;17;100.0;"nacionalidad_icaa"
781;48;100.0;"nacionalidad_icaa"
782;17;100.0;"nacionalidad_icaa"
783;17;100.0;"nacionalidad_icaa"
784;6;100.0;"nacionalidad_icaa"
785;17;100.0;"nacionalidad_icaa"
786;17;100.0;"nacionalidad_icaa"
787;17;90.0;"nacionalidad_icaa"
787;21;10.0;"nacionalidad_icaa"
788;17;100.0;"nacionalidad_icaa"
789;17;100.0;"nacionalidad_icaa"
790;17;100.0;"nacionalidad_icaa"
791;17;100.0;"nacionalidad_icaa"
792;17;100.0;"nacionalidad_icaa"
793;17;80.0;"nacionalidad_icaa"
793;43;20.0;"nacionalidad_icaa"
794;17;100.0;"nacionalidad_icaa"
795;17;100.0;"nacionalidad_icaa"
796;17;100.0;"nacionalidad_icaa"
797;17;100.0;"nacionalidad_icaa"
798;17;100.0;"nacionalidad_icaa"
799;17;100.0;"nacionalidad_icaa"
800;17;100.0;"nacionalidad_icaa"
801;17;100.0;"nacionalidad_icaa"
802;17;100.0;"nacionalidad_icaa"
803;17;100.0;"nacionalidad_icaa"
804;17;100.0;"nacionalidad_icaa"
805;17;100.0;"nacionalidad_icaa"
806;17;75.0;"nacionalidad_icaa"
806;31;25.0;"nacionalidad_icaa"
807;17;100.0;"nacionalidad_icaa"
808;48;100.0;"nacionalidad_icaa"
809;17;100.0;"nacionalidad_icaa"
810;17;100.0;"nacionalidad_icaa"
811;17;100.0;"nacionalidad_icaa"
812;17;100.0;"nacionalidad_icaa"
813;17;100.0;"nacionalidad_icaa"
814;17;100.0;"nacionalidad_icaa"
815;17;48.8;"nacionalidad_icaa"
815;36;31.2;"nacionalidad_icaa"
815;54;20.0;"nacionalidad_icaa"
816;17;100.0;"nacionalidad_icaa"
817;17;100.0;"nacionalidad_icaa"
818;17;100.0;"nacionalidad_icaa"
819;17;100.0;"nacionalidad_icaa"
820;17;100.0;"nacionalidad_icaa"
821;17;100.0;"nacionalidad_icaa"
822;17;100.0;"nacionalidad_icaa"
823;17;100.0;"nacionalidad_icaa"
824;17;100.0;"nacionalidad_icaa"
825;17;100.0;"nacionalidad_icaa"
826;17;100.0;"nacionalidad_icaa"
828;17;100.0;"nacionalidad_icaa"
829;17;100.0;"nacionalidad_icaa"
830;17;100.0;"nacionalidad_icaa"
831;17;100.0;"nacionalidad_icaa"
832;17;100.0;"nacionalidad_icaa"
833;17;100.0;"nacionalidad_icaa"
834;17;100.0;"nacionalidad_icaa"
835;17;100.0;"nacionalidad_icaa"
836;17;100.0;"nacionalidad_icaa"
837;17;100.0;"nacionalidad_icaa"
838;17;100.0;"nacionalidad_icaa"
839;17;100.0;"nacionalidad_icaa"
840;17;100.0;"nacionalidad_icaa"
842;17;100.0;"nacionalidad_icaa"
843;17;100.0;"nacionalidad_icaa"
844;17;100.0;"nacionalidad_icaa"
845;17;100.0;"nacionalidad_icaa"
846;17;100.0;"nacionalidad_icaa"
847;17;100.0;"nacionalidad_icaa"
848;17;100.0;"nacionalidad_icaa"
849;17;100.0;"nacionalidad_icaa"
850;17;100.0;"nacionalidad_icaa"
851;17;100.0;"nacionalidad_icaa"
852;17;100.0;"nacionalidad_icaa"
853;17;100.0;"nacionalidad_icaa"
854;17;10.0;"nacionalidad_icaa"
854;1;18.0;"nacionalidad_icaa"
854;37;12.0;"nacionalidad_icaa"
854;10;36.0;"nacionalidad_icaa"
854;18;24.0;"nacionalidad_icaa"
855;17;100.0;"nacionalidad_icaa"
856;17;100.0;"nacionalidad_icaa"
857;17;100.0;"nacionalidad_icaa"
858;17;100.0;"nacionalidad_icaa"
859;17;100.0;"nacionalidad_icaa"
860;17;100.0;"nacionalidad_icaa"
861;17;100.0;"nacionalidad_icaa"
862;17;100.0;"nacionalidad_icaa"
863;17;100.0;"nacionalidad_icaa"
864;17;100.0;"nacionalidad_icaa"
865;17;100.0;"nacionalidad_icaa"
866;17;100.0;"nacionalidad_icaa"
867;17;100.0;"nacionalidad_icaa"
868;48;100.0;"nacionalidad_icaa"
869;18;100.0;"nacionalidad_icaa"
870;17;100.0;"nacionalidad_icaa"
871;17;100.0;"nacionalidad_icaa"
872;17;100.0;"nacionalidad_icaa"
873;17;100.0;"nacionalidad_icaa"
874;17;100.0;"nacionalidad_icaa"
875;17;100.0;"nacionalidad_icaa"
876;17;100.0;"nacionalidad_icaa"
877;17;100.0;"nacionalidad_icaa"
878;17;100.0;"nacionalidad_icaa"
879;17;100.0;"nacionalidad_icaa"
880;17;100.0;"nacionalidad_icaa"
881;17;100.0;"nacionalidad_icaa"
882;17;100.0;"nacionalidad_icaa"
883;42;100.0;"nacionalidad_icaa"
884;17;100.0;"nacionalidad_icaa"
885;17;20.0;"nacionalidad_icaa"
885;38;80.0;"nacionalidad_icaa"
886;17;100.0;"nacionalidad_icaa"
887;17;100.0;"nacionalidad_icaa"
888;17;100.0;"nacionalidad_icaa"
889;17;100.0;"nacionalidad_icaa"
890;17;100.0;"nacionalidad_icaa"
891;17;100.0;"nacionalidad_icaa"
892;17;100.0;"nacionalidad_icaa"
893;17;100.0;"nacionalidad_icaa"
894;17;80.0;"nacionalidad_icaa"
894;3;20.0;"nacionalidad_icaa"
895;17;100.0;"nacionalidad_icaa"
896;17;20.0;"nacionalidad_icaa"
896;18;80.0;"nacionalidad_icaa"
897;17;100.0;"nacionalidad_icaa"
898;17;80.0;"nacionalidad_icaa"
898;1;20.0;"nacionalidad_icaa"
899;17;100.0;"nacionalidad_icaa"
900;17;100.0;"nacionalidad_icaa"
901;17;100.0;"nacionalidad_icaa"
902;17;100.0;"nacionalidad_icaa"
903;17;100.0;"nacionalidad_icaa"
904;17;100.0;"nacionalidad_icaa"
905;17;100.0;"nacionalidad_icaa"
906;17;80.0;"nacionalidad_icaa"
906;52;20.0;"nacionalidad_icaa"
907;17;76.0;"nacionalidad_icaa"
907;1;24.0;"nacionalidad_icaa"
908;17;80.0;"nacionalidad_icaa"
908;21;20.0;"nacionalidad_icaa"
909;17;100.0;"nacionalidad_icaa"
910;17;100.0;"nacionalidad_icaa"
911;17;100.0;"nacionalidad_icaa"
912;17;100.0;"nacionalidad_icaa"
913;17;76.71;"nacionalidad_icaa"
913;28;23.29;"nacionalidad_icaa"
914;17;100.0;"nacionalidad_icaa"
915;17;100.0;"nacionalidad_icaa"
916;17;80.0;"nacionalidad_icaa"
916;44;20.0;"nacionalidad_icaa"
917;17;100.0;"nacionalidad_icaa"
918;17;100.0;"nacionalidad_icaa"
919;17;100.0;"nacionalidad_icaa"
920;17;100.0;"nacionalidad_icaa"
921;17;100.0;"nacionalidad_icaa"
922;17;100.0;"nacionalidad_icaa"
923;17;50.0;"nacionalidad_icaa"
923;11;50.0;"nacionalidad_icaa"
924;17;100.0;"nacionalidad_icaa"
925;17;100.0;"nacionalidad_icaa"
926;17;100.0;"nacionalidad_icaa"
927;17;100.0;"nacionalidad_icaa"
928;17;100.0;"nacionalidad_icaa"
929;17;100.0;"nacionalidad_icaa"
930;17;17.94;"nacionalidad_icaa"
930;50;11.99;"nacionalidad_icaa"
930;28;70.07;"nacionalidad_icaa"
931;17;100.0;"nacionalidad_icaa"
932;17;100.0;"nacionalidad_icaa"
933;17;100.0;"nacionalidad_icaa"
934;17;100.0;"nacionalidad_icaa"
935;17;100.0;"nacionalidad_icaa"
936;17;100.0;"nacionalidad_icaa"
937;17;40.0;"nacionalidad_icaa"
937;18;60.0;"nacionalidad_icaa"
938;17;100.0;"nacionalidad_icaa"
939;17;100.0;"nacionalidad_icaa"
940;17;100.0;"nacionalidad_icaa"
941;17;100.0;"nacionalidad_icaa"
942;17;100.0;"nacionalidad_icaa"
943;17;100.0;"nacionalidad_icaa"
944;17;100.0;"nacionalidad_icaa"
945;17;100.0;"nacionalidad_icaa"
946;17;100.0;"nacionalidad_icaa"
947;17;60.0;"nacionalidad_icaa"
947;3;20.0;"nacionalidad_icaa"
947;54;20.0;"nacionalidad_icaa"
948;17;100.0;"nacionalidad_icaa"
949;17;100.0;"nacionalidad_icaa"
950;17;100.0;"nacionalidad_icaa"
951;17;100.0;"nacionalidad_icaa"
952;17;100.0;"nacionalidad_icaa"
953;17;100.0;"nacionalidad_icaa"
954;17;21.0;"nacionalidad_icaa"
954;26;79.0;"nacionalidad_icaa"
955;17;100.0;"nacionalidad_icaa"
956;17;100.0;"nacionalidad_icaa"
957;17;100.0;"nacionalidad_icaa"
958;17;100.0;"nacionalidad_icaa"
959;17;100.0;"nacionalidad_icaa"
960;17;36.0;"nacionalidad_icaa"
960;9;64.0;"nacionalidad_icaa"
961;17;100.0;"nacionalidad_icaa"
962;17;100.0;"nacionalidad_icaa"
963;17;100.0;"nacionalidad_icaa"
964;17;100.0;"nacionalidad_icaa"
965;17;100.0;"nacionalidad_icaa"
966;17;100.0;"nacionalidad_icaa"
967;17;100.0;"nacionalidad_icaa"
968;17;100.0;"nacionalidad_icaa"
969;17;100.0;"nacionalidad_icaa"
970;17;10.0;"nacionalidad_icaa"
970;18;90.0;"nacionalidad_icaa"
971;17;100.0;"nacionalidad_icaa"
972;17;100.0;"nacionalidad_icaa"
973;17;100.0;"nacionalidad_icaa"
974;17;100.0;"nacionalidad_icaa"
975;17;75.0;"nacionalidad_icaa"
975;44;25.0;"nacionalidad_icaa"
976;17;100.0;"nacionalidad_icaa"
977;17;100.0;"nacionalidad_icaa"
978;17;100.0;"nacionalidad_icaa"
979;17;100.0;"nacionalidad_icaa"
980;17;100.0;"nacionalidad_icaa"
981;17;100.0;"nacionalidad_icaa"
982;17;100.0;"nacionalidad_icaa"
983;17;100.0;"nacionalidad_icaa"
984;17;100.0;"nacionalidad_icaa"
985;17;100.0;"nacionalidad_icaa"
986;17;100.0;"nacionalidad_icaa"
987;17;100.0;"nacionalidad_icaa"
988;17;100.0;"nacionalidad_icaa"
989;17;100.0;"nacionalidad_icaa"
990;17;100.0;"nacionalidad_icaa"
991;17;100.0;"nacionalidad_icaa"
992;17;100.0;"nacionalidad_icaa"
993;17;25.0;"nacionalidad_icaa"
993;3;75.0;"nacionalidad_icaa"
994;17;100.0;"nacionalidad_icaa"
995;17;100.0;"nacionalidad_icaa"
996;17;100.0;"nacionalidad_icaa"
997;17;100.0;"nacionalidad_icaa"
998;17;100.0;"nacionalidad_icaa"
999;17;100.0;"nacionalidad_icaa"
1000;17;100.0;"nacionalidad_icaa"
1001;17;100.0;"nacionalidad_icaa"
1002;18;100.0;"nacionalidad_icaa"
1003;12;100.0;"nacionalidad_icaa"
1004;17;23.47;"nacionalidad_icaa"
1004;38;63.62;"nacionalidad_icaa"
1004;54;12.91;"nacionalidad_icaa"
1005;17;100.0;"nacionalidad_icaa"
1006;17;100.0;"nacionalidad_icaa"
1007;17;100.0;"nacionalidad_icaa"
1008;17;100.0;"nacionalidad_icaa"
1009;17;100.0;"nacionalidad_icaa"
1010;17;100.0;"nacionalidad_icaa"
1011;17;20.5;"nacionalidad_icaa"
1011;21;79.5;"nacionalidad_icaa"
1012;17;100.0;"nacionalidad_icaa"
1013;17;100.0;"nacionalidad_icaa"
1014;17;100.0;"nacionalidad_icaa"
1015;17;100.0;"nacionalidad_icaa"
1016;17;100.0;"nacionalidad_icaa"
1017;17;100.0;"nacionalidad_icaa"
1018;17;100.0;"nacionalidad_icaa"
1019;17;100.0;"nacionalidad_icaa"
1020;17;79.44;"nacionalidad_icaa"
1020;8;20.56;"nacionalidad_icaa"
1021;17;100.0;"nacionalidad_icaa"
1022;17;100.0;"nacionalidad_icaa"
1023;17;100.0;"nacionalidad_icaa"
1024;18;100.0;"nacionalidad_icaa"
1025;17;100.0;"nacionalidad_icaa"
1026;17;100.0;"nacionalidad_icaa"
1027;17;100.0;"nacionalidad_icaa"
1028;17;100.0;"nacionalidad_icaa"
1029;17;100.0;"nacionalidad_icaa"
1030;17;100.0;"nacionalidad_icaa"
1031;17;100.0;"nacionalidad_icaa"
1032;17;100.0;"nacionalidad_icaa"
1033;17;100.0;"nacionalidad_icaa"
1034;17;100.0;"nacionalidad_icaa"
1035;17;100.0;"nacionalidad_icaa"
1036;17;100.0;"nacionalidad_icaa"
1037;17;100.0;"nacionalidad_icaa"
1038;17;100.0;"nacionalidad_icaa"
1039;17;100.0;"nacionalidad_icaa"
1040;17;100.0;"nacionalidad_icaa"
1041;17;100.0;"nacionalidad_icaa"
1042;17;100.0;"nacionalidad_icaa"
1043;17;100.0;"nacionalidad_icaa"
1044;17;100.0;"nacionalidad_icaa"
1045;17;100.0;"nacionalidad_icaa"
1046;17;100.0;"nacionalidad_icaa"
1047;17;100.0;"nacionalidad_icaa"
1048;17;100.0;"nacionalidad_icaa"
1049;17;100.0;"nacionalidad_icaa"
1050;17;100.0;"nacionalidad_icaa"
1051;17;100.0;"nacionalidad_icaa"
1052;17;70.0;"nacionalidad_icaa"
1052;26;10.0;"nacionalidad_icaa"
1053;17;100.0;"nacionalidad_icaa"
1054;17;80.0;"nacionalidad_icaa"
1054;10;20.0;"nacionalidad_icaa"
1055;17;100.0;"nacionalidad_icaa"
1056;33;100.0;"nacionalidad_icaa"
1057;17;100.0;"nacionalidad_icaa"
1058;17;100.0;"nacionalidad_icaa"
1059;17;100.0;"nacionalidad_icaa"
1060;17;100.0;"nacionalidad_icaa"
1061;17;80.0;"nacionalidad_icaa"
1061;40;20.0;"nacionalidad_icaa"
1062;17;69.9;"nacionalidad_icaa"
1062;8;10.1;"nacionalidad_icaa"
1062;40;20.0;"nacionalidad_icaa"
1063;17;100.0;"nacionalidad_icaa"
1064;17;100.0;"nacionalidad_icaa"
1065;17;100.0;"nacionalidad_icaa"
1066;17;100.0;"nacionalidad_icaa"
1067;17;100.0;"nacionalidad_icaa"
1068;17;10.0;"nacionalidad_icaa"
1068;45;20.0;"nacionalidad_icaa"
1068;32;70.0;"nacionalidad_icaa"
1069;17;100.0;"nacionalidad_icaa"
1070;17;100.0;"nacionalidad_icaa"
1071;17;30.0;"nacionalidad_icaa"
1071;33;70.0;"nacionalidad_icaa"
1072;17;100.0;"nacionalidad_icaa"
1073;17;100.0;"nacionalidad_icaa"
1074;17;100.0;"nacionalidad_icaa"
1075;17;100.0;"nacionalidad_icaa"
1076;17;90.0;"nacionalidad_icaa"
1076;21;10.0;"nacionalidad_icaa"
1077;17;100.0;"nacionalidad_icaa"
1078;17;100.0;"nacionalidad_icaa"
1079;17;100.0;"nacionalidad_icaa"
1080;17;100.0;"nacionalidad_icaa"
1081;17;100.0;"nacionalidad_icaa"
1082;17;100.0;"nacionalidad_icaa"
1083;17;100.0;"nacionalidad_icaa"
1084;17;100.0;"nacionalidad_icaa"
1085;17;50.0;"nacionalidad_icaa"
1085;53;30.0;"nacionalidad_icaa"
1085;18;20.0;"nacionalidad_icaa"
1086;17;100.0;"nacionalidad_icaa"
1087;17;100.0;"nacionalidad_icaa"
1088;17;15.5;"nacionalidad_icaa"
1088;26;84.5;"nacionalidad_icaa"
1089;17;100.0;"nacionalidad_icaa"
1090;17;100.0;"nacionalidad_icaa"
1091;17;100.0;"nacionalidad_icaa"
1092;17;100.0;"nacionalidad_icaa"
1093;17;100.0;"nacionalidad_icaa"
1094;17;30.0;"nacionalidad_icaa"
1094;3;70.0;"nacionalidad_icaa"
1095;17;80.0;"nacionalidad_icaa"
1095;33;20.0;"nacionalidad_icaa"
1096;17;100.0;"nacionalidad_icaa"
1097;17;100.0;"nacionalidad_icaa"
1098;17;100.0;"nacionalidad_icaa"
1099;17;100.0;"nacionalidad_icaa"
1100;17;100.0;"nacionalidad_icaa"
1101;17;100.0;"nacionalidad_icaa"
1102;17;100.0;"nacionalidad_icaa"
1103;17;100.0;"nacionalidad_icaa"
1104;17;70.0;"nacionalidad_icaa"
1104;21;10.0;"nacionalidad_icaa"
1104;43;20.0;"nacionalidad_icaa"
1105;17;100.0;"nacionalidad_icaa"
1106;17;100.0;"nacionalidad_icaa"
1107;17;100.0;"nacionalidad_icaa"
1108;17;80.0;"nacionalidad_icaa"
1108;26;20.0;"nacionalidad_icaa"
1109;17;100.0;"nacionalidad_icaa"
1110;17;100.0;"nacionalidad_icaa"
1111;17;100.0;"nacionalidad_icaa"
1112;17;100.0;"nacionalidad_icaa"
1114;17;80.0;"nacionalidad_icaa"
1114;33;20.0;"nacionalidad_icaa"
1115;17;100.0;"nacionalidad_icaa"
1116;17;100.0;"nacionalidad_icaa"
1117;17;100.0;"nacionalidad_icaa"
1118;17;100.0;"nacionalidad_icaa"
1119;17;100.0;"nacionalidad_icaa"
1120;17;100.0;"nacionalidad_icaa"
1121;17;100.0;"nacionalidad_icaa"
1122;48;100.0;"nacionalidad_icaa"
1123;17;80.0;"nacionalidad_icaa"
1123;40;20.0;"nacionalidad_icaa"
1124;17;100.0;"nacionalidad_icaa"
1125;17;100.0;"nacionalidad_icaa"
1126;17;22.0;"nacionalidad_icaa"
1126;13;78.0;"nacionalidad_icaa"
1127;17;20.0;"nacionalidad_icaa"
1127;41;80.0;"nacionalidad_icaa"
1128;17;100.0;"nacionalidad_icaa"
1129;17;100.0;"nacionalidad_icaa"
1130;17;100.0;"nacionalidad_icaa"
1131;17;100.0;"nacionalidad_icaa"
1132;17;20.0;"nacionalidad_icaa"
1132;50;80.0;"nacionalidad_icaa"
1133;17;100.0;"nacionalidad_icaa"
1134;17;100.0;"nacionalidad_icaa"
1135;17;49.0;"nacionalidad_icaa"
1135;3;51.0;"nacionalidad_icaa"
1136;17;72.0;"nacionalidad_icaa"
1136;40;28.0;"nacionalidad_icaa"
1137;17;100.0;"nacionalidad_icaa"
1138;17;100.0;"nacionalidad_icaa"
1139;17;100.0;"nacionalidad_icaa"
1140;17;70.0;"nacionalidad_icaa"
1140;40;10.0;"nacionalidad_icaa"
1140;3;20.0;"nacionalidad_icaa"
1141;17;100.0;"nacionalidad_icaa"
1142;17;73.33;"nacionalidad_icaa"
1142;21;26.67;"nacionalidad_icaa"
1143;17;100.0;"nacionalidad_icaa"
1144;17;100.0;"nacionalidad_icaa"
1145;17;100.0;"nacionalidad_icaa"
1146;17;100.0;"nacionalidad_icaa"
1147;17;100.0;"nacionalidad_icaa"
1148;17;100.0;"nacionalidad_icaa"
1149;17;100.0;"nacionalidad_icaa"
1150;17;100.0;"nacionalidad_icaa"
1151;17;100.0;"nacionalidad_icaa"
1152;17;100.0;"nacionalidad_icaa"
1153;17;46.0;"nacionalidad_icaa"
1153;1;54.0;"nacionalidad_icaa"
1154;17;100.0;"nacionalidad_icaa"
1155;17;80.0;"nacionalidad_icaa"
1155;18;20.0;"nacionalidad_icaa"
1156;17;100.0;"nacionalidad_icaa"
1157;17;73.53;"nacionalidad_icaa"
1157;18;26.47;"nacionalidad_icaa"
1158;17;100.0;"nacionalidad_icaa"
1159;17;30.1;"nacionalidad_icaa"
1159;15;55.9;"nacionalidad_icaa"
1159;50;14.0;"nacionalidad_icaa"
1160;17;100.0;"nacionalidad_icaa"
1161;17;100.0;"nacionalidad_icaa"
1162;17;100.0;"nacionalidad_icaa"
1163;17;100.0;"nacionalidad_icaa"
1164;17;100.0;"nacionalidad_icaa"
1165;17;20.0;"nacionalidad_icaa"
1165;1;30.0;"nacionalidad_icaa"
1165;10;50.0;"nacionalidad_icaa"
1166;17;100.0;"nacionalidad_icaa"
1167;17;100.0;"nacionalidad_icaa"
1168;17;100.0;"nacionalidad_icaa"
1169;17;100.0;"nacionalidad_icaa"
1170;17;100.0;"nacionalidad_icaa"
1171;17;80.0;"nacionalidad_icaa"
1171;7;20.0;"nacionalidad_icaa"
1172;17;100.0;"nacionalidad_icaa"
1173;17;80.0;"nacionalidad_icaa"
1173;21;20.0;"nacionalidad_icaa"
1174;17;100.0;"nacionalidad_icaa"
1175;17;100.0;"nacionalidad_icaa"
1176;17;100.0;"nacionalidad_icaa"
1177;17;100.0;"nacionalidad_icaa"
1178;17;80.0;"nacionalidad_icaa"
1178;21;20.0;"nacionalidad_icaa"
1179;17;90.0;"nacionalidad_icaa"
1179;21;10.0;"nacionalidad_icaa"
1180;17;100.0;"nacionalidad_icaa"
1181;17;100.0;"nacionalidad_icaa"
1182;17;80.0;"nacionalidad_icaa"
1182;40;20.0;"nacionalidad_icaa"
1183;17;80.0;"nacionalidad_icaa"
1183;33;20.0;"nacionalidad_icaa"
1184;17;100.0;"nacionalidad_icaa"
1185;17;100.0;"nacionalidad_icaa"
1186;17;80.0;"nacionalidad_icaa"
1186;21;20.0;"nacionalidad_icaa"
1187;17;100.0;"nacionalidad_icaa"
1188;17;100.0;"nacionalidad_icaa"
1189;17;100.0;"nacionalidad_icaa"
1190;17;100.0;"nacionalidad_icaa"
1191;17;80.0;"nacionalidad_icaa"
1191;42;20.0;"nacionalidad_icaa"
1192;17;100.0;"nacionalidad_icaa"
1193;17;90.0;"nacionalidad_icaa"
1193;3;10.0;"nacionalidad_icaa"
1194;17;100.0;"nacionalidad_icaa"
1195;17;100.0;"nacionalidad_icaa"
1196;17;100.0;"nacionalidad_icaa"
1197;17;70.0;"nacionalidad_icaa"
1197;7;10.0;"nacionalidad_icaa"
1197;21;20.0;"nacionalidad_icaa"
1198;17;100.0;"nacionalidad_icaa"
1199;17;80.0;"nacionalidad_icaa"
1199;8;20.0;"nacionalidad_icaa"
1200;17;80.0;"nacionalidad_icaa"
1200;3;20.0;"nacionalidad_icaa"
1201;17;100.0;"nacionalidad_icaa"
1202;17;100.0;"nacionalidad_icaa"
1203;17;40.0;"nacionalidad_icaa"
1203;44;60.0;"nacionalidad_icaa"
1204;17;80.0;"nacionalidad_icaa"
1204;45;20.0;"nacionalidad_icaa"
1205;17;80.0;"nacionalidad_icaa"
1205;40;20.0;"nacionalidad_icaa"
1206;17;80.0;"nacionalidad_icaa"
1206;3;20.0;"nacionalidad_icaa"
1207;17;80.0;"nacionalidad_icaa"
1207;33;20.0;"nacionalidad_icaa"
1208;17;100.0;"nacionalidad_icaa"
1209;17;100.0;"nacionalidad_icaa"
1210;17;100.0;"nacionalidad_icaa"
1211;17;80.0;"nacionalidad_icaa"
1211;40;20.0;"nacionalidad_icaa"
1212;17;80.0;"nacionalidad_icaa"
1212;54;20.0;"nacionalidad_icaa"
1213;17;100.0;"nacionalidad_icaa"
1214;17;100.0;"nacionalidad_icaa"
1215;17;100.0;"nacionalidad_icaa"
1216;17;100.0;"nacionalidad_icaa"
1217;17;100.0;"nacionalidad_icaa"
1218;17;100.0;"nacionalidad_icaa"
1219;17;100.0;"nacionalidad_icaa"
1220;17;80.0;"nacionalidad_icaa"
1220;21;20.0;"nacionalidad_icaa"
1221;17;29.9;"nacionalidad_icaa"
1221;3;30.1;"nacionalidad_icaa"
1221;6;20.0;"nacionalidad_icaa"
1221;38;20.0;"nacionalidad_icaa"
1222;17;100.0;"nacionalidad_icaa"
1223;17;75.0;"nacionalidad_icaa"
1223;40;25.0;"nacionalidad_icaa"
1224;17;100.0;"nacionalidad_icaa"
1225;17;100.0;"nacionalidad_icaa"
1226;17;80.0;"nacionalidad_icaa"
1226;51;20.0;"nacionalidad_icaa"
1227;17;10.0;"nacionalidad_icaa"
1227;3;30.0;"nacionalidad_icaa"
1227;54;60.0;"nacionalidad_icaa"
1228;17;30.0;"nacionalidad_icaa"
1228;21;10.0;"nacionalidad_icaa"
1228;51;60.0;"nacionalidad_icaa"
1229;17;100.0;"nacionalidad_icaa"
1230;17;100.0;"nacionalidad_icaa"
1231;17;100.0;"nacionalidad_icaa"
1232;17;100.0;"nacionalidad_icaa"
1233;17;90.0;"nacionalidad_icaa"
1233;21;10.0;"nacionalidad_icaa"
1234;17;100.0;"nacionalidad_icaa"
1235;17;100.0;"nacionalidad_icaa"
1236;17;100.0;"nacionalidad_icaa"
1237;17;100.0;"nacionalidad_icaa"
1238;17;100.0;"nacionalidad_icaa"
1239;17;100.0;"nacionalidad_icaa"
1240;17;80.0;"nacionalidad_icaa"
1240;3;20.0;"nacionalidad_icaa"
1241;17;100.0;"nacionalidad_icaa"
1242;17;60.23;"nacionalidad_icaa"
1242;35;10.98;"nacionalidad_icaa"
1242;47;28.79;"nacionalidad_icaa"
1243;17;100.0;"nacionalidad_icaa"
1244;17;15.0;"nacionalidad_icaa"
1244;18;85.0;"nacionalidad_icaa"
1245;17;100.0;"nacionalidad_icaa"
1246;17;100.0;"nacionalidad_icaa"
1247;17;100.0;"nacionalidad_icaa"
1248;17;100.0;"nacionalidad_icaa"
1249;17;100.0;"nacionalidad_icaa"
1250;17;100.0;"nacionalidad_icaa"
1251;17;20.0;"nacionalidad_icaa"
1251;41;80.0;"nacionalidad_icaa"
1252;17;100.0;"nacionalidad_icaa"
1253;17;100.0;"nacionalidad_icaa"
1254;17;89.7;"nacionalidad_icaa"
1254;45;10.3;"nacionalidad_icaa"
1255;17;100.0;"nacionalidad_icaa"
1256;17;100.0;"nacionalidad_icaa"
1257;17;80.0;"nacionalidad_icaa"
1257;3;20.0;"nacionalidad_icaa"
1258;17;80.0;"nacionalidad_icaa"
1258;14;20.0;"nacionalidad_icaa"
1259;17;100.0;"nacionalidad_icaa"
1260;17;100.0;"nacionalidad_icaa"
1261;17;100.0;"nacionalidad_icaa"
1262;17;100.0;"nacionalidad_icaa"
1263;17;100.0;"nacionalidad_icaa"
1264;17;100.0;"nacionalidad_icaa"
1265;17;100.0;"nacionalidad_icaa"
1266;17;100.0;"nacionalidad_icaa"
1267;17;78.0;"nacionalidad_icaa"
1267;3;22.0;"nacionalidad_icaa"
1268;17;100.0;"nacionalidad_icaa"
1269;17;100.0;"nacionalidad_icaa"
1270;17;100.0;"nacionalidad_icaa"
1271;17;100.0;"nacionalidad_icaa"
1272;17;100.0;"nacionalidad_icaa"
1273;17;100.0;"nacionalidad_icaa"
1274;17;90.0;"nacionalidad_icaa"
1274;47;10.0;"nacionalidad_icaa"
1275;17;100.0;"nacionalidad_icaa"
1276;17;70.0;"nacionalidad_icaa"
1276;45;10.0;"nacionalidad_icaa"
1276;18;20.0;"nacionalidad_icaa"
1277;17;100.0;"nacionalidad_icaa"
1278;17;80.0;"nacionalidad_icaa"
1278;3;20.0;"nacionalidad_icaa"
1279;17;100.0;"nacionalidad_icaa"
1280;17;70.0;"nacionalidad_icaa"
1280;33;30.0;"nacionalidad_icaa"
1281;17;40.0;"nacionalidad_icaa"
1281;12;60.0;"nacionalidad_icaa"
1282;17;100.0;"nacionalidad_icaa"
1283;17;100.0;"nacionalidad_icaa"
1284;17;20.37;"nacionalidad_icaa"
1284;1;69.22;"nacionalidad_icaa"
1284;8;10.41;"nacionalidad_icaa"
1285;17;100.0;"nacionalidad_icaa"
1286;17;100.0;"nacionalidad_icaa"
1287;17;100.0;"nacionalidad_icaa"
1288;17;61.65;"nacionalidad_icaa"
1288;9;38.35;"nacionalidad_icaa"
1289;17;75.0;"nacionalidad_icaa"
1289;51;25.0;"nacionalidad_icaa"
1290;17;100.0;"nacionalidad_icaa"
1291;17;52.0;"nacionalidad_icaa"
1291;26;25.0;"nacionalidad_icaa"
1291;51;23.0;"nacionalidad_icaa"
1292;17;80.0;"nacionalidad_icaa"
1292;3;20.0;"nacionalidad_icaa"
1293;17;100.0;"nacionalidad_icaa"
1294;17;100.0;"nacionalidad_icaa"
1295;17;100.0;"nacionalidad_icaa"
1296;17;20.0;"nacionalidad_icaa"
1296;3;80.0;"nacionalidad_icaa"
1297;17;100.0;"nacionalidad_icaa"
1298;17;80.0;"nacionalidad_icaa"
1298;23;20.0;"nacionalidad_icaa"
1299;17;100.0;"nacionalidad_icaa"
1300;17;80.0;"nacionalidad_icaa"
1300;14;20.0;"nacionalidad_icaa"
1301;17;100.0;"nacionalidad_icaa"
1302;17;100.0;"nacionalidad_icaa"
1303;17;80.0;"nacionalidad_icaa"
1303;21;20.0;"nacionalidad_icaa"
1304;17;100.0;"nacionalidad_icaa"
1305;17;100.0;"nacionalidad_icaa"
1306;17;100.0;"nacionalidad_icaa"
1307;17;100.0;"nacionalidad_icaa"
1308;17;70.0;"nacionalidad_icaa"
1308;8;15.0;"nacionalidad_icaa"
1308;37;15.0;"nacionalidad_icaa"
1309;17;90.0;"nacionalidad_icaa"
1309;33;10.0;"nacionalidad_icaa"
1310;17;100.0;"nacionalidad_icaa"
1311;17;100.0;"nacionalidad_icaa"
1312;17;21.75;"nacionalidad_icaa"
1312;42;78.25;"nacionalidad_icaa"
1313;17;25.0;"nacionalidad_icaa"
1313;18;75.0;"nacionalidad_icaa"
1314;17;100.0;"nacionalidad_icaa"
1315;17;20.0;"nacionalidad_icaa"
1315;3;80.0;"nacionalidad_icaa"
1316;17;100.0;"nacionalidad_icaa"
1317;17;100.0;"nacionalidad_icaa"
1318;17;100.0;"nacionalidad_icaa"
1319;17;100.0;"nacionalidad_icaa"
1320;17;100.0;"nacionalidad_icaa"
1321;17;100.0;"nacionalidad_icaa"
1322;17;100.0;"nacionalidad_icaa"
1323;17;90.0;"nacionalidad_icaa"
1323;18;10.0;"nacionalidad_icaa"
1324;17;100.0;"nacionalidad_icaa"
1325;17;80.0;"nacionalidad_icaa"
1325;45;20.0;"nacionalidad_icaa"
1326;17;20.0;"nacionalidad_icaa"
1326;18;80.0;"nacionalidad_icaa"
1327;17;35.0;"nacionalidad_icaa"
1327;19;65.0;"nacionalidad_icaa"
1328;17;100.0;"nacionalidad_icaa"
1329;17;100.0;"nacionalidad_icaa"
1330;17;100.0;"nacionalidad_icaa"
1331;34;100.0;"nacionalidad_icaa"
1332;17;86.7;"nacionalidad_icaa"
1332;21;13.3;"nacionalidad_icaa"
1333;17;100.0;"nacionalidad_icaa"
1334;17;100.0;"nacionalidad_icaa"
1335;17;100.0;"nacionalidad_icaa"
1336;17;80.0;"nacionalidad_icaa"
1336;40;20.0;"nacionalidad_icaa"
1337;17;100.0;"nacionalidad_icaa"
1338;17;100.0;"nacionalidad_icaa"
1339;17;100.0;"nacionalidad_icaa"
1340;17;10.77;"nacionalidad_icaa"
1340;40;59.34;"nacionalidad_icaa"
1340;6;29.89;"nacionalidad_icaa"
1341;17;100.0;"nacionalidad_icaa"
1342;17;25.0;"nacionalidad_icaa"
1342;5;75.0;"nacionalidad_icaa"
1343;17;66.53;"nacionalidad_icaa"
1343;42;33.47;"nacionalidad_icaa"
1344;17;78.34;"nacionalidad_icaa"
1344;39;21.66;"nacionalidad_icaa"
1345;17;100.0;"nacionalidad_icaa"
1346;17;28.0;"nacionalidad_icaa"
1346;3;42.0;"nacionalidad_icaa"
1346;6;30.0;"nacionalidad_icaa"
1347;17;100.0;"nacionalidad_icaa"
1348;17;100.0;"nacionalidad_icaa"
1349;17;78.0;"nacionalidad_icaa"
1349;12;22.0;"nacionalidad_icaa"
1350;17;30.0;"nacionalidad_icaa"
1350;13;70.0;"nacionalidad_icaa"
1351;17;80.0;"nacionalidad_icaa"
1351;33;20.0;"nacionalidad_icaa"
1352;17;68.0;"nacionalidad_icaa"
1352;9;32.0;"nacionalidad_icaa"
1353;17;100.0;"nacionalidad_icaa"
1354;33;100.0;"nacionalidad_icaa"
1355;17;100.0;"nacionalidad_icaa"
1356;17;90.0;"nacionalidad_icaa"
1356;18;10.0;"nacionalidad_icaa"
1357;17;100.0;"nacionalidad_icaa"
1358;17;100.0;"nacionalidad_icaa"
1359;17;100.0;"nacionalidad_icaa"
1360;17;80.0;"nacionalidad_icaa"
1360;54;20.0;"nacionalidad_icaa"
1361;17;80.0;"nacionalidad_icaa"
1361;21;20.0;"nacionalidad_icaa"
1362;17;80.0;"nacionalidad_icaa"
1362;10;20.0;"nacionalidad_icaa"
1363;17;100.0;"nacionalidad_icaa"
1364;17;100.0;"nacionalidad_icaa"
1365;17;77.0;"nacionalidad_icaa"
1365;51;23.0;"nacionalidad_icaa"
1366;17;100.0;"nacionalidad_icaa"
1367;17;80.0;"nacionalidad_icaa"
1367;38;20.0;"nacionalidad_icaa"
1368;17;100.0;"nacionalidad_icaa"
1369;17;65.0;"nacionalidad_icaa"
1369;26;20.0;"nacionalidad_icaa"
1369;40;15.0;"nacionalidad_icaa"
1370;17;100.0;"nacionalidad_icaa"
1371;17;49.0;"nacionalidad_icaa"
1371;3;51.0;"nacionalidad_icaa"
1372;17;100.0;"nacionalidad_icaa"
1373;17;100.0;"nacionalidad_icaa"
1374;17;100.0;"nacionalidad_icaa"
1375;17;100.0;"nacionalidad_icaa"
1376;48;100.0;"nacionalidad_icaa"
1377;17;100.0;"nacionalidad_icaa"
1378;17;100.0;"nacionalidad_icaa"
1379;17;100.0;"nacionalidad_icaa"
1380;17;75.0;"nacionalidad_icaa"
1380;21;25.0;"nacionalidad_icaa"
1381;17;100.0;"nacionalidad_icaa"
1382;17;100.0;"nacionalidad_icaa"
1383;17;100.0;"nacionalidad_icaa"
1384;17;100.0;"nacionalidad_icaa"
1385;17;100.0;"nacionalidad_icaa"
1386;17;100.0;"nacionalidad_icaa"
1387;17;31.0;"nacionalidad_icaa"
1387;21;19.0;"nacionalidad_icaa"
1387;40;50.0;"nacionalidad_icaa"
1388;17;80.0;"nacionalidad_icaa"
1388;54;20.0;"nacionalidad_icaa"
1389;17;20.15;"nacionalidad_icaa"
1389;1;67.41;"nacionalidad_icaa"
1389;47;12.44;"nacionalidad_icaa"
1390;17;100.0;"nacionalidad_icaa"
1391;17;80.0;"nacionalidad_icaa"
1391;22;20.0;"nacionalidad_icaa"
1392;17;80.0;"nacionalidad_icaa"
1392;55;20.0;"nacionalidad_icaa"
1393;17;100.0;"nacionalidad_icaa"
1394;17;100.0;"nacionalidad_icaa"
1395;17;100.0;"nacionalidad_icaa"
1396;17;80.0;"nacionalidad_icaa"
1396;18;20.0;"nacionalidad_icaa"
1397;17;100.0;"nacionalidad_icaa"
1398;17;80.0;"nacionalidad_icaa"
1398;51;20.0;"nacionalidad_icaa"
1399;17;100.0;"nacionalidad_icaa"
1400;17;100.0;"nacionalidad_icaa"
1401;17;33.0;"nacionalidad_icaa"
1401;21;67.0;"nacionalidad_icaa"
1402;17;100.0;"nacionalidad_icaa"
1403;17;90.0;"nacionalidad_icaa"
1403;21;10.0;"nacionalidad_icaa"
1404;17;100.0;"nacionalidad_icaa"
1405;17;100.0;"nacionalidad_icaa"
1406;17;100.0;"nacionalidad_icaa"
1407;17;35.0;"nacionalidad_icaa"
1407;21;65.0;"nacionalidad_icaa"
1408;17;100.0;"nacionalidad_icaa"
1409;17;100.0;"nacionalidad_icaa"
1410;17;53.26;"nacionalidad_icaa"
1410;1;46.74;"nacionalidad_icaa"
1411;17;66.3;"nacionalidad_icaa"
1411;22;33.7;"nacionalidad_icaa"
1412;17;40.0;"nacionalidad_icaa"
1412;18;60.0;"nacionalidad_icaa"
1413;17;80.0;"nacionalidad_icaa"
1413;8;20.0;"nacionalidad_icaa"
1414;17;100.0;"nacionalidad_icaa"
1415;17;32.29;"nacionalidad_icaa"
1415;21;22.87;"nacionalidad_icaa"
1415;3;44.84;"nacionalidad_icaa"
1416;17;100.0;"nacionalidad_icaa"
1417;17;100.0;"nacionalidad_icaa"
1418;17;100.0;"nacionalidad_icaa"
1419;17;100.0;"nacionalidad_icaa"
1420;17;100.0;"nacionalidad_icaa"
1421;17;100.0;"nacionalidad_icaa"
1422;17;100.0;"nacionalidad_icaa"
1423;17;100.0;"nacionalidad_icaa"
1424;17;100.0;"nacionalidad_icaa"
1425;17;100.0;"nacionalidad_icaa"
1426;17;100.0;"nacionalidad_icaa"
1427;17;70.0;"nacionalidad_icaa"
1427;37;10.0;"nacionalidad_icaa"
1427;42;20.0;"nacionalidad_icaa"
1428;17;100.0;"nacionalidad_icaa"
1429;17;80.0;"nacionalidad_icaa"
1429;36;20.0;"nacionalidad_icaa"
1430;17;100.0;"nacionalidad_icaa"
1431;17;100.0;"nacionalidad_icaa"
1432;17;75.11;"nacionalidad_icaa"
1432;3;10.65;"nacionalidad_icaa"
1432;33;14.24;"nacionalidad_icaa"
1433;17;100.0;"nacionalidad_icaa"
1434;17;100.0;"nacionalidad_icaa"
1435;17;100.0;"nacionalidad_icaa"
1436;17;100.0;"nacionalidad_icaa"
1437;17;80.0;"nacionalidad_icaa"
1437;8;20.0;"nacionalidad_icaa"
1438;17;100.0;"nacionalidad_icaa"
1439;17;100.0;"nacionalidad_icaa"
1440;17;46.29;"nacionalidad_icaa"
1440;21;23.71;"nacionalidad_icaa"
1440;37;10.0;"nacionalidad_icaa"
1440;40;10.0;"nacionalidad_icaa"
1440;38;10.0;"nacionalidad_icaa"
1441;17;90.0;"nacionalidad_icaa"
1441;21;10.0;"nacionalidad_icaa"
1442;17;90.0;"nacionalidad_icaa"
1442;51;10.0;"nacionalidad_icaa"
1443;17;100.0;"nacionalidad_icaa"
1444;17;100.0;"nacionalidad_icaa"
1445;17;100.0;"nacionalidad_icaa"
1446;17;100.0;"nacionalidad_icaa"
1447;17;31.0;"nacionalidad_icaa"
1447;51;69.0;"nacionalidad_icaa"
1448;17;100.0;"nacionalidad_icaa"
1449;17;100.0;"nacionalidad_icaa"
1450;17;100.0;"nacionalidad_icaa"
1451;17;78.0;"nacionalidad_icaa"
1451;37;22.0;"nacionalidad_icaa"
1452;17;100.0;"nacionalidad_icaa"
1453;17;80.0;"nacionalidad_icaa"
1453;21;20.0;"nacionalidad_icaa"
1454;17;48.0;"nacionalidad_icaa"
1454;21;52.0;"nacionalidad_icaa"
1455;17;100.0;"nacionalidad_icaa"
1456;17;90.0;"nacionalidad_icaa"
1456;45;10.0;"nacionalidad_icaa"
1457;17;80.0;"nacionalidad_icaa"
1457;21;20.0;"nacionalidad_icaa"
1458;17;100.0;"nacionalidad_icaa"
1459;17;100.0;"nacionalidad_icaa"
1460;17;80.0;"nacionalidad_icaa"
1460;7;20.0;"nacionalidad_icaa"
1461;17;100.0;"nacionalidad_icaa"
1462;17;100.0;"nacionalidad_icaa"
1463;17;90.0;"nacionalidad_icaa"
1463;21;10.0;"nacionalidad_icaa"
1464;17;100.0;"nacionalidad_icaa"
1465;17;100.0;"nacionalidad_icaa"
1466;17;100.0;"nacionalidad_icaa"
1467;17;80.0;"nacionalidad_icaa"
1467;26;20.0;"nacionalidad_icaa"
1468;17;100.0;"nacionalidad_icaa"
1469;17;77.2;"nacionalidad_icaa"
1469;21;22.8;"nacionalidad_icaa"
1470;17;100.0;"nacionalidad_icaa"
1471;17;100.0;"nacionalidad_icaa"
1472;17;100.0;"nacionalidad_icaa"
1473;17;100.0;"nacionalidad_icaa"
1474;17;100.0;"nacionalidad_icaa"
1475;17;90.0;"nacionalidad_icaa"
1475;21;10.0;"nacionalidad_icaa"
1476;17;80.0;"nacionalidad_icaa"
1476;54;20.0;"nacionalidad_icaa"
1477;17;100.0;"nacionalidad_icaa"
1478;17;100.0;"nacionalidad_icaa"
1479;17;100.0;"nacionalidad_icaa"
1480;17;100.0;"nacionalidad_icaa"
1481;17;100.0;"nacionalidad_icaa"
1482;17;100.0;"nacionalidad_icaa"
1483;17;100.0;"nacionalidad_icaa"
1484;17;100.0;"nacionalidad_icaa"
1485;17;100.0;"nacionalidad_icaa"
1486;17;100.0;"nacionalidad_icaa"
1487;17;80.0;"nacionalidad_icaa"
1487;40;20.0;"nacionalidad_icaa"
1488;17;100.0;"nacionalidad_icaa"
1489;1;100.0;"nacionalidad_icaa"
1490;17;100.0;"nacionalidad_icaa"
1491;17;25.0;"nacionalidad_icaa"
1491;33;75.0;"nacionalidad_icaa"
1492;17;100.0;"nacionalidad_icaa"
1493;17;100.0;"nacionalidad_icaa"
1494;17;100.0;"nacionalidad_icaa"
1495;17;100.0;"nacionalidad_icaa"
1496;17;100.0;"nacionalidad_icaa"
1497;17;100.0;"nacionalidad_icaa"
1498;17;100.0;"nacionalidad_icaa"
1499;17;100.0;"nacionalidad_icaa"
1500;17;35.9;"nacionalidad_icaa"
1500;21;10.94;"nacionalidad_icaa"
1500;37;53.16;"nacionalidad_icaa"
1501;17;100.0;"nacionalidad_icaa"
1502;17;80.0;"nacionalidad_icaa"
1502;21;20.0;"nacionalidad_icaa"
1503;17;100.0;"nacionalidad_icaa"
1504;17;70.0;"nacionalidad_icaa"
1504;21;30.0;"nacionalidad_icaa"
1505;17;100.0;"nacionalidad_icaa"
1506;17;100.0;"nacionalidad_icaa"
1507;17;100.0;"nacionalidad_icaa"
1508;17;100.0;"nacionalidad_icaa"
1509;17;100.0;"nacionalidad_icaa"
1510;17;100.0;"nacionalidad_icaa"
1511;17;100.0;"nacionalidad_icaa"
1512;17;100.0;"nacionalidad_icaa"
1513;17;100.0;"nacionalidad_icaa"
1514;17;30.0;"nacionalidad_icaa"
1514;3;70.0;"nacionalidad_icaa"
1515;17;100.0;"nacionalidad_icaa"
1516;17;100.0;"nacionalidad_icaa"
1517;17;100.0;"nacionalidad_icaa"
1518;17;100.0;"nacionalidad_icaa"
1519;17;100.0;"nacionalidad_icaa"
1520;17;100.0;"nacionalidad_icaa"
1521;17;100.0;"nacionalidad_icaa"
1522;17;22.0;"nacionalidad_icaa"
1522;3;78.0;"nacionalidad_icaa"
1523;17;80.0;"nacionalidad_icaa"
1523;1;20.0;"nacionalidad_icaa"
1524;17;100.0;"nacionalidad_icaa"
1525;17;100.0;"nacionalidad_icaa"
1526;26;100.0;"nacionalidad_icaa"
1527;17;100.0;"nacionalidad_icaa"
1528;17;100.0;"nacionalidad_icaa"
1529;17;80.0;"nacionalidad_icaa"
1529;26;20.0;"nacionalidad_icaa"
1530;17;100.0;"nacionalidad_icaa"
1531;17;67.0;"nacionalidad_icaa"
1531;21;33.0;"nacionalidad_icaa"
1532;17;70.0;"nacionalidad_icaa"
1532;21;30.0;"nacionalidad_icaa"
1533;17;80.0;"nacionalidad_icaa"
1533;3;20.0;"nacionalidad_icaa"
1534;17;100.0;"nacionalidad_icaa"
1535;17;40.0;"nacionalidad_icaa"
1535;3;60.0;"nacionalidad_icaa"
1536;17;13.5;"nacionalidad_icaa"
1536;15;11.5;"nacionalidad_icaa"
1536;21;20.0;"nacionalidad_icaa"
1536;50;11.0;"nacionalidad_icaa"
1536;30;44.0;"nacionalidad_icaa"
1537;17;100.0;"nacionalidad_icaa"
1538;17;20.0;"nacionalidad_icaa"
1538;44;80.0;"nacionalidad_icaa"
1539;17;80.0;"nacionalidad_icaa"
1539;40;20.0;"nacionalidad_icaa"
1540;17;100.0;"nacionalidad_icaa"
1541;17;100.0;"nacionalidad_icaa"
1542;17;100.0;"nacionalidad_icaa"
1543;17;44.0;"nacionalidad_icaa"
1543;21;46.0;"nacionalidad_icaa"
1543;40;10.0;"nacionalidad_icaa"
1544;17;100.0;"nacionalidad_icaa"
1545;17;30.0;"nacionalidad_icaa"
1545;3;70.0;"nacionalidad_icaa"
1546;17;100.0;"nacionalidad_icaa"
1547;17;100.0;"nacionalidad_icaa"
1548;17;100.0;"nacionalidad_icaa"
1549;17;80.0;"nacionalidad_icaa"
1549;36;20.0;"nacionalidad_icaa"
1550;17;100.0;"nacionalidad_icaa"
1551;17;100.0;"nacionalidad_icaa"
1552;17;80.0;"nacionalidad_icaa"
1552;3;20.0;"nacionalidad_icaa"
1553;17;100.0;"nacionalidad_icaa"
1554;17;100.0;"nacionalidad_icaa"
1555;17;80.0;"nacionalidad_icaa"
1555;12;20.0;"nacionalidad_icaa"
1556;17;80.0;"nacionalidad_icaa"
1557;17;100.0;"nacionalidad_icaa"
1558;17;100.0;"nacionalidad_icaa"
1559;17;100.0;"nacionalidad_icaa"
1560;17;100.0;"nacionalidad_icaa"
1561;17;100.0;"nacionalidad_icaa"
1562;17;100.0;"nacionalidad_icaa"
1563;17;100.0;"nacionalidad_icaa"
1564;17;100.0;"nacionalidad_icaa"
1565;17;100.0;"nacionalidad_icaa"
1566;17;100.0;"nacionalidad_icaa"
1567;17;80.0;"nacionalidad_icaa"
1567;40;20.0;"nacionalidad_icaa"
1568;17;90.0;"nacionalidad_icaa"
1568;19;10.0;"nacionalidad_icaa"
1569;17;100.0;"nacionalidad_icaa"
1570;17;80.0;"nacionalidad_icaa"
1570;45;20.0;"nacionalidad_icaa"
1571;3;100.0;"nacionalidad_icaa"
1572;17;100.0;"nacionalidad_icaa"
1573;17;100.0;"nacionalidad_icaa"
1574;17;100.0;"nacionalidad_icaa"
1575;17;78.56;"nacionalidad_icaa"
1575;40;21.44;"nacionalidad_icaa"
1576;17;100.0;"nacionalidad_icaa"
1577;17;100.0;"nacionalidad_icaa"
1578;17;100.0;"nacionalidad_icaa"
1579;17;51.0;"nacionalidad_icaa"
1579;21;49.0;"nacionalidad_icaa"
1580;17;100.0;"nacionalidad_icaa"
1581;17;80.0;"nacionalidad_icaa"
1581;40;20.0;"nacionalidad_icaa"
1582;17;100.0;"nacionalidad_icaa"
1583;17;80.0;"nacionalidad_icaa"
1583;40;20.0;"nacionalidad_icaa"
1584;17;100.0;"nacionalidad_icaa"
1585;17;100.0;"nacionalidad_icaa"
1586;17;100.0;"nacionalidad_icaa"
1587;17;100.0;"nacionalidad_icaa"
1588;17;100.0;"nacionalidad_icaa"
1589;48;100.0;"nacionalidad_icaa"
1590;17;100.0;"nacionalidad_icaa"
1591;17;60.0;"nacionalidad_icaa"
1591;3;40.0;"nacionalidad_icaa"
1592;17;100.0;"nacionalidad_icaa"
1593;17;70.0;"nacionalidad_icaa"
1593;21;20.0;"nacionalidad_icaa"
1593;52;10.0;"nacionalidad_icaa"
1594;17;100.0;"nacionalidad_icaa"
1595;17;100.0;"nacionalidad_icaa"
1596;17;100.0;"nacionalidad_icaa"
1598;17;100.0;"nacionalidad_icaa"
1599;17;100.0;"nacionalidad_icaa"
1600;17;100.0;"nacionalidad_icaa"
1601;17;80.0;"nacionalidad_icaa"
1601;8;20.0;"nacionalidad_icaa"
1602;17;100.0;"nacionalidad_icaa"
1603;17;100.0;"nacionalidad_icaa"
1604;17;100.0;"nacionalidad_icaa"
1605;17;100.0;"nacionalidad_icaa"
1606;17;33.0;"nacionalidad_icaa"
1606;44;67.0;"nacionalidad_icaa"
1607;17;100.0;"nacionalidad_icaa"
1608;17;37.22;"nacionalidad_icaa"
1608;1;10.0;"nacionalidad_icaa"
1608;21;42.78;"nacionalidad_icaa"
1608;40;10.0;"nacionalidad_icaa"
1609;17;100.0;"nacionalidad_icaa"
1610;17;100.0;"nacionalidad_icaa"
1611;17;90.0;"nacionalidad_icaa"
1611;21;10.0;"nacionalidad_icaa"
1612;17;100.0;"nacionalidad_icaa"
1613;17;100.0;"nacionalidad_icaa"
1614;17;100.0;"nacionalidad_icaa"
1615;17;100.0;"nacionalidad_icaa"
1616;17;80.0;"nacionalidad_icaa"
1616;21;20.0;"nacionalidad_icaa"
1617;17;100.0;"nacionalidad_icaa"
1618;17;100.0;"nacionalidad_icaa"
1619;17;100.0;"nacionalidad_icaa"
1620;17;100.0;"nacionalidad_icaa"
1621;17;100.0;"nacionalidad_icaa"
1622;17;36.0;"nacionalidad_icaa"
1622;3;54.0;"nacionalidad_icaa"
1622;33;10.0;"nacionalidad_icaa"
1623;17;100.0;"nacionalidad_icaa"
1624;17;100.0;"nacionalidad_icaa"
1625;17;100.0;"nacionalidad_icaa"
1626;17;100.0;"nacionalidad_icaa"
1627;17;80.0;"nacionalidad_icaa"
1627;46;20.0;"nacionalidad_icaa"
1628;17;100.0;"nacionalidad_icaa"
1629;17;100.0;"nacionalidad_icaa"
1630;17;100.0;"nacionalidad_icaa"
1631;17;100.0;"nacionalidad_icaa"
1632;17;100.0;"nacionalidad_icaa"
1633;17;100.0;"nacionalidad_icaa"
1634;17;100.0;"nacionalidad_icaa"
1635;17;75.0;"nacionalidad_icaa"
1635;33;25.0;"nacionalidad_icaa"
1636;17;100.0;"nacionalidad_icaa"
1637;17;100.0;"nacionalidad_icaa"
1638;17;15.115;"nacionalidad_icaa"
1638;1;15.845;"nacionalidad_icaa"
1638;8;11.706;"nacionalidad_icaa"
1638;21;45.167;"nacionalidad_icaa"
1638;10;12.167;"nacionalidad_icaa"
1639;17;80.0;"nacionalidad_icaa"
1639;3;20.0;"nacionalidad_icaa"
1640;17;100.0;"nacionalidad_icaa"
1641;17;100.0;"nacionalidad_icaa"
1642;17;100.0;"nacionalidad_icaa"
1643;17;70.0;"nacionalidad_icaa"
1643;21;10.0;"nacionalidad_icaa"
1643;3;20.0;"nacionalidad_icaa"
1644;17;100.0;"nacionalidad_icaa"
1645;17;100.0;"nacionalidad_icaa"
1646;17;90.0;"nacionalidad_icaa"
1646;21;10.0;"nacionalidad_icaa"
1647;17;100.0;"nacionalidad_icaa"
1648;17;100.0;"nacionalidad_icaa"
1649;17;80.0;"nacionalidad_icaa"
1649;8;20.0;"nacionalidad_icaa"
1650;17;100.0;"nacionalidad_icaa"
1651;17;90.0;"nacionalidad_icaa"
1651;21;10.0;"nacionalidad_icaa"
1652;17;100.0;"nacionalidad_icaa"
1653;17;100.0;"nacionalidad_icaa"
1654;17;40.53;"nacionalidad_icaa"
1654;3;59.47;"nacionalidad_icaa"
1655;17;100.0;"nacionalidad_icaa"
1656;17;100.0;"nacionalidad_icaa"
1657;17;80.0;"nacionalidad_icaa"
1657;3;20.0;"nacionalidad_icaa"
1658;17;100.0;"nacionalidad_icaa"
1659;42;100.0;"nacionalidad_icaa"
1660;17;63.97;"nacionalidad_icaa"
1660;1;17.75;"nacionalidad_icaa"
1660;3;18.28;"nacionalidad_icaa"
1661;17;100.0;"nacionalidad_icaa"
1662;17;100.0;"nacionalidad_icaa"
1663;17;100.0;"nacionalidad_icaa"
1664;17;80.0;"nacionalidad_icaa"
1664;18;20.0;"nacionalidad_icaa"
1665;17;100.0;"nacionalidad_icaa"
1666;17;100.0;"nacionalidad_icaa"
1667;17;100.0;"nacionalidad_icaa"
1668;17;100.0;"nacionalidad_icaa"
1669;17;100.0;"nacionalidad_icaa"
1670;17;100.0;"nacionalidad_icaa"
1671;17;100.0;"nacionalidad_icaa"
1672;17;100.0;"nacionalidad_icaa"
1673;17;100.0;"nacionalidad_icaa"
1674;17;100.0;"nacionalidad_icaa"
1675;17;100.0;"nacionalidad_icaa"
1676;17;100.0;"nacionalidad_icaa"
1677;17;100.0;"nacionalidad_icaa"
1678;17;100.0;"nacionalidad_icaa"
1679;17;100.0;"nacionalidad_icaa"
1680;17;100.0;"nacionalidad_icaa"
1681;17;100.0;"nacionalidad_icaa"
1682;17;100.0;"nacionalidad_icaa"
1683;17;25.0;"nacionalidad_icaa"
1683;12;25.0;"nacionalidad_icaa"
1683;16;50.0;"nacionalidad_icaa"
1684;17;100.0;"nacionalidad_icaa"
1685;17;47.56;"nacionalidad_icaa"
1685;33;52.44;"nacionalidad_icaa"
1686;17;80.0;"nacionalidad_icaa"
1686;20;20.0;"nacionalidad_icaa"
1687;17;100.0;"nacionalidad_icaa"
1688;17;50.0;"nacionalidad_icaa"
1688;1;20.0;"nacionalidad_icaa"
1688;42;30.0;"nacionalidad_icaa"
1689;17;100.0;"nacionalidad_icaa"
1690;17;100.0;"nacionalidad_icaa"
1691;17;50.47;"nacionalidad_icaa"
1691;21;49.53;"nacionalidad_icaa"
1692;17;100.0;"nacionalidad_icaa"
1693;17;100.0;"nacionalidad_icaa"
1694;17;100.0;"nacionalidad_icaa"
1695;17;100.0;"nacionalidad_icaa"
1696;33;100.0;"nacionalidad_icaa"
1697;17;80.0;"nacionalidad_icaa"
1697;40;20.0;"nacionalidad_icaa"
1698;17;100.0;"nacionalidad_icaa"
1699;17;100.0;"nacionalidad_icaa"
1700;17;100.0;"nacionalidad_icaa"
1701;17;100.0;"nacionalidad_icaa"
1702;17;80.0;"nacionalidad_icaa"
1702;1;20.0;"nacionalidad_icaa"
1703;17;100.0;"nacionalidad_icaa"
1704;17;100.0;"nacionalidad_icaa"
1705;17;100.0;"nacionalidad_icaa"
1706;17;100.0;"nacionalidad_icaa"
1707;17;30.0;"nacionalidad_icaa"
1707;51;70.0;"nacionalidad_icaa"
1708;17;20.0;"nacionalidad_icaa"
1708;33;80.0;"nacionalidad_icaa"
1709;17;100.0;"nacionalidad_icaa"
1710;17;70.0;"nacionalidad_icaa"
1710;8;20.0;"nacionalidad_icaa"
1710;21;10.0;"nacionalidad_icaa"
1711;17;100.0;"nacionalidad_icaa"
1712;17;100.0;"nacionalidad_icaa"
1713;17;70.0;"nacionalidad_icaa"
1713;21;15.0;"nacionalidad_icaa"
1713;40;15.0;"nacionalidad_icaa"
1714;17;100.0;"nacionalidad_icaa"
1715;17;100.0;"nacionalidad_icaa"
1716;17;100.0;"nacionalidad_icaa"
1717;17;80.0;"nacionalidad_icaa"
1717;45;20.0;"nacionalidad_icaa"
1718;17;100.0;"nacionalidad_icaa"
1719;17;100.0;"nacionalidad_icaa"
1720;17;100.0;"nacionalidad_icaa"
1721;17;100.0;"nacionalidad_icaa"
1722;17;100.0;"nacionalidad_icaa"
1723;17;100.0;"nacionalidad_icaa"
1724;17;70.0;"nacionalidad_icaa"
1724;42;25.0;"nacionalidad_icaa"
1724;45;5.0;"nacionalidad_icaa"
1725;17;100.0;"nacionalidad_icaa"
1726;17;100.0;"nacionalidad_icaa"
1727;17;70.0;"nacionalidad_icaa"
1727;1;10.0;"nacionalidad_icaa"
1727;37;10.0;"nacionalidad_icaa"
1727;26;10.0;"nacionalidad_icaa"
1728;17;100.0;"nacionalidad_icaa"
1729;17;100.0;"nacionalidad_icaa"
1730;17;47.29;"nacionalidad_icaa"
1730;33;52.71;"nacionalidad_icaa"
1731;17;100.0;"nacionalidad_icaa"
1732;17;70.0;"nacionalidad_icaa"
1732;45;10.0;"nacionalidad_icaa"
1732;18;20.0;"nacionalidad_icaa"
1733;17;100.0;"nacionalidad_icaa"
1734;17;100.0;"nacionalidad_icaa"
1735;17;79.0;"nacionalidad_icaa"
1735;1;21.0;"nacionalidad_icaa"
1736;17;100.0;"nacionalidad_icaa"
1737;17;100.0;"nacionalidad_icaa"
1738;17;100.0;"nacionalidad_icaa"
1739;17;100.0;"nacionalidad_icaa"
1740;17;100.0;"nacionalidad_icaa"
1741;17;100.0;"nacionalidad_icaa"
1742;17;100.0;"nacionalidad_icaa"
1743;17;40.0;"nacionalidad_icaa"
1743;3;50.0;"nacionalidad_icaa"
1743;18;10.0;"nacionalidad_icaa"
1744;17;100.0;"nacionalidad_icaa"
1745;17;25.0;"nacionalidad_icaa"
1745;3;75.0;"nacionalidad_icaa"
1746;17;100.0;"nacionalidad_icaa"
1747;17;100.0;"nacionalidad_icaa"
1748;17;100.0;"nacionalidad_icaa"
1749;17;100.0;"nacionalidad_icaa"
1750;17;100.0;"nacionalidad_icaa"
1751;17;100.0;"nacionalidad_icaa"
1752;17;100.0;"nacionalidad_icaa"
1753;17;100.0;"nacionalidad_icaa"
1754;17;100.0;"nacionalidad_icaa"
1755;17;100.0;"nacionalidad_icaa"
1756;17;100.0;"nacionalidad_icaa"
1757;17;100.0;"nacionalidad_icaa"
1758;17;100.0;"nacionalidad_icaa"
1759;17;100.0;"nacionalidad_icaa"
1760;17;100.0;"nacionalidad_icaa"
1761;17;100.0;"nacionalidad_icaa"
1762;17;100.0;"nacionalidad_icaa"
1763;17;100.0;"nacionalidad_icaa"
1764;17;100.0;"nacionalidad_icaa"
1765;17;100.0;"nacionalidad_icaa"
1766;17;100.0;"nacionalidad_icaa"
1767;17;100.0;"nacionalidad_icaa"
1768;17;80.0;"nacionalidad_icaa"
1768;37;20.0;"nacionalidad_icaa"
1769;17;100.0;"nacionalidad_icaa"
1770;17;100.0;"nacionalidad_icaa"
1771;17;100.0;"nacionalidad_icaa"
1772;17;100.0;"nacionalidad_icaa"
1773;17;100.0;"nacionalidad_icaa"
1774;17;100.0;"nacionalidad_icaa"
1775;17;100.0;"nacionalidad_icaa"
1776;17;100.0;"nacionalidad_icaa"
1777;17;100.0;"nacionalidad_icaa"
1778;17;100.0;"nacionalidad_icaa"
1779;17;62.3;"nacionalidad_icaa"
1779;26;27.7;"nacionalidad_icaa"
1779;33;10.0;"nacionalidad_icaa"
