"pelicula_id_temp";"distribuidora_id";"fuente"
0;373;"sin_dato"
1;422;"ficha_icaa"
2;373;"sin_dato"
3;373;"sin_dato"
4;238;"ficha_icaa"
5;94;"ficha_icaa"
6;370;"ficha_icaa"
7;373;"sin_dato"
8;369;"ficha_icaa"
9;370;"ficha_icaa"
10;422;"ficha_icaa"
10;434;"ficha_icaa"
10;56;"ficha_icaa"
11;423;"ficha_icaa"
12;422;"ficha_icaa"
12;56;"ficha_icaa"
13;106;"ficha_icaa"
14;83;"ficha_icaa"
14;62;"ficha_icaa"
15;83;"ficha_icaa"
16;104;"ficha_icaa"
17;122;"ficha_icaa"
18;373;"sin_dato"
19;83;"ficha_icaa"
20;324;"ficha_icaa"
21;373;"sin_dato"
22;330;"ficha_icaa"
23;329;"ficha_icaa"
24;186;"ficha_icaa"
25;370;"ficha_icaa"
26;449;"ficha_icaa"
27;8;"ficha_icaa"
28;373;"sin_dato"
29;62;"ficha_icaa"
30;84;"ficha_icaa"
31;185;"ficha_icaa"
32;167;"ficha_icaa"
33;72;"ficha_icaa"
34;62;"ficha_icaa"
34;288;"ficha_icaa"
35;309;"ficha_icaa"
36;83;"ficha_icaa"
37;152;"ficha_icaa"
38;72;"ficha_icaa"
39;20;"ficha_icaa"
40;427;"ficha_icaa"
41;72;"ficha_icaa"
42;56;"ficha_icaa"
43;64;"ficha_icaa"
44;250;"ficha_icaa"
44;56;"ficha_icaa"
45;441;"ficha_icaa"
46;373;"sin_dato"
47;62;"ficha_icaa"
48;72;"ficha_icaa"
49;228;"ficha_icaa"
50;62;"ficha_icaa"
51;26;"ficha_icaa"
52;32;"ficha_icaa"
53;228;"ficha_icaa"
54;72;"ficha_icaa"
55;370;"ficha_icaa"
56;373;"sin_dato"
57;1;"ficha_icaa"
58;62;"ficha_icaa"
59;144;"ficha_icaa"
60;82;"ficha_icaa"
61;62;"ficha_icaa"
62;282;"ficha_icaa"
63;62;"ficha_icaa"
64;373;"sin_dato"
65;83;"ficha_icaa"
66;64;"ficha_icaa"
67;212;"ficha_icaa"
68;373;"sin_dato"
69;229;"ficha_icaa"
69;56;"ficha_icaa"
70;83;"ficha_icaa"
71;56;"ficha_icaa"
72;442;"ficha_icaa"
73;83;"ficha_icaa"
74;78;"ficha_icaa"
75;143;"ficha_icaa"
76;250;"ficha_icaa"
77;104;"ficha_icaa"
78;104;"ficha_icaa"
79;83;"ficha_icaa"
80;83;"ficha_icaa"
81;62;"ficha_icaa"
82;350;"ficha_icaa"
83;226;"ficha_icaa"
84;412;"ficha_icaa"
85;144;"ficha_icaa"
86;373;"sin_dato"
87;429;"ficha_icaa"
88;4;"ficha_icaa"
89;72;"ficha_icaa"
90;370;"ficha_icaa"
91;83;"ficha_icaa"
92;106;"ficha_icaa"
93;370;"ficha_icaa"
94;442;"ficha_icaa"
94;142;"ficha_icaa"
95;356;"pdf_heuristica"
96;83;"ficha_icaa"
97;457;"ficha_icaa"
98;8;"ficha_icaa"
99;204;"ficha_icaa"
100;5;"pdf_heuristica"
101;250;"ficha_icaa"
102;410;"ficha_icaa"
103;373;"sin_dato"
104;47;"ficha_icaa"
105;104;"ficha_icaa"
106;342;"ficha_icaa"
107;373;"sin_dato"
108;444;"ficha_icaa"
109;442;"ficha_icaa"
110;426;"ficha_icaa"
111;135;"ficha_icaa"
112;64;"ficha_icaa"
113;373;"sin_dato"
114;309;"pdf_heuristica"
115;62;"ficha_icaa"
116;308;"ficha_icaa"
117;8;"ficha_icaa"
118;8;"ficha_icaa"
119;255;"ficha_icaa"
120;423;"ficha_icaa"
121;334;"ficha_icaa"
122;329;"ficha_icaa"
123;326;"ficha_icaa"
124;422;"ficha_icaa"
125;228;"ficha_icaa"
126;282;"ficha_icaa"
127;373;"sin_dato"
128;370;"ficha_icaa"
129;373;"sin_dato"
130;267;"ficha_icaa"
131;83;"ficha_icaa"
132;146;"ficha_icaa"
133;83;"ficha_icaa"
133;82;"ficha_icaa"
134;442;"ficha_icaa"
135;405;"ficha_icaa"
136;69;"ficha_icaa"
137;33;"ficha_icaa"
138;370;"ficha_icaa"
139;190;"ficha_icaa"
140;59;"ficha_icaa"
141;144;"ficha_icaa"
141;248;"ficha_icaa"
142;59;"ficha_icaa"
143;373;"sin_dato"
144;425;"ficha_icaa"
145;373;"sin_dato"
146;4;"ficha_icaa"
147;436;"ficha_icaa"
148;89;"ficha_icaa"
149;314;"ficha_icaa"
150;83;"ficha_icaa"
151;228;"ficha_icaa"
152;283;"pdf_heuristica"
153;199;"ficha_icaa"
154;370;"ficha_icaa"
155;383;"ficha_icaa"
156;127;"ficha_icaa"
157;235;"ficha_icaa"
158;72;"ficha_icaa"
159;410;"ficha_icaa"
160;62;"ficha_icaa"
161;26;"ficha_icaa"
161;405;"ficha_icaa"
162;373;"sin_dato"
163;427;"ficha_icaa"
164;442;"ficha_icaa"
165;104;"ficha_icaa"
166;83;"ficha_icaa"
167;128;"ficha_icaa"
168;31;"ficha_icaa"
169;312;"ficha_icaa"
170;8;"ficha_icaa"
171;334;"ficha_icaa"
172;342;"ficha_icaa"
173;72;"ficha_icaa"
174;167;"ficha_icaa"
175;390;"ficha_icaa"
176;144;"ficha_icaa"
177;283;"ficha_icaa"
178;108;"ficha_icaa"
179;82;"ficha_icaa"
180;8;"ficha_icaa"
181;373;"sin_dato"
182;72;"ficha_icaa"
183;83;"ficha_icaa"
184;416;"ficha_icaa"
185;407;"ficha_icaa"
186;104;"ficha_icaa"
187;83;"ficha_icaa"
188;8;"ficha_icaa"
189;373;"sin_dato"
190;322;"ficha_icaa"
191;373;"sin_dato"
192;32;"ficha_icaa"
193;325;"ficha_icaa"
194;444;"ficha_icaa"
194;106;"ficha_icaa"
195;62;"ficha_icaa"
196;297;"ficha_icaa"
197;56;"ficha_icaa"
198;228;"ficha_icaa"
199;228;"ficha_icaa"
200;334;"ficha_icaa"
201;4;"ficha_icaa"
202;56;"ficha_icaa"
203;373;"sin_dato"
204;31;"ficha_icaa"
205;392;"ficha_icaa"
206;172;"ficha_icaa"
207;220;"ficha_icaa"
208;62;"ficha_icaa"
209;144;"ficha_icaa"
210;29;"ficha_icaa"
211;139;"ficha_icaa"
212;189;"ficha_icaa"
213;83;"ficha_icaa"
214;4;"ficha_icaa"
215;83;"ficha_icaa"
216;322;"ficha_icaa"
217;408;"ficha_icaa"
218;373;"sin_dato"
219;83;"ficha_icaa"
220;106;"ficha_icaa"
221;65;"ficha_icaa"
222;438;"ficha_icaa"
223;444;"ficha_icaa"
223;146;"ficha_icaa"
224;282;"ficha_icaa"
225;62;"ficha_icaa"
226;258;"ficha_icaa"
227;83;"ficha_icaa"
227;405;"ficha_icaa"
228;8;"ficha_icaa"
229;390;"ficha_icaa"
230;422;"ficha_icaa"
231;441;"ficha_icaa"
232;376;"ficha_icaa"
233;429;"ficha_icaa"
234;177;"ficha_icaa"
234;268;"ficha_icaa"
235;381;"ficha_icaa"
236;343;"ficha_icaa"
237;442;"ficha_icaa"
238;83;"ficha_icaa"
239;72;"ficha_icaa"
240;188;"ficha_icaa"
241;38;"ficha_icaa"
242;405;"ficha_icaa"
243;340;"ficha_icaa"
244;26;"ficha_icaa"
245;174;"ficha_icaa"
246;127;"ficha_icaa"
247;427;"ficha_icaa"
248;441;"ficha_icaa"
249;283;"ficha_icaa"
250;394;"ficha_icaa"
251;340;"ficha_icaa"
252;334;"ficha_icaa"
253;362;"ficha_icaa"
253;106;"ficha_icaa"
254;253;"ficha_icaa"
255;445;"ficha_icaa"
256;458;"ficha_icaa"
257;441;"ficha_icaa"
258;373;"sin_dato"
259;83;"ficha_icaa"
260;441;"ficha_icaa"
261;429;"ficha_icaa"
262;442;"ficha_icaa"
263;8;"ficha_icaa"
264;271;"ficha_icaa"
265;8;"ficha_icaa"
266;378;"ficha_icaa"
267;442;"ficha_icaa"
268;83;"ficha_icaa"
269;72;"ficha_icaa"
270;232;"ficha_icaa"
270;244;"ficha_icaa"
271;381;"ficha_icaa"
272;329;"ficha_icaa"
273;26;"ficha_icaa"
274;410;"ficha_icaa"
275;83;"ficha_icaa"
276;104;"ficha_icaa"
276;371;"ficha_icaa"
277;373;"sin_dato"
278;395;"ficha_icaa"
279;59;"ficha_icaa"
280;174;"ficha_icaa"
281;83;"ficha_icaa"
282;442;"ficha_icaa"
283;396;"ficha_icaa"
284;83;"ficha_icaa"
285;72;"ficha_icaa"
286;255;"ficha_icaa"
287;373;"sin_dato"
288;188;"ficha_icaa"
289;8;"ficha_icaa"
290;405;"ficha_icaa"
291;373;"sin_dato"
292;163;"ficha_icaa"
293;44;"ficha_icaa"
294;8;"ficha_icaa"
295;83;"ficha_icaa"
296;255;"ficha_icaa"
297;392;"ficha_icaa"
298;144;"ficha_icaa"
299;373;"sin_dato"
300;299;"ficha_icaa"
301;8;"ficha_icaa"
302;62;"ficha_icaa"
303;14;"ficha_icaa"
304;72;"ficha_icaa"
305;83;"ficha_icaa"
306;392;"ficha_icaa"
307;83;"ficha_icaa"
308;255;"ficha_icaa"
309;96;"ficha_icaa"
310;62;"ficha_icaa"
311;8;"ficha_icaa"
312;427;"ficha_icaa"
313;8;"ficha_icaa"
314;4;"ficha_icaa"
315;4;"ficha_icaa"
315;423;"ficha_icaa"
316;406;"ficha_icaa"
316;64;"ficha_icaa"
317;106;"ficha_icaa"
317;107;"ficha_icaa"
318;83;"ficha_icaa"
319;76;"ficha_icaa"
320;8;"ficha_icaa"
321;317;"ficha_icaa"
321;72;"ficha_icaa"
322;122;"ficha_icaa"
323;189;"ficha_icaa"
324;31;"ficha_icaa"
325;329;"ficha_icaa"
326;441;"ficha_icaa"
327;4;"ficha_icaa"
328;422;"ficha_icaa"
329;60;"ficha_icaa"
330;373;"sin_dato"
331;370;"ficha_icaa"
332;442;"ficha_icaa"
333;135;"ficha_icaa"
334;83;"ficha_icaa"
335;282;"ficha_icaa"
336;442;"ficha_icaa"
337;31;"ficha_icaa"
338;414;"ficha_icaa"
339;422;"ficha_icaa"
340;381;"ficha_icaa"
341;261;"ficha_icaa"
342;8;"ficha_icaa"
343;214;"ficha_icaa"
344;425;"ficha_icaa"
345;62;"ficha_icaa"
346;8;"ficha_icaa"
347;83;"ficha_icaa"
348;422;"ficha_icaa"
349;62;"ficha_icaa"
350;83;"ficha_icaa"
351;65;"ficha_icaa"
352;87;"ficha_icaa"
353;419;"ficha_icaa"
354;441;"ficha_icaa"
355;287;"ficha_icaa"
356;193;"ficha_icaa"
357;410;"ficha_icaa"
358;442;"ficha_icaa"
359;72;"ficha_icaa"
360;268;"ficha_icaa"
361;4;"ficha_icaa"
362;249;"ficha_icaa"
363;373;"sin_dato"
364;286;"ficha_icaa"
365;83;"ficha_icaa"
366;192;"ficha_icaa"
367;83;"ficha_icaa"
368;423;"ficha_icaa"
369;370;"ficha_icaa"
370;442;"ficha_icaa"
371;4;"ficha_icaa"
372;373;"sin_dato"
373;211;"ficha_icaa"
374;163;"ficha_icaa"
375;405;"ficha_icaa"
376;383;"ficha_icaa"
376;56;"ficha_icaa"
376;381;"ficha_icaa"
377;373;"sin_dato"
378;83;"ficha_icaa"
379;163;"ficha_icaa"
380;445;"ficha_icaa"
381;284;"ficha_icaa"
382;261;"ficha_icaa"
382;274;"ficha_icaa"
383;282;"ficha_icaa"
384;64;"ficha_icaa"
385;373;"sin_dato"
386;373;"sin_dato"
387;55;"ficha_icaa"
388;104;"ficha_icaa"
389;59;"ficha_icaa"
390;83;"ficha_icaa"
391;422;"ficha_icaa"
392;422;"ficha_icaa"
392;434;"ficha_icaa"
393;373;"sin_dato"
394;161;"ficha_icaa"
395;148;"ficha_icaa"
396;373;"sin_dato"
397;312;"ficha_icaa"
398;373;"sin_dato"
399;373;"sin_dato"
400;62;"ficha_icaa"
401;342;"ficha_icaa"
402;122;"ficha_icaa"
403;319;"ficha_icaa"
404;116;"ficha_icaa"
405;422;"ficha_icaa"
406;9;"ficha_icaa"
407;349;"ficha_icaa"
408;12;"ficha_icaa"
409;4;"ficha_icaa"
410;24;"ficha_icaa"
411;329;"ficha_icaa"
412;381;"ficha_icaa"
413;283;"ficha_icaa"
414;255;"ficha_icaa"
415;442;"ficha_icaa"
416;83;"ficha_icaa"
417;373;"sin_dato"
418;422;"ficha_icaa"
418;285;"ficha_icaa"
419;422;"ficha_icaa"
420;72;"ficha_icaa"
421;350;"ficha_icaa"
422;83;"ficha_icaa"
423;346;"ficha_icaa"
424;373;"sin_dato"
425;130;"ficha_icaa"
426;83;"ficha_icaa"
427;83;"ficha_icaa"
428;350;"ficha_icaa"
429;373;"sin_dato"
430;370;"ficha_icaa"
430;276;"ficha_icaa"
431;405;"ficha_icaa"
432;4;"ficha_icaa"
433;174;"ficha_icaa"
434;8;"ficha_icaa"
435;150;"ficha_icaa"
436;19;"ficha_icaa"
437;62;"ficha_icaa"
438;23;"ficha_icaa"
439;8;"ficha_icaa"
440;104;"ficha_icaa"
441;78;"ficha_icaa"
442;373;"sin_dato"
443;83;"ficha_icaa"
444;83;"ficha_icaa"
445;170;"pdf_heuristica"
446;65;"ficha_icaa"
447;50;"ficha_icaa"
448;83;"ficha_icaa"
449;62;"ficha_icaa"
450;135;"ficha_icaa"
451;367;"ficha_icaa"
451;445;"ficha_icaa"
452;305;"ficha_icaa"
453;322;"ficha_icaa"
454;135;"ficha_icaa"
455;8;"ficha_icaa"
456;287;"ficha_icaa"
457;384;"ficha_icaa"
458;405;"ficha_icaa"
459;373;"sin_dato"
460;4;"ficha_icaa"
461;322;"ficha_icaa"
462;397;"pdf_heuristica"
463;228;"ficha_icaa"
464;322;"ficha_icaa"
465;442;"ficha_icaa"
466;405;"ficha_icaa"
467;451;"ficha_icaa"
468;83;"ficha_icaa"
469;73;"ficha_icaa"
470;421;"ficha_icaa"
471;405;"ficha_icaa"
472;422;"ficha_icaa"
473;442;"ficha_icaa"
474;185;"ficha_icaa"
475;72;"ficha_icaa"
476;8;"ficha_icaa"
477;36;"ficha_icaa"
478;83;"ficha_icaa"
479;381;"ficha_icaa"
480;381;"ficha_icaa"
481;378;"ficha_icaa"
482;83;"ficha_icaa"
483;206;"ficha_icaa"
484;143;"ficha_icaa"
485;48;"ficha_icaa"
486;83;"ficha_icaa"
487;299;"ficha_icaa"
488;180;"ficha_icaa"
489;83;"ficha_icaa"
490;381;"ficha_icaa"
491;65;"ficha_icaa"
492;426;"ficha_icaa"
493;55;"ficha_icaa"
494;422;"ficha_icaa"
495;441;"ficha_icaa"
496;437;"ficha_icaa"
497;8;"ficha_icaa"
498;442;"ficha_icaa"
499;224;"ficha_icaa"
500;4;"ficha_icaa"
501;55;"ficha_icaa"
502;422;"ficha_icaa"
503;122;"ficha_icaa"
504;8;"ficha_icaa"
505;381;"ficha_icaa"
506;78;"ficha_icaa"
507;381;"ficha_icaa"
508;410;"ficha_icaa"
509;381;"ficha_icaa"
510;422;"ficha_icaa"
511;72;"ficha_icaa"
512;442;"ficha_icaa"
513;189;"ficha_icaa"
514;8;"ficha_icaa"
515;381;"ficha_icaa"
516;381;"ficha_icaa"
517;144;"ficha_icaa"
518;122;"ficha_icaa"
519;442;"ficha_icaa"
520;93;"ficha_icaa"
521;429;"ficha_icaa"
522;381;"ficha_icaa"
523;422;"ficha_icaa"
524;442;"ficha_icaa"
524;232;"ficha_icaa"
525;83;"ficha_icaa"
526;373;"sin_dato"
527;213;"ficha_icaa"
528;8;"ficha_icaa"
529;381;"ficha_icaa"
530;188;"ficha_icaa"
531;442;"ficha_icaa"
532;432;"ficha_icaa"
533;124;"ficha_icaa"
534;8;"ficha_icaa"
535;261;"ficha_icaa"
536;373;"sin_dato"
537;373;"sin_dato"
538;373;"sin_dato"
539;135;"ficha_icaa"
540;194;"ficha_icaa"
541;280;"ficha_icaa"
542;370;"ficha_icaa"
543;78;"ficha_icaa"
544;373;"sin_dato"
545;373;"sin_dato"
546;26;"ficha_icaa"
547;289;"ficha_icaa"
548;62;"ficha_icaa"
549;292;"ficha_icaa"
550;8;"ficha_icaa"
551;72;"ficha_icaa"
552;151;"ficha_icaa"
553;310;"ficha_icaa"
554;106;"ficha_icaa"
555;373;"sin_dato"
556;278;"ficha_icaa"
557;323;"ficha_icaa"
558;287;"ficha_icaa"
559;373;"sin_dato"
560;350;"ficha_icaa"
561;422;"ficha_icaa"
562;221;"ficha_icaa"
563;122;"ficha_icaa"
564;104;"ficha_icaa"
565;62;"ficha_icaa"
566;167;"pdf_heuristica"
567;179;"ficha_icaa"
568;427;"ficha_icaa"
569;83;"ficha_icaa"
570;149;"ficha_icaa"
571;73;"ficha_icaa"
571;405;"ficha_icaa"
572;373;"sin_dato"
573;405;"ficha_icaa"
574;161;"ficha_icaa"
575;405;"ficha_icaa"
576;373;"sin_dato"
577;4;"ficha_icaa"
578;8;"ficha_icaa"
579;122;"ficha_icaa"
580;4;"ficha_icaa"
581;430;"ficha_icaa"
582;261;"ficha_icaa"
583;373;"sin_dato"
584;243;"ficha_icaa"
584;442;"ficha_icaa"
584;146;"ficha_icaa"
584;142;"ficha_icaa"
585;405;"ficha_icaa"
586;418;"ficha_icaa"
587;106;"ficha_icaa"
588;340;"ficha_icaa"
589;410;"ficha_icaa"
590;105;"ficha_icaa"
591;187;"ficha_icaa"
592;238;"ficha_icaa"
593;442;"ficha_icaa"
594;373;"sin_dato"
595;373;"sin_dato"
596;427;"ficha_icaa"
597;406;"ficha_icaa"
598;381;"ficha_icaa"
599;161;"ficha_icaa"
600;440;"ficha_icaa"
601;259;"ficha_icaa"
602;261;"ficha_icaa"
603;228;"ficha_icaa"
604;291;"ficha_icaa"
605;72;"ficha_icaa"
606;459;"ficha_icaa"
607;361;"ficha_icaa"
608;83;"ficha_icaa"
609;60;"ficha_icaa"
610;8;"ficha_icaa"
610;69;"ficha_icaa"
611;373;"sin_dato"
612;392;"ficha_icaa"
613;31;"ficha_icaa"
614;329;"ficha_icaa"
615;383;"ficha_icaa"
616;26;"ficha_icaa"
617;117;"ficha_icaa"
618;373;"sin_dato"
619;362;"ficha_icaa"
620;452;"ficha_icaa"
621;362;"ficha_icaa"
622;410;"ficha_icaa"
623;100;"ficha_icaa"
624;410;"ficha_icaa"
625;373;"sin_dato"
626;8;"ficha_icaa"
627;78;"ficha_icaa"
628;454;"ficha_icaa"
629;373;"sin_dato"
630;373;"sin_dato"
631;441;"ficha_icaa"
632;373;"sin_dato"
633;354;"ficha_icaa"
634;59;"ficha_icaa"
635;167;"ficha_icaa"
636;422;"ficha_icaa"
637;373;"sin_dato"
638;275;"ficha_icaa"
638;126;"ficha_icaa"
639;108;"ficha_icaa"
640;26;"ficha_icaa"
641;408;"ficha_icaa"
642;373;"sin_dato"
643;92;"pdf_heuristica"
644;177;"ficha_icaa"
645;255;"ficha_icaa"
646;83;"ficha_icaa"
647;373;"sin_dato"
648;83;"ficha_icaa"
649;373;"sin_dato"
650;283;"ficha_icaa"
651;163;"ficha_icaa"
652;83;"ficha_icaa"
653;253;"ficha_icaa"
654;83;"ficha_icaa"
655;83;"ficha_icaa"
656;370;"ficha_icaa"
657;448;"ficha_icaa"
658;381;"ficha_icaa"
659;442;"ficha_icaa"
660;422;"ficha_icaa"
661;386;"ficha_icaa"
662;430;"ficha_icaa"
663;4;"ficha_icaa"
664;17;"ficha_icaa"
665;322;"ficha_icaa"
666;430;"ficha_icaa"
667;421;"ficha_icaa"
668;270;"ficha_icaa"
669;83;"ficha_icaa"
670;8;"ficha_icaa"
671;373;"sin_dato"
672;373;"sin_dato"
673;381;"ficha_icaa"
674;429;"ficha_icaa"
675;135;"ficha_icaa"
676;228;"ficha_icaa"
677;373;"sin_dato"
678;59;"ficha_icaa"
678;31;"ficha_icaa"
679;366;"pdf_heuristica"
680;373;"sin_dato"
681;310;"pdf_heuristica"
682;276;"ficha_icaa"
683;447;"ficha_icaa"
684;441;"ficha_icaa"
685;373;"sin_dato"
686;377;"ficha_icaa"
686;106;"ficha_icaa"
687;410;"ficha_icaa"
688;104;"ficha_icaa"
689;373;"sin_dato"
690;4;"ficha_icaa"
691;373;"sin_dato"
692;373;"sin_dato"
693;381;"ficha_icaa"
694;8;"ficha_icaa"
695;334;"ficha_icaa"
696;185;"ficha_icaa"
697;399;"ficha_icaa"
698;370;"ficha_icaa"
699;261;"ficha_icaa"
700;427;"ficha_icaa"
701;8;"ficha_icaa"
702;106;"ficha_icaa"
703;8;"ficha_icaa"
704;56;"ficha_icaa"
704;381;"ficha_icaa"
705;306;"ficha_icaa"
706;31;"ficha_icaa"
707;26;"ficha_icaa"
708;373;"sin_dato"
709;8;"ficha_icaa"
710;83;"ficha_icaa"
711;86;"ficha_icaa"
712;347;"pdf_heuristica"
713;133;"ficha_icaa"
714;106;"ficha_icaa"
715;373;"sin_dato"
716;373;"sin_dato"
717;373;"sin_dato"
718;101;"ficha_icaa"
719;104;"ficha_icaa"
720;373;"sin_dato"
721;135;"ficha_icaa"
722;195;"ficha_icaa"
723;62;"ficha_icaa"
724;363;"ficha_icaa"
725;281;"ficha_icaa"
726;82;"ficha_icaa"
727;373;"sin_dato"
728;215;"ficha_icaa"
728;126;"ficha_icaa"
728;434;"ficha_icaa"
729;182;"ficha_icaa"
730;373;"sin_dato"
731;295;"ficha_icaa"
732;209;"ficha_icaa"
733;265;"ficha_icaa"
734;323;"ficha_icaa"
735;381;"ficha_icaa"
736;283;"ficha_icaa"
737;373;"sin_dato"
738;373;"sin_dato"
739;56;"ficha_icaa"
740;56;"ficha_icaa"
741;193;"ficha_icaa"
742;261;"ficha_icaa"
743;373;"sin_dato"
744;302;"ficha_icaa"
745;48;"ficha_icaa"
746;341;"ficha_icaa"
747;408;"ficha_icaa"
748;403;"ficha_icaa"
749;163;"ficha_icaa"
750;281;"ficha_icaa"
751;78;"ficha_icaa"
752;8;"ficha_icaa"
753;84;"ficha_icaa"
753;434;"ficha_icaa"
753;56;"ficha_icaa"
754;228;"ficha_icaa"
755;4;"ficha_icaa"
756;65;"ficha_icaa"
757;183;"ficha_icaa"
758;301;"ficha_icaa"
759;327;"ficha_icaa"
760;373;"sin_dato"
761;62;"ficha_icaa"
762;135;"ficha_icaa"
763;373;"sin_dato"
764;329;"ficha_icaa"
765;422;"ficha_icaa"
766;72;"ficha_icaa"
767;390;"ficha_icaa"
768;282;"ficha_icaa"
769;46;"ficha_icaa"
770;381;"ficha_icaa"
771;122;"ficha_icaa"
772;373;"sin_dato"
773;83;"ficha_icaa"
774;175;"ficha_icaa"
775;62;"ficha_icaa"
776;405;"ficha_icaa"
777;253;"ficha_icaa"
778;442;"ficha_icaa"
779;8;"ficha_icaa"
780;8;"ficha_icaa"
781;62;"ficha_icaa"
782;442;"ficha_icaa"
783;426;"ficha_icaa"
784;381;"ficha_icaa"
785;161;"ficha_icaa"
786;8;"ficha_icaa"
787;373;"sin_dato"
788;163;"ficha_icaa"
789;294;"ficha_icaa"
790;65;"ficha_icaa"
791;65;"ficha_icaa"
792;360;"ficha_icaa"
793;373;"sin_dato"
794;65;"ficha_icaa"
795;410;"ficha_icaa"
796;234;"ficha_icaa"
797;365;"ficha_icaa"
798;71;"ficha_icaa"
799;4;"ficha_icaa"
800;58;"pdf_heuristica"
801;82;"ficha_icaa"
802;15;"ficha_icaa"
803;414;"ficha_icaa"
804;427;"ficha_icaa"
805;307;"ficha_icaa"
806;72;"ficha_icaa"
807;328;"pdf_heuristica"
808;83;"ficha_icaa"
809;108;"ficha_icaa"
810;62;"ficha_icaa"
811;282;"ficha_icaa"
812;135;"ficha_icaa"
813;8;"ficha_icaa"
814;122;"ficha_icaa"
814;106;"ficha_icaa"
815;303;"ficha_icaa"
816;223;"ficha_icaa"
817;405;"ficha_icaa"
818;8;"ficha_icaa"
819;360;"ficha_icaa"
820;340;"ficha_icaa"
820;22;"ficha_icaa"
821;104;"ficha_icaa"
822;381;"ficha_icaa"
823;373;"sin_dato"
824;4;"ficha_icaa"
825;160;"ficha_icaa"
826;373;"sin_dato"
827;27;"ficha_icaa"
828;250;"ficha_icaa"
829;373;"sin_dato"
830;134;"ficha_icaa"
831;373;"sin_dato"
832;373;"sin_dato"
833;91;"ficha_icaa"
834;373;"sin_dato"
835;103;"ficha_icaa"
836;442;"ficha_icaa"
837;8;"ficha_icaa"
838;157;"ficha_icaa"
838;434;"ficha_icaa"
839;62;"ficha_icaa"
840;227;"ficha_icaa"
841;262;"ficha_icaa"
842;135;"ficha_icaa"
843;370;"ficha_icaa"
844;406;"ficha_icaa"
845;208;"ficha_icaa"
845;99;"ficha_icaa"
846;272;"ficha_icaa"
847;120;"ficha_icaa"
848;373;"sin_dato"
849;62;"ficha_icaa"
850;441;"ficha_icaa"
851;103;"ficha_icaa"
852;203;"ficha_icaa"
853;72;"ficha_icaa"
854;69;"ficha_icaa"
855;353;"ficha_icaa"
856;8;"ficha_icaa"
857;261;"ficha_icaa"
858;54;"ficha_icaa"
859;238;"ficha_icaa"
860;60;"ficha_icaa"
861;373;"sin_dato"
862;442;"ficha_icaa"
863;182;"ficha_icaa"
864;261;"ficha_icaa"
865;4;"ficha_icaa"
866;132;"ficha_icaa"
867;8;"ficha_icaa"
868;4;"ficha_icaa"
869;88;"ficha_icaa"
870;373;"sin_dato"
871;228;"ficha_icaa"
872;373;"sin_dato"
873;88;"ficha_icaa"
874;373;"sin_dato"
875;272;"ficha_icaa"
876;62;"ficha_icaa"
877;329;"ficha_icaa"
878;373;"sin_dato"
879;91;"ficha_icaa"
880;370;"ficha_icaa"
881;373;"sin_dato"
882;376;"ficha_icaa"
883;106;"ficha_icaa"
884;62;"ficha_icaa"
885;70;"ficha_icaa"
886;373;"sin_dato"
887;422;"ficha_icaa"
888;4;"ficha_icaa"
889;119;"ficha_icaa"
890;161;"ficha_icaa"
891;8;"ficha_icaa"
892;373;"sin_dato"
893;405;"ficha_icaa"
894;162;"ficha_icaa"
895;173;"ficha_icaa"
896;65;"ficha_icaa"
897;72;"ficha_icaa"
898;332;"ficha_icaa"
899;79;"ficha_icaa"
900;321;"pdf_heuristica"
901;43;"ficha_icaa"
901;385;"ficha_icaa"
902;106;"ficha_icaa"
903;369;"ficha_icaa"
904;239;"ficha_icaa"
905;373;"sin_dato"
906;55;"ficha_icaa"
907;443;"ficha_icaa"
907;146;"ficha_icaa"
908;199;"ficha_icaa"
908;56;"ficha_icaa"
909;72;"ficha_icaa"
910;392;"ficha_icaa"
911;263;"ficha_icaa"
911;375;"ficha_icaa"
912;389;"ficha_icaa"
913;167;"ficha_icaa"
914;373;"sin_dato"
915;83;"ficha_icaa"
916;61;"ficha_icaa"
916;177;"ficha_icaa"
917;370;"ficha_icaa"
918;373;"sin_dato"
919;373;"sin_dato"
920;273;"ficha_icaa"
921;392;"ficha_icaa"
922;8;"ficha_icaa"
923;373;"sin_dato"
924;8;"ficha_icaa"
925;340;"ficha_icaa"
926;8;"ficha_icaa"
927;373;"sin_dato"
928;318;"ficha_icaa"
929;392;"ficha_icaa"
930;115;"ficha_icaa"
931;168;"ficha_icaa"
932;429;"ficha_icaa"
933;337;"ficha_icaa"
934;373;"sin_dato"
935;161;"ficha_icaa"
936;104;"ficha_icaa"
937;345;"ficha_icaa"
938;135;"ficha_icaa"
939;261;"ficha_icaa"
940;123;"ficha_icaa"
941;182;"ficha_icaa"
942;373;"sin_dato"
943;106;"ficha_icaa"
944;188;"ficha_icaa"
945;373;"sin_dato"
946;26;"ficha_icaa"
947;373;"sin_dato"
948;373;"sin_dato"
949;370;"ficha_icaa"
950;188;"ficha_icaa"
951;422;"ficha_icaa"
951;106;"ficha_icaa"
952;188;"ficha_icaa"
953;167;"pdf_heuristica"
954;193;"ficha_icaa"
955;74;"ficha_icaa"
956;373;"sin_dato"
957;399;"ficha_icaa"
958;373;"sin_dato"
959;4;"ficha_icaa"
960;261;"ficha_icaa"
961;6;"ficha_icaa"
962;60;"ficha_icaa"
963;369;"ficha_icaa"
964;370;"ficha_icaa"
965;370;"ficha_icaa"
966;401;"ficha_icaa"
967;4;"ficha_icaa"
968;372;"ficha_icaa"
969;429;"ficha_icaa"
970;83;"ficha_icaa"
971;373;"sin_dato"
972;373;"sin_dato"
973;261;"ficha_icaa"
974;17;"ficha_icaa"
975;121;"ficha_icaa"
976;238;"ficha_icaa"
977;403;"ficha_icaa"
978;368;"pdf_heuristica"
979;277;"ficha_icaa"
980;261;"ficha_icaa"
981;64;"ficha_icaa"
982;327;"ficha_icaa"
982;282;"ficha_icaa"
983;224;"ficha_icaa"
984;424;"ficha_icaa"
985;373;"sin_dato"
986;373;"sin_dato"
987;135;"ficha_icaa"
988;373;"sin_dato"
989;320;"ficha_icaa"
990;4;"ficha_icaa"
991;288;"ficha_icaa"
992;369;"ficha_icaa"
993;60;"ficha_icaa"
994;315;"ficha_icaa"
995;373;"sin_dato"
996;287;"ficha_icaa"
997;373;"sin_dato"
998;62;"ficha_icaa"
999;75;"ficha_icaa"
1000;169;"ficha_icaa"
1000;387;"ficha_icaa"
1001;453;"ficha_icaa"
1002;427;"ficha_icaa"
1003;72;"ficha_icaa"
1004;373;"sin_dato"
1005;388;"ficha_icaa"
1005;434;"ficha_icaa"
1006;402;"ficha_icaa"
1007;388;"ficha_icaa"
1008;410;"ficha_icaa"
1009;373;"sin_dato"
1010;450;"ficha_icaa"
1011;373;"sin_dato"
1012;69;"ficha_icaa"
1013;64;"ficha_icaa"
1014;410;"ficha_icaa"
1015;373;"sin_dato"
1016;370;"ficha_icaa"
1017;261;"ficha_icaa"
1018;373;"sin_dato"
1019;369;"ficha_icaa"
1020;104;"ficha_icaa"
1021;373;"sin_dato"
1022;426;"ficha_icaa"
1023;104;"ficha_icaa"
1024;69;"ficha_icaa"
1025;374;"pdf_heuristica"
1026;4;"ficha_icaa"
1027;181;"ficha_icaa"
1028;4;"ficha_icaa"
1029;188;"ficha_icaa"
1030;26;"ficha_icaa"
1031;208;"ficha_icaa"
1032;373;"sin_dato"
1033;83;"ficha_icaa"
1034;328;"pdf_heuristica"
1035;373;"sin_dato"
1036;417;"ficha_icaa"
1037;246;"ficha_icaa"
1038;161;"ficha_icaa"
1039;388;"ficha_icaa"
1039;434;"ficha_icaa"
1040;373;"sin_dato"
1041;238;"ficha_icaa"
1042;380;"ficha_icaa"
1042;210;"ficha_icaa"
1043;106;"ficha_icaa"
1044;345;"ficha_icaa"
1045;373;"sin_dato"
1046;434;"ficha_icaa"
1047;373;"sin_dato"
1048;11;"ficha_icaa"
1049;216;"ficha_icaa"
1050;373;"sin_dato"
1051;377;"ficha_icaa"
1051;106;"ficha_icaa"
1052;441;"ficha_icaa"
1053;143;"ficha_icaa"
1054;369;"ficha_icaa"
1055;219;"ficha_icaa"
1056;309;"ficha_icaa"
1057;83;"ficha_icaa"
1058;369;"ficha_icaa"
1059;298;"ficha_icaa"
1059;8;"ficha_icaa"
1060;73;"ficha_icaa"
1061;232;"ficha_icaa"
1061;144;"ficha_icaa"
1062;373;"sin_dato"
1063;373;"sin_dato"
1064;279;"ficha_icaa"
1065;336;"pdf_heuristica"
1066;8;"ficha_icaa"
1067;72;"ficha_icaa"
1068;348;"ficha_icaa"
1069;103;"ficha_icaa"
1070;393;"pdf_heuristica"
1071;370;"ficha_icaa"
1072;103;"ficha_icaa"
1073;422;"ficha_icaa"
1074;373;"sin_dato"
1075;8;"ficha_icaa"
1076;135;"ficha_icaa"
1077;106;"ficha_icaa"
1078;62;"ficha_icaa"
1079;373;"sin_dato"
1080;83;"ficha_icaa"
1081;106;"ficha_icaa"
1082;218;"ficha_icaa"
1082;438;"ficha_icaa"
1083;287;"ficha_icaa"
1084;373;"sin_dato"
1085;8;"ficha_icaa"
1086;4;"ficha_icaa"
1087;72;"ficha_icaa"
1088;167;"ficha_icaa"
1089;300;"ficha_icaa"
1090;51;"ficha_icaa"
1091;67;"ficha_icaa"
1092;373;"sin_dato"
1093;268;"ficha_icaa"
1094;422;"ficha_icaa"
1095;208;"ficha_icaa"
1095;8;"ficha_icaa"
1096;373;"sin_dato"
1097;373;"sin_dato"
1098;282;"ficha_icaa"
1099;103;"ficha_icaa"
1100;441;"ficha_icaa"
1101;370;"ficha_icaa"
1102;4;"ficha_icaa"
1103;59;"ficha_icaa"
1104;32;"ficha_icaa"
1104;338;"ficha_icaa"
1104;146;"ficha_icaa"
1105;26;"ficha_icaa"
1106;83;"ficha_icaa"
1107;62;"ficha_icaa"
1108;32;"ficha_icaa"
1108;434;"ficha_icaa"
1109;113;"ficha_icaa"
1110;373;"sin_dato"
1111;373;"sin_dato"
1112;373;"sin_dato"
1113;8;"ficha_icaa"
1114;370;"ficha_icaa"
1114;4;"ficha_icaa"
1115;65;"ficha_icaa"
1116;261;"ficha_icaa"
1117;217;"ficha_icaa"
1118;373;"sin_dato"
1119;410;"ficha_icaa"
1120;355;"ficha_icaa"
1121;62;"ficha_icaa"
1122;370;"ficha_icaa"
1123;369;"ficha_icaa"
1124;4;"ficha_icaa"
1125;143;"ficha_icaa"
1126;163;"ficha_icaa"
1127;155;"ficha_icaa"
1128;84;"ficha_icaa"
1129;373;"sin_dato"
1130;373;"sin_dato"
1131;37;"ficha_icaa"
1132;104;"ficha_icaa"
1132;245;"ficha_icaa"
1133;66;"ficha_icaa"
1134;62;"ficha_icaa"
1135;83;"ficha_icaa"
1136;373;"sin_dato"
1137;216;"ficha_icaa"
1138;56;"ficha_icaa"
1139;83;"ficha_icaa"
1140;370;"ficha_icaa"
1141;163;"ficha_icaa"
1142;429;"ficha_icaa"
1143;283;"ficha_icaa"
1144;83;"ficha_icaa"
1145;320;"ficha_icaa"
1146;69;"ficha_icaa"
1147;422;"ficha_icaa"
1148;209;"ficha_icaa"
1149;251;"ficha_icaa"
1150;373;"sin_dato"
1151;311;"ficha_icaa"
1152;267;"ficha_icaa"
1153;373;"sin_dato"
1154;370;"ficha_icaa"
1155;146;"ficha_icaa"
1156;83;"ficha_icaa"
1157;373;"sin_dato"
1158;228;"ficha_icaa"
1159;359;"ficha_icaa"
1159;287;"ficha_icaa"
1160;373;"sin_dato"
1161;429;"ficha_icaa"
1162;82;"ficha_icaa"
1163;429;"ficha_icaa"
1163;304;"ficha_icaa"
1164;72;"ficha_icaa"
1165;153;"ficha_icaa"
1166;202;"ficha_icaa"
1167;8;"ficha_icaa"
1168;62;"ficha_icaa"
1169;373;"sin_dato"
1170;83;"ficha_icaa"
1171;8;"ficha_icaa"
1172;8;"ficha_icaa"
1173;420;"ficha_icaa"
1174;373;"sin_dato"
1175;373;"sin_dato"
1176;419;"ficha_icaa"
1177;8;"ficha_icaa"
1178;56;"ficha_icaa"
1179;199;"ficha_icaa"
1179;8;"ficha_icaa"
1180;280;"ficha_icaa"
1181;8;"ficha_icaa"
1182;122;"ficha_icaa"
1183;386;"ficha_icaa"
1184;444;"ficha_icaa"
1184;56;"ficha_icaa"
1185;8;"ficha_icaa"
1186;381;"ficha_icaa"
1187;373;"sin_dato"
1188;284;"ficha_icaa"
1189;198;"ficha_icaa"
1189;222;"ficha_icaa"
1190;56;"ficha_icaa"
1191;373;"sin_dato"
1192;26;"ficha_icaa"
1193;313;"ficha_icaa"
1194;349;"ficha_icaa"
1195;32;"ficha_icaa"
1196;83;"ficha_icaa"
1197;60;"ficha_icaa"
1198;26;"ficha_icaa"
1199;442;"ficha_icaa"
1200;225;"ficha_icaa"
1201;446;"ficha_icaa"
1202;335;"ficha_icaa"
1203;83;"ficha_icaa"
1204;62;"ficha_icaa"
1205;26;"ficha_icaa"
1206;8;"ficha_icaa"
1207;422;"ficha_icaa"
1208;59;"ficha_icaa"
1209;62;"ficha_icaa"
1210;83;"ficha_icaa"
1211;415;"ficha_icaa"
1212;427;"ficha_icaa"
1213;209;"ficha_icaa"
1214;90;"ficha_icaa"
1215;240;"ficha_icaa"
1215;56;"ficha_icaa"
1216;377;"ficha_icaa"
1217;422;"ficha_icaa"
1218;255;"ficha_icaa"
1219;83;"ficha_icaa"
1220;26;"ficha_icaa"
1221;28;"ficha_icaa"
1222;370;"ficha_icaa"
1223;4;"ficha_icaa"
1224;59;"ficha_icaa"
1225;32;"ficha_icaa"
1226;8;"ficha_icaa"
1227;104;"ficha_icaa"
1227;144;"ficha_icaa"
1228;59;"ficha_icaa"
1229;8;"ficha_icaa"
1230;370;"ficha_icaa"
1231;59;"ficha_icaa"
1232;26;"ficha_icaa"
1233;62;"ficha_icaa"
1234;373;"sin_dato"
1235;8;"ficha_icaa"
1236;422;"ficha_icaa"
1237;104;"ficha_icaa"
1238;50;"ficha_icaa"
1238;331;"ficha_icaa"
1239;32;"ficha_icaa"
1240;83;"ficha_icaa"
1241;334;"ficha_icaa"
1242;62;"ficha_icaa"
1243;373;"sin_dato"
1244;383;"ficha_icaa"
1245;56;"ficha_icaa"
1246;8;"ficha_icaa"
1247;97;"ficha_icaa"
1248;56;"ficha_icaa"
1249;78;"ficha_icaa"
1250;369;"ficha_icaa"
1251;161;"ficha_icaa"
1252;4;"ficha_icaa"
1253;261;"ficha_icaa"
1254;433;"ficha_icaa"
1255;381;"ficha_icaa"
1256;164;"ficha_icaa"
1257;143;"ficha_icaa"
1258;381;"ficha_icaa"
1259;122;"ficha_icaa"
1260;63;"ficha_icaa"
1261;78;"ficha_icaa"
1262;245;"ficha_icaa"
1263;83;"ficha_icaa"
1264;422;"ficha_icaa"
1265;140;"pdf_heuristica"
1266;370;"ficha_icaa"
1267;373;"sin_dato"
1268;442;"ficha_icaa"
1269;391;"pdf_heuristica"
1270;405;"ficha_icaa"
1271;442;"ficha_icaa"
1272;381;"ficha_icaa"
1273;369;"ficha_icaa"
1274;60;"ficha_icaa"
1275;83;"ficha_icaa"
1276;373;"sin_dato"
1277;441;"ficha_icaa"
1278;80;"ficha_icaa"
1279;106;"ficha_icaa"
1280;62;"ficha_icaa"
1281;261;"ficha_icaa"
1282;104;"ficha_icaa"
1283;361;"ficha_icaa"
1284;256;"ficha_icaa"
1285;273;"ficha_icaa"
1286;373;"sin_dato"
1287;83;"ficha_icaa"
1288;62;"ficha_icaa"
1289;72;"ficha_icaa"
1290;144;"ficha_icaa"
1291;83;"ficha_icaa"
1292;373;"sin_dato"
1293;184;"ficha_icaa"
1294;263;"ficha_icaa"
1295;62;"ficha_icaa"
1296;287;"ficha_icaa"
1297;353;"ficha_icaa"
1298;56;"ficha_icaa"
1299;62;"ficha_icaa"
1300;93;"ficha_icaa"
1301;197;"ficha_icaa"
1302;83;"ficha_icaa"
1303;143;"ficha_icaa"
1304;228;"ficha_icaa"
1305;442;"ficha_icaa"
1306;350;"ficha_icaa"
1307;370;"ficha_icaa"
1308;334;"ficha_icaa"
1309;104;"ficha_icaa"
1310;373;"sin_dato"
1311;72;"ficha_icaa"
1312;72;"ficha_icaa"
1313;412;"ficha_icaa"
1314;62;"ficha_icaa"
1315;409;"ficha_icaa"
1316;329;"ficha_icaa"
1317;205;"ficha_icaa"
1318;329;"ficha_icaa"
1319;56;"ficha_icaa"
1320;252;"ficha_icaa"
1321;68;"pdf_heuristica"
1322;369;"ficha_icaa"
1323;72;"ficha_icaa"
1324;83;"ficha_icaa"
1325;373;"sin_dato"
1326;373;"sin_dato"
1327;282;"ficha_icaa"
1328;59;"ficha_icaa"
1329;4;"ficha_icaa"
1330;445;"ficha_icaa"
1331;144;"ficha_icaa"
1332;370;"ficha_icaa"
1333;370;"ficha_icaa"
1334;434;"ficha_icaa"
1335;370;"ficha_icaa"
1336;10;"ficha_icaa"
1337;284;"ficha_icaa"
1338;228;"ficha_icaa"
1339;106;"ficha_icaa"
1340;403;"ficha_icaa"
1341;373;"sin_dato"
1342;8;"ficha_icaa"
1343;56;"ficha_icaa"
1344;405;"ficha_icaa"
1345;436;"ficha_icaa"
1346;32;"ficha_icaa"
1347;39;"ficha_icaa"
1348;228;"ficha_icaa"
1349;373;"sin_dato"
1350;56;"ficha_icaa"
1351;444;"ficha_icaa"
1351;146;"ficha_icaa"
1352;177;"ficha_icaa"
1353;95;"ficha_icaa"
1354;8;"ficha_icaa"
1355;62;"ficha_icaa"
1356;370;"ficha_icaa"
1357;373;"sin_dato"
1358;216;"ficha_icaa"
1359;83;"ficha_icaa"
1360;83;"ficha_icaa"
1361;8;"ficha_icaa"
1362;373;"sin_dato"
1363;177;"ficha_icaa"
1364;373;"sin_dato"
1365;62;"ficha_icaa"
1366;8;"ficha_icaa"
1367;83;"ficha_icaa"
1367;104;"ficha_icaa"
1368;228;"ficha_icaa"
1369;423;"ficha_icaa"
1370;72;"ficha_icaa"
1371;441;"ficha_icaa"
1372;412;"ficha_icaa"
1373;373;"sin_dato"
1374;350;"ficha_icaa"
1375;59;"ficha_icaa"
1376;199;"ficha_icaa"
1376;434;"ficha_icaa"
1376;56;"ficha_icaa"
1377;4;"ficha_icaa"
1378;444;"ficha_icaa"
1379;144;"ficha_icaa"
1380;338;"ficha_icaa"
1381;411;"ficha_icaa"
1382;261;"ficha_icaa"
1383;239;"ficha_icaa"
1384;441;"ficha_icaa"
1385;427;"ficha_icaa"
1386;309;"ficha_icaa"
1387;177;"ficha_icaa"
1388;373;"sin_dato"
1389;373;"sin_dato"
1390;122;"ficha_icaa"
1391;83;"ficha_icaa"
1392;413;"ficha_icaa"
1393;199;"ficha_icaa"
1394;62;"ficha_icaa"
1395;78;"ficha_icaa"
1396;32;"ficha_icaa"
1397;62;"ficha_icaa"
1398;390;"ficha_icaa"
1399;280;"ficha_icaa"
1400;8;"ficha_icaa"
1401;83;"ficha_icaa"
1402;168;"ficha_icaa"
1403;353;"ficha_icaa"
1404;83;"ficha_icaa"
1405;114;"ficha_icaa"
1406;369;"ficha_icaa"
1407;83;"ficha_icaa"
1408;261;"ficha_icaa"
1409;4;"ficha_icaa"
1410;72;"ficha_icaa"
1411;410;"ficha_icaa"
1412;441;"ficha_icaa"
1413;373;"sin_dato"
1414;62;"ficha_icaa"
1415;34;"ficha_icaa"
1416;373;"sin_dato"
1417;177;"ficha_icaa"
1418;373;"sin_dato"
1419;156;"pdf_heuristica"
1420;373;"sin_dato"
1421;59;"ficha_icaa"
1422;82;"ficha_icaa"
1423;422;"ficha_icaa"
1424;8;"ficha_icaa"
1425;373;"sin_dato"
1426;72;"ficha_icaa"
1427;59;"ficha_icaa"
1428;370;"ficha_icaa"
1429;373;"sin_dato"
1430;445;"ficha_icaa"
1431;339;"ficha_icaa"
1432;373;"sin_dato"
1433;373;"sin_dato"
1434;387;"ficha_icaa"
1435;62;"ficha_icaa"
1436;429;"ficha_icaa"
1437;180;"ficha_icaa"
1438;104;"ficha_icaa"
1439;72;"ficha_icaa"
1440;83;"ficha_icaa"
1441;26;"ficha_icaa"
1442;373;"sin_dato"
1443;72;"ficha_icaa"
1444;408;"ficha_icaa"
1445;161;"ficha_icaa"
1446;373;"sin_dato"
1447;261;"ficha_icaa"
1448;59;"ficha_icaa"
1449;373;"sin_dato"
1450;441;"ficha_icaa"
1451;64;"ficha_icaa"
1452;72;"ficha_icaa"
1453;373;"sin_dato"
1454;373;"sin_dato"
1455;83;"ficha_icaa"
1456;444;"ficha_icaa"
1456;146;"ficha_icaa"
1456;142;"ficha_icaa"
1457;441;"ficha_icaa"
1458;444;"ficha_icaa"
1459;370;"ficha_icaa"
1460;344;"ficha_icaa"
1461;376;"ficha_icaa"
1462;232;"ficha_icaa"
1463;395;"ficha_icaa"
1464;138;"ficha_icaa"
1465;266;"ficha_icaa"
1466;232;"ficha_icaa"
1466;144;"ficha_icaa"
1467;296;"pdf_heuristica"
1468;339;"ficha_icaa"
1469;404;"ficha_icaa"
1470;436;"ficha_icaa"
1471;135;"ficha_icaa"
1472;370;"ficha_icaa"
1473;423;"ficha_icaa"
1474;429;"ficha_icaa"
1475;26;"ficha_icaa"
1476;50;"ficha_icaa"
1477;8;"ficha_icaa"
1478;62;"ficha_icaa"
1479;316;"ficha_icaa"
1480;143;"ficha_icaa"
1481;136;"ficha_icaa"
1481;383;"ficha_icaa"
1481;434;"ficha_icaa"
1482;264;"ficha_icaa"
1483;383;"ficha_icaa"
1484;26;"ficha_icaa"
1485;370;"ficha_icaa"
1486;381;"ficha_icaa"
1487;207;"ficha_icaa"
1488;290;"ficha_icaa"
1489;362;"ficha_icaa"
1490;257;"ficha_icaa"
1491;40;"ficha_icaa"
1492;431;"ficha_icaa"
1493;241;"ficha_icaa"
1493;146;"ficha_icaa"
1494;180;"ficha_icaa"
1495;373;"sin_dato"
1496;303;"ficha_icaa"
1497;422;"ficha_icaa"
1498;373;"sin_dato"
1499;370;"ficha_icaa"
1500;8;"ficha_icaa"
1501;72;"ficha_icaa"
1502;59;"ficha_icaa"
1503;8;"ficha_icaa"
1504;13;"ficha_icaa"
1505;31;"ficha_icaa"
1506;373;"sin_dato"
1507;52;"ficha_icaa"
1508;373;"sin_dato"
1509;373;"sin_dato"
1510;373;"sin_dato"
1511;106;"ficha_icaa"
1512;435;"ficha_icaa"
1512;327;"ficha_icaa"
1513;83;"ficha_icaa"
1514;62;"ficha_icaa"
1515;147;"ficha_icaa"
1515;33;"ficha_icaa"
1516;32;"ficha_icaa"
1517;154;"ficha_icaa"
1518;102;"ficha_icaa"
1519;91;"ficha_icaa"
1520;373;"sin_dato"
1521;32;"ficha_icaa"
1522;59;"ficha_icaa"
1522;31;"ficha_icaa"
1523;48;"ficha_icaa"
1524;373;"sin_dato"
1525;25;"ficha_icaa"
1526;390;"ficha_icaa"
1527;185;"ficha_icaa"
1528;56;"ficha_icaa"
1528;144;"ficha_icaa"
1529;379;"ficha_icaa"
1530;242;"ficha_icaa"
1531;59;"ficha_icaa"
1532;62;"ficha_icaa"
1533;84;"ficha_icaa"
1534;268;"ficha_icaa"
1535;56;"ficha_icaa"
1536;269;"ficha_icaa"
1537;129;"ficha_icaa"
1538;177;"ficha_icaa"
1539;351;"ficha_icaa"
1540;143;"ficha_icaa"
1541;62;"ficha_icaa"
1542;370;"ficha_icaa"
1543;387;"ficha_icaa"
1544;370;"ficha_icaa"
1545;125;"ficha_icaa"
1546;383;"ficha_icaa"
1547;167;"ficha_icaa"
1548;369;"ficha_icaa"
1549;360;"ficha_icaa"
1550;65;"ficha_icaa"
1551;83;"ficha_icaa"
1552;166;"ficha_icaa"
1553;373;"sin_dato"
1554;62;"ficha_icaa"
1555;83;"ficha_icaa"
1556;444;"ficha_icaa"
1556;106;"ficha_icaa"
1557;232;"ficha_icaa"
1558;182;"ficha_icaa"
1559;309;"ficha_icaa"
1560;26;"ficha_icaa"
1561;57;"pdf_heuristica"
1562;31;"ficha_icaa"
1563;231;"ficha_icaa"
1564;62;"ficha_icaa"
1565;358;"ficha_icaa"
1566;60;"ficha_icaa"
1566;340;"ficha_icaa"
1567;72;"ficha_icaa"
1568;373;"sin_dato"
1569;441;"ficha_icaa"
1570;78;"ficha_icaa"
1571;283;"pdf_heuristica"
1572;159;"ficha_icaa"
1573;369;"ficha_icaa"
1574;83;"ficha_icaa"
1575;333;"ficha_icaa"
1576;83;"ficha_icaa"
1577;8;"ficha_icaa"
1578;72;"ficha_icaa"
1579;76;"ficha_icaa"
1580;72;"ficha_icaa"
1581;444;"ficha_icaa"
1581;146;"ficha_icaa"
1582;177;"ficha_icaa"
1582;268;"ficha_icaa"
1583;199;"ficha_icaa"
1583;434;"ficha_icaa"
1583;56;"ficha_icaa"
1584;108;"ficha_icaa"
1585;185;"ficha_icaa"
1585;83;"ficha_icaa"
1586;373;"sin_dato"
1587;442;"ficha_icaa"
1588;230;"ficha_icaa"
1589;351;"ficha_icaa"
1589;70;"ficha_icaa"
1590;8;"ficha_icaa"
1591;141;"ficha_icaa"
1592;232;"ficha_icaa"
1593;165;"ficha_icaa"
1594;26;"ficha_icaa"
1595;35;"ficha_icaa"
1596;400;"ficha_icaa"
1597;72;"ficha_icaa"
1598;442;"ficha_icaa"
1599;109;"ficha_icaa"
1600;83;"ficha_icaa"
1601;442;"ficha_icaa"
1602;98;"ficha_icaa"
1603;353;"ficha_icaa"
1604;268;"ficha_icaa"
1605;42;"ficha_icaa"
1606;83;"ficha_icaa"
1607;144;"ficha_icaa"
1608;373;"sin_dato"
1609;30;"ficha_icaa"
1610;8;"ficha_icaa"
1611;8;"ficha_icaa"
1612;373;"sin_dato"
1613;18;"ficha_icaa"
1614;59;"ficha_icaa"
1615;383;"ficha_icaa"
1616;431;"ficha_icaa"
1617;59;"ficha_icaa"
1618;452;"ficha_icaa"
1619;247;"ficha_icaa"
1620;353;"ficha_icaa"
1621;168;"ficha_icaa"
1621;83;"ficha_icaa"
1622;4;"ficha_icaa"
1623;381;"ficha_icaa"
1624;62;"ficha_icaa"
1625;422;"ficha_icaa"
1626;59;"ficha_icaa"
1627;137;"ficha_icaa"
1628;385;"ficha_icaa"
1629;334;"ficha_icaa"
1630;62;"ficha_icaa"
1631;83;"ficha_icaa"
1632;85;"ficha_icaa"
1632;112;"ficha_icaa"
1633;45;"ficha_icaa"
1634;392;"ficha_icaa"
1635;59;"ficha_icaa"
1636;429;"ficha_icaa"
1637;72;"ficha_icaa"
1638;59;"ficha_icaa"
1639;26;"ficha_icaa"
1640;84;"ficha_icaa"
1640;441;"ficha_icaa"
1640;434;"ficha_icaa"
1640;56;"ficha_icaa"
1641;182;"ficha_icaa"
1642;370;"ficha_icaa"
1643;353;"ficha_icaa"
1644;104;"ficha_icaa"
1645;55;"ficha_icaa"
1646;62;"ficha_icaa"
1647;236;"ficha_icaa"
1647;371;"ficha_icaa"
1648;56;"ficha_icaa"
1649;4;"ficha_icaa"
1650;143;"ficha_icaa"
1651;145;"ficha_icaa"
1652;62;"ficha_icaa"
1653;59;"ficha_icaa"
1654;59;"ficha_icaa"
1655;196;"ficha_icaa"
1656;83;"ficha_icaa"
1657;143;"ficha_icaa"
1658;382;"ficha_icaa"
1659;83;"ficha_icaa"
1660;373;"sin_dato"
1661;163;"ficha_icaa"
1662;233;"pdf_heuristica"
1663;83;"ficha_icaa"
1664;83;"ficha_icaa"
1665;422;"ficha_icaa"
1666;370;"ficha_icaa"
1667;8;"ficha_icaa"
1668;62;"ficha_icaa"
1669;26;"ficha_icaa"
1670;199;"ficha_icaa"
1671;52;"ficha_icaa"
1672;373;"sin_dato"
1673;8;"ficha_icaa"
1674;373;"sin_dato"
1675;430;"ficha_icaa"
1676;72;"ficha_icaa"
1677;31;"ficha_icaa"
1677;131;"ficha_icaa"
1678;16;"ficha_icaa"
1679;26;"ficha_icaa"
1680;441;"ficha_icaa"
1681;373;"sin_dato"
1682;62;"ficha_icaa"
1683;340;"ficha_icaa"
1684;8;"ficha_icaa"
1685;442;"ficha_icaa"
1686;373;"sin_dato"
1687;55;"ficha_icaa"
1688;83;"ficha_icaa"
1689;373;"sin_dato"
1690;176;"ficha_icaa"
1690;334;"ficha_icaa"
1691;184;"ficha_icaa"
1691;178;"ficha_icaa"
1692;82;"ficha_icaa"
1693;106;"ficha_icaa"
1694;293;"ficha_icaa"
1695;212;"ficha_icaa"
1696;353;"ficha_icaa"
1696;255;"ficha_icaa"
1697;455;"ficha_icaa"
1698;16;"ficha_icaa"
1699;72;"ficha_icaa"
1700;283;"ficha_icaa"
1701;104;"ficha_icaa"
1702;373;"sin_dato"
1703;443;"ficha_icaa"
1704;49;"ficha_icaa"
1705;72;"pdf_heuristica"
1706;72;"ficha_icaa"
1707;370;"ficha_icaa"
1708;373;"sin_dato"
1709;104;"ficha_icaa"
1710;26;"ficha_icaa"
1711;200;"ficha_icaa"
1712;255;"ficha_icaa"
1713;422;"ficha_icaa"
1714;441;"ficha_icaa"
1715;255;"ficha_icaa"
1716;56;"ficha_icaa"
1717;444;"ficha_icaa"
1718;8;"ficha_icaa"
1719;260;"ficha_icaa"
1720;102;"ficha_icaa"
1720;62;"ficha_icaa"
1721;214;"ficha_icaa"
1722;56;"ficha_icaa"
1723;83;"ficha_icaa"
1724;59;"ficha_icaa"
1725;104;"ficha_icaa"
1726;2;"ficha_icaa"
1727;102;"ficha_icaa"
1728;373;"sin_dato"
1729;143;"ficha_icaa"
1730;62;"ficha_icaa"
1731;83;"ficha_icaa"
1732;254;"ficha_icaa"
1733;158;"ficha_icaa"
1733;76;"ficha_icaa"
1734;282;"ficha_icaa"
1735;261;"ficha_icaa"
1736;436;"pdf_heuristica"
1737;26;"ficha_icaa"
1738;430;"ficha_icaa"
1739;442;"ficha_icaa"
1740;444;"ficha_icaa"
1741;305;"ficha_icaa"
1742;122;"ficha_icaa"
1743;428;"ficha_icaa"
1744;373;"sin_dato"
1745;26;"ficha_icaa"
1746;373;"sin_dato"
1747;237;"ficha_icaa"
1748;188;"ficha_icaa"
1749;72;"ficha_icaa"
1750;81;"ficha_icaa"
1751;241;"ficha_icaa"
1752;26;"ficha_icaa"
1753;392;"ficha_icaa"
1754;8;"ficha_icaa"
1755;18;"ficha_icaa"
1756;21;"ficha_icaa"
1757;335;"pdf_heuristica"
1758;106;"ficha_icaa"
1759;283;"ficha_icaa"
1760;373;"sin_dato"
1761;370;"ficha_icaa"
1762;373;"sin_dato"
1763;62;"ficha_icaa"
1764;104;"ficha_icaa"
1765;373;"sin_dato"
1766;268;"ficha_icaa"
1767;83;"ficha_icaa"
1768;429;"ficha_icaa"
1769;342;"ficha_icaa"
1770;412;"ficha_icaa"
1771;232;"ficha_icaa"
1772;41;"ficha_icaa"
1773;370;"ficha_icaa"
1774;4;"ficha_icaa"
1775;390;"ficha_icaa"
1775;261;"ficha_icaa"
1776;106;"ficha_icaa"
1776;107;"ficha_icaa"
1777;171;"pdf_heuristica"
1778;353;"ficha_icaa"
1778;62;"ficha_icaa"
1779;373;"sin_dato"
1780;373;"sin_dato"
1781;77;"pdf_heuristica"
1782;288;"pdf_heuristica"
1783;373;"sin_dato"
1784;373;"sin_dato"
1785;373;"sin_dato"
1786;373;"sin_dato"
1787;373;"sin_dato"
1788;373;"sin_dato"
1789;373;"sin_dato"
1790;373;"sin_dato"
1791;373;"sin_dato"
1792;373;"sin_dato"
1793;373;"sin_dato"
1794;373;"sin_dato"
1795;373;"sin_dato"
1796;373;"sin_dato"
1797;373;"sin_dato"
1798;373;"sin_dato"
1799;373;"sin_dato"
1800;373;"sin_dato"
1801;373;"sin_dato"
1802;373;"sin_dato"
1803;373;"sin_dato"
1804;373;"sin_dato"
1805;118;"pdf_heuristica"
1806;373;"sin_dato"
1807;373;"sin_dato"
1808;373;"sin_dato"
1809;373;"sin_dato"
1810;373;"sin_dato"
1811;373;"sin_dato"
1812;373;"sin_dato"
1813;373;"sin_dato"
1815;373;"sin_dato"
1816;373;"sin_dato"
1817;373;"sin_dato"
1818;373;"sin_dato"
1819;373;"sin_dato"
1820;111;"pdf_heuristica"
1821;364;"pdf_heuristica"
1822;427;"pdf_heuristica"
1823;373;"sin_dato"
1824;373;"sin_dato"
1825;373;"sin_dato"
1826;373;"sin_dato"
1827;373;"sin_dato"
1828;373;"sin_dato"
1829;373;"sin_dato"
1830;373;"sin_dato"
1831;373;"sin_dato"
1832;373;"sin_dato"
1833;373;"sin_dato"
1834;373;"sin_dato"
1835;373;"sin_dato"
1836;127;"pdf_heuristica"
1837;373;"sin_dato"
1838;373;"sin_dato"
1839;373;"sin_dato"
1840;373;"sin_dato"
1841;373;"sin_dato"
1842;373;"sin_dato"
1843;373;"sin_dato"
1844;427;"pdf_heuristica"
1845;373;"sin_dato"
1846;373;"sin_dato"
1847;373;"sin_dato"
1848;373;"sin_dato"
1849;373;"sin_dato"
1850;373;"sin_dato"
1851;7;"pdf_heuristica"
1852;373;"sin_dato"
1853;373;"sin_dato"
1854;373;"sin_dato"
1855;373;"sin_dato"
1856;373;"sin_dato"
1857;167;"pdf_heuristica"
1858;373;"sin_dato"
1859;373;"sin_dato"
1860;373;"sin_dato"
1861;373;"sin_dato"
1862;373;"sin_dato"
1863;373;"sin_dato"
1864;373;"sin_dato"
1865;373;"sin_dato"
1866;373;"sin_dato"
1867;373;"sin_dato"
1868;191;"pdf_heuristica"
1869;373;"sin_dato"
1870;373;"sin_dato"
1871;373;"sin_dato"
1872;373;"sin_dato"
1873;373;"sin_dato"
1874;373;"sin_dato"
1875;373;"sin_dato"
1876;373;"sin_dato"
1877;373;"sin_dato"
1878;373;"sin_dato"
1879;373;"sin_dato"
1880;373;"sin_dato"
1881;373;"sin_dato"
1882;111;"pdf_heuristica"
1883;373;"sin_dato"
1884;352;"pdf_heuristica"
1885;373;"sin_dato"
1886;373;"sin_dato"
1887;373;"sin_dato"
1888;373;"sin_dato"
1889;439;"pdf_heuristica"
1890;373;"sin_dato"
1891;373;"sin_dato"
1892;62;"pdf_heuristica"
1893;373;"sin_dato"
1894;373;"sin_dato"
1895;373;"sin_dato"
1896;373;"sin_dato"
1897;373;"sin_dato"
1898;170;"pdf_heuristica"
1899;373;"sin_dato"
1900;373;"sin_dato"
1901;373;"sin_dato"
1902;373;"sin_dato"
1903;373;"sin_dato"
1904;373;"sin_dato"
1905;366;"pdf_heuristica"
1906;373;"sin_dato"
1907;110;"pdf_heuristica"
1908;373;"sin_dato"
1909;373;"sin_dato"
1910;373;"sin_dato"
1911;373;"sin_dato"
1912;373;"sin_dato"
1913;427;"pdf_heuristica"
1914;373;"sin_dato"
1915;336;"pdf_heuristica"
1916;373;"sin_dato"
1917;373;"sin_dato"
1918;373;"sin_dato"
1919;373;"sin_dato"
1920;373;"sin_dato"
1921;373;"sin_dato"
1922;373;"sin_dato"
1923;352;"pdf_heuristica"
1924;373;"sin_dato"
1925;373;"sin_dato"
1926;373;"sin_dato"
1927;373;"sin_dato"
1928;373;"sin_dato"
1929;373;"sin_dato"
1930;127;"pdf_heuristica"
1931;57;"pdf_heuristica"
1932;373;"sin_dato"
1933;373;"sin_dato"
1934;373;"sin_dato"
1935;362;"pdf_heuristica"
1936;373;"sin_dato"
1937;373;"sin_dato"
1938;373;"sin_dato"
1939;373;"sin_dato"
1940;373;"sin_dato"
1941;373;"sin_dato"
1942;373;"sin_dato"
1943;373;"sin_dato"
1944;373;"sin_dato"
1945;373;"sin_dato"
1946;373;"sin_dato"
1947;373;"sin_dato"
1948;373;"sin_dato"
1949;167;"pdf_heuristica"
1950;373;"sin_dato"
1951;373;"sin_dato"
1952;373;"sin_dato"
1953;373;"sin_dato"
1954;53;"pdf_heuristica"
1955;373;"sin_dato"
1956;373;"sin_dato"
1957;373;"sin_dato"
1958;373;"sin_dato"
1959;373;"sin_dato"
1960;373;"sin_dato"
1961;373;"sin_dato"
1962;373;"sin_dato"
1963;373;"sin_dato"
1964;373;"sin_dato"
1965;373;"sin_dato"
1966;373;"sin_dato"
1967;373;"sin_dato"
1968;393;"pdf_heuristica"
1969;373;"sin_dato"
1970;373;"sin_dato"
1971;373;"sin_dato"
1972;111;"pdf_heuristica"
1973;373;"sin_dato"
1974;373;"sin_dato"
1975;373;"sin_dato"
1976;373;"sin_dato"
1977;373;"sin_dato"
1978;364;"pdf_heuristica"
1979;373;"sin_dato"
1980;373;"sin_dato"
1981;373;"sin_dato"
1982;373;"sin_dato"
1983;373;"sin_dato"
1984;373;"sin_dato"
1985;373;"sin_dato"
1986;373;"sin_dato"
1987;373;"sin_dato"
1988;373;"sin_dato"
1989;373;"sin_dato"
1990;373;"sin_dato"
1991;373;"sin_dato"
1992;373;"sin_dato"
1993;373;"sin_dato"
1994;373;"sin_dato"
1995;111;"pdf_heuristica"
1996;373;"sin_dato"
1997;373;"sin_dato"
1998;373;"sin_dato"
1999;373;"sin_dato"
2000;373;"sin_dato"
2001;373;"sin_dato"
2002;171;"pdf_heuristica"
2003;373;"sin_dato"
2004;373;"sin_dato"
2005;373;"sin_dato"
2006;170;"pdf_heuristica"
2007;373;"sin_dato"
2008;373;"sin_dato"
2009;373;"sin_dato"
2010;373;"sin_dato"
2011;373;"sin_dato"
2012;373;"sin_dato"
2013;373;"sin_dato"
2014;373;"sin_dato"
2015;373;"sin_dato"
2016;373;"sin_dato"
2017;456;"pdf_heuristica"
2018;373;"sin_dato"
2019;373;"sin_dato"
2020;373;"sin_dato"
2021;373;"sin_dato"
2022;373;"sin_dato"
2023;373;"sin_dato"
2024;373;"sin_dato"
2025;373;"sin_dato"
2026;373;"sin_dato"
2027;373;"sin_dato"
2028;373;"sin_dato"
2029;373;"sin_dato"
2030;373;"sin_dato"
2031;373;"sin_dato"
2032;156;"pdf_heuristica"
2033;373;"sin_dato"
2034;373;"sin_dato"
2035;373;"sin_dato"
2036;373;"sin_dato"
2037;398;"pdf_heuristica"
2038;373;"sin_dato"
2039;167;"pdf_heuristica"
2040;373;"sin_dato"
2041;373;"sin_dato"
2042;373;"sin_dato"
2043;373;"sin_dato"
2044;373;"sin_dato"
2045;373;"sin_dato"
2046;201;"pdf_heuristica"
2047;373;"sin_dato"
2048;373;"sin_dato"
2049;3;"pdf_heuristica"
2050;373;"sin_dato"
2051;373;"sin_dato"
1814;357;"override_manual"
