"pelicula_id";"distribuidora_id";"fuente"
1;373;"sin_dato"
2;422;"ficha_icaa"
3;373;"sin_dato"
4;373;"sin_dato"
5;238;"ficha_icaa"
6;94;"ficha_icaa"
7;370;"ficha_icaa"
8;373;"sin_dato"
9;369;"ficha_icaa"
10;370;"ficha_icaa"
11;422;"ficha_icaa"
11;434;"ficha_icaa"
11;56;"ficha_icaa"
12;423;"ficha_icaa"
13;422;"ficha_icaa"
13;56;"ficha_icaa"
14;106;"ficha_icaa"
15;83;"ficha_icaa"
15;62;"ficha_icaa"
16;83;"ficha_icaa"
17;104;"ficha_icaa"
18;122;"ficha_icaa"
19;373;"sin_dato"
20;83;"ficha_icaa"
21;324;"ficha_icaa"
22;373;"sin_dato"
23;330;"ficha_icaa"
24;329;"ficha_icaa"
25;186;"ficha_icaa"
26;370;"ficha_icaa"
27;449;"ficha_icaa"
28;8;"ficha_icaa"
29;373;"sin_dato"
30;62;"ficha_icaa"
31;84;"ficha_icaa"
32;185;"ficha_icaa"
33;167;"ficha_icaa"
34;72;"ficha_icaa"
35;62;"ficha_icaa"
35;288;"ficha_icaa"
36;309;"ficha_icaa"
37;83;"ficha_icaa"
38;152;"ficha_icaa"
39;72;"ficha_icaa"
40;20;"ficha_icaa"
41;427;"ficha_icaa"
42;72;"ficha_icaa"
43;56;"ficha_icaa"
44;64;"ficha_icaa"
45;250;"ficha_icaa"
45;56;"ficha_icaa"
46;441;"ficha_icaa"
47;373;"sin_dato"
48;62;"ficha_icaa"
49;72;"ficha_icaa"
50;228;"ficha_icaa"
51;62;"ficha_icaa"
52;26;"ficha_icaa"
53;32;"ficha_icaa"
54;228;"ficha_icaa"
55;72;"ficha_icaa"
56;370;"ficha_icaa"
57;373;"sin_dato"
58;1;"ficha_icaa"
59;62;"ficha_icaa"
60;144;"ficha_icaa"
61;82;"ficha_icaa"
62;62;"ficha_icaa"
63;282;"ficha_icaa"
64;62;"ficha_icaa"
65;373;"sin_dato"
66;83;"ficha_icaa"
67;64;"ficha_icaa"
68;212;"ficha_icaa"
69;373;"sin_dato"
70;229;"ficha_icaa"
70;56;"ficha_icaa"
71;83;"ficha_icaa"
72;56;"ficha_icaa"
73;442;"ficha_icaa"
74;83;"ficha_icaa"
75;78;"ficha_icaa"
76;143;"ficha_icaa"
77;250;"ficha_icaa"
78;104;"ficha_icaa"
79;104;"ficha_icaa"
80;83;"ficha_icaa"
81;83;"ficha_icaa"
82;62;"ficha_icaa"
83;350;"ficha_icaa"
84;226;"ficha_icaa"
85;412;"ficha_icaa"
86;144;"ficha_icaa"
87;373;"sin_dato"
88;429;"ficha_icaa"
89;4;"ficha_icaa"
90;72;"ficha_icaa"
91;370;"ficha_icaa"
92;83;"ficha_icaa"
93;106;"ficha_icaa"
94;370;"ficha_icaa"
95;442;"ficha_icaa"
95;142;"ficha_icaa"
96;356;"pdf_heuristica"
97;83;"ficha_icaa"
98;457;"ficha_icaa"
99;8;"ficha_icaa"
100;204;"ficha_icaa"
101;5;"pdf_heuristica"
102;250;"ficha_icaa"
103;410;"ficha_icaa"
104;373;"sin_dato"
105;47;"ficha_icaa"
106;104;"ficha_icaa"
107;342;"ficha_icaa"
108;373;"sin_dato"
109;444;"ficha_icaa"
110;442;"ficha_icaa"
111;426;"ficha_icaa"
112;135;"ficha_icaa"
113;64;"ficha_icaa"
114;373;"sin_dato"
115;309;"pdf_heuristica"
116;62;"ficha_icaa"
117;308;"ficha_icaa"
118;8;"ficha_icaa"
119;8;"ficha_icaa"
120;255;"ficha_icaa"
121;423;"ficha_icaa"
122;334;"ficha_icaa"
123;329;"ficha_icaa"
124;326;"ficha_icaa"
125;422;"ficha_icaa"
126;228;"ficha_icaa"
127;282;"ficha_icaa"
128;373;"sin_dato"
129;370;"ficha_icaa"
130;373;"sin_dato"
131;267;"ficha_icaa"
132;83;"ficha_icaa"
133;146;"ficha_icaa"
134;83;"ficha_icaa"
134;82;"ficha_icaa"
135;442;"ficha_icaa"
136;405;"ficha_icaa"
137;69;"ficha_icaa"
138;33;"ficha_icaa"
139;370;"ficha_icaa"
140;190;"ficha_icaa"
141;59;"ficha_icaa"
142;144;"ficha_icaa"
142;248;"ficha_icaa"
143;59;"ficha_icaa"
144;373;"sin_dato"
145;425;"ficha_icaa"
146;373;"sin_dato"
147;4;"ficha_icaa"
148;436;"ficha_icaa"
149;89;"ficha_icaa"
150;314;"ficha_icaa"
151;83;"ficha_icaa"
152;228;"ficha_icaa"
153;283;"pdf_heuristica"
154;199;"ficha_icaa"
155;370;"ficha_icaa"
156;383;"ficha_icaa"
157;127;"ficha_icaa"
158;235;"ficha_icaa"
159;72;"ficha_icaa"
160;410;"ficha_icaa"
161;62;"ficha_icaa"
162;26;"ficha_icaa"
162;405;"ficha_icaa"
163;373;"sin_dato"
164;427;"ficha_icaa"
165;442;"ficha_icaa"
166;104;"ficha_icaa"
167;83;"ficha_icaa"
168;128;"ficha_icaa"
169;31;"ficha_icaa"
170;312;"ficha_icaa"
171;8;"ficha_icaa"
172;334;"ficha_icaa"
173;342;"ficha_icaa"
174;72;"ficha_icaa"
175;167;"ficha_icaa"
176;390;"ficha_icaa"
177;144;"ficha_icaa"
178;283;"ficha_icaa"
179;108;"ficha_icaa"
180;82;"ficha_icaa"
181;8;"ficha_icaa"
182;373;"sin_dato"
183;72;"ficha_icaa"
184;83;"ficha_icaa"
185;416;"ficha_icaa"
186;407;"ficha_icaa"
187;104;"ficha_icaa"
188;83;"ficha_icaa"
189;8;"ficha_icaa"
190;373;"sin_dato"
191;322;"ficha_icaa"
192;373;"sin_dato"
193;32;"ficha_icaa"
194;325;"ficha_icaa"
195;444;"ficha_icaa"
195;106;"ficha_icaa"
196;62;"ficha_icaa"
197;297;"ficha_icaa"
198;56;"ficha_icaa"
199;228;"ficha_icaa"
200;228;"ficha_icaa"
201;334;"ficha_icaa"
202;4;"ficha_icaa"
203;56;"ficha_icaa"
204;373;"sin_dato"
205;31;"ficha_icaa"
206;392;"ficha_icaa"
207;172;"ficha_icaa"
208;220;"ficha_icaa"
209;62;"ficha_icaa"
210;144;"ficha_icaa"
211;29;"ficha_icaa"
212;139;"ficha_icaa"
213;189;"ficha_icaa"
214;83;"ficha_icaa"
215;4;"ficha_icaa"
216;83;"ficha_icaa"
217;322;"ficha_icaa"
218;408;"ficha_icaa"
219;373;"sin_dato"
220;83;"ficha_icaa"
221;106;"ficha_icaa"
222;65;"ficha_icaa"
223;438;"ficha_icaa"
224;444;"ficha_icaa"
224;146;"ficha_icaa"
225;282;"ficha_icaa"
226;62;"ficha_icaa"
227;258;"ficha_icaa"
228;83;"ficha_icaa"
228;405;"ficha_icaa"
229;8;"ficha_icaa"
230;390;"ficha_icaa"
231;422;"ficha_icaa"
232;441;"ficha_icaa"
233;376;"ficha_icaa"
234;429;"ficha_icaa"
235;177;"ficha_icaa"
235;268;"ficha_icaa"
236;381;"ficha_icaa"
237;343;"ficha_icaa"
238;442;"ficha_icaa"
239;83;"ficha_icaa"
240;72;"ficha_icaa"
241;188;"ficha_icaa"
242;38;"ficha_icaa"
243;405;"ficha_icaa"
244;340;"ficha_icaa"
245;26;"ficha_icaa"
246;174;"ficha_icaa"
247;127;"ficha_icaa"
248;427;"ficha_icaa"
249;441;"ficha_icaa"
250;283;"ficha_icaa"
251;394;"ficha_icaa"
252;340;"ficha_icaa"
253;334;"ficha_icaa"
254;362;"ficha_icaa"
254;106;"ficha_icaa"
255;253;"ficha_icaa"
256;445;"ficha_icaa"
257;458;"ficha_icaa"
258;441;"ficha_icaa"
259;373;"sin_dato"
260;83;"ficha_icaa"
261;441;"ficha_icaa"
262;429;"ficha_icaa"
263;442;"ficha_icaa"
264;8;"ficha_icaa"
265;271;"ficha_icaa"
266;8;"ficha_icaa"
267;378;"ficha_icaa"
268;442;"ficha_icaa"
269;83;"ficha_icaa"
270;72;"ficha_icaa"
271;232;"ficha_icaa"
271;244;"ficha_icaa"
272;381;"ficha_icaa"
273;329;"ficha_icaa"
274;26;"ficha_icaa"
275;410;"ficha_icaa"
276;83;"ficha_icaa"
277;104;"ficha_icaa"
277;371;"ficha_icaa"
278;373;"sin_dato"
279;395;"ficha_icaa"
280;59;"ficha_icaa"
281;174;"ficha_icaa"
282;83;"ficha_icaa"
283;442;"ficha_icaa"
284;396;"ficha_icaa"
285;83;"ficha_icaa"
286;72;"ficha_icaa"
287;255;"ficha_icaa"
288;373;"sin_dato"
289;188;"ficha_icaa"
290;8;"ficha_icaa"
291;405;"ficha_icaa"
292;373;"sin_dato"
293;163;"ficha_icaa"
294;44;"ficha_icaa"
295;8;"ficha_icaa"
296;83;"ficha_icaa"
297;255;"ficha_icaa"
298;392;"ficha_icaa"
299;144;"ficha_icaa"
300;373;"sin_dato"
301;299;"ficha_icaa"
302;8;"ficha_icaa"
303;62;"ficha_icaa"
304;14;"ficha_icaa"
305;72;"ficha_icaa"
306;83;"ficha_icaa"
307;392;"ficha_icaa"
308;83;"ficha_icaa"
309;255;"ficha_icaa"
310;96;"ficha_icaa"
311;62;"ficha_icaa"
312;8;"ficha_icaa"
313;427;"ficha_icaa"
314;8;"ficha_icaa"
315;4;"ficha_icaa"
316;4;"ficha_icaa"
316;423;"ficha_icaa"
317;406;"ficha_icaa"
317;64;"ficha_icaa"
318;106;"ficha_icaa"
318;107;"ficha_icaa"
319;83;"ficha_icaa"
320;76;"ficha_icaa"
321;8;"ficha_icaa"
322;317;"ficha_icaa"
322;72;"ficha_icaa"
323;122;"ficha_icaa"
324;189;"ficha_icaa"
325;31;"ficha_icaa"
326;329;"ficha_icaa"
327;441;"ficha_icaa"
328;4;"ficha_icaa"
329;422;"ficha_icaa"
330;60;"ficha_icaa"
331;373;"sin_dato"
332;370;"ficha_icaa"
333;442;"ficha_icaa"
334;135;"ficha_icaa"
335;83;"ficha_icaa"
336;282;"ficha_icaa"
337;442;"ficha_icaa"
338;31;"ficha_icaa"
339;414;"ficha_icaa"
340;422;"ficha_icaa"
341;381;"ficha_icaa"
342;261;"ficha_icaa"
343;8;"ficha_icaa"
344;214;"ficha_icaa"
345;425;"ficha_icaa"
346;62;"ficha_icaa"
347;8;"ficha_icaa"
348;83;"ficha_icaa"
349;422;"ficha_icaa"
350;62;"ficha_icaa"
351;83;"ficha_icaa"
352;65;"ficha_icaa"
353;87;"ficha_icaa"
354;419;"ficha_icaa"
355;441;"ficha_icaa"
356;287;"ficha_icaa"
357;193;"ficha_icaa"
358;410;"ficha_icaa"
359;442;"ficha_icaa"
360;72;"ficha_icaa"
361;268;"ficha_icaa"
362;4;"ficha_icaa"
363;249;"ficha_icaa"
364;373;"sin_dato"
365;286;"ficha_icaa"
366;83;"ficha_icaa"
367;192;"ficha_icaa"
368;83;"ficha_icaa"
369;423;"ficha_icaa"
370;370;"ficha_icaa"
371;442;"ficha_icaa"
372;4;"ficha_icaa"
373;373;"sin_dato"
374;211;"ficha_icaa"
375;163;"ficha_icaa"
376;405;"ficha_icaa"
377;383;"ficha_icaa"
377;56;"ficha_icaa"
377;381;"ficha_icaa"
378;373;"sin_dato"
379;83;"ficha_icaa"
380;163;"ficha_icaa"
381;445;"ficha_icaa"
382;284;"ficha_icaa"
383;261;"ficha_icaa"
383;274;"ficha_icaa"
384;282;"ficha_icaa"
385;64;"ficha_icaa"
386;373;"sin_dato"
387;373;"sin_dato"
388;55;"ficha_icaa"
389;104;"ficha_icaa"
390;59;"ficha_icaa"
391;83;"ficha_icaa"
392;422;"ficha_icaa"
393;422;"ficha_icaa"
393;434;"ficha_icaa"
394;373;"sin_dato"
395;161;"ficha_icaa"
396;148;"ficha_icaa"
397;373;"sin_dato"
398;312;"ficha_icaa"
399;373;"sin_dato"
400;373;"sin_dato"
401;62;"ficha_icaa"
402;342;"ficha_icaa"
403;122;"ficha_icaa"
404;319;"ficha_icaa"
405;116;"ficha_icaa"
406;422;"ficha_icaa"
407;9;"ficha_icaa"
408;349;"ficha_icaa"
409;12;"ficha_icaa"
410;4;"ficha_icaa"
411;24;"ficha_icaa"
412;329;"ficha_icaa"
413;381;"ficha_icaa"
414;283;"ficha_icaa"
415;255;"ficha_icaa"
416;442;"ficha_icaa"
417;83;"ficha_icaa"
418;373;"sin_dato"
419;422;"ficha_icaa"
419;285;"ficha_icaa"
420;422;"ficha_icaa"
421;72;"ficha_icaa"
422;350;"ficha_icaa"
423;83;"ficha_icaa"
424;346;"ficha_icaa"
425;373;"sin_dato"
426;130;"ficha_icaa"
427;83;"ficha_icaa"
428;83;"ficha_icaa"
429;350;"ficha_icaa"
430;373;"sin_dato"
431;370;"ficha_icaa"
431;276;"ficha_icaa"
432;405;"ficha_icaa"
433;4;"ficha_icaa"
434;174;"ficha_icaa"
435;8;"ficha_icaa"
436;150;"ficha_icaa"
437;19;"ficha_icaa"
438;62;"ficha_icaa"
439;23;"ficha_icaa"
440;8;"ficha_icaa"
441;104;"ficha_icaa"
442;78;"ficha_icaa"
443;373;"sin_dato"
444;83;"ficha_icaa"
445;83;"ficha_icaa"
446;170;"pdf_heuristica"
447;65;"ficha_icaa"
448;50;"ficha_icaa"
449;83;"ficha_icaa"
450;62;"ficha_icaa"
451;135;"ficha_icaa"
452;367;"ficha_icaa"
452;445;"ficha_icaa"
453;305;"ficha_icaa"
454;322;"ficha_icaa"
455;135;"ficha_icaa"
456;8;"ficha_icaa"
457;287;"ficha_icaa"
458;384;"ficha_icaa"
459;405;"ficha_icaa"
460;373;"sin_dato"
461;4;"ficha_icaa"
462;322;"ficha_icaa"
463;397;"pdf_heuristica"
464;228;"ficha_icaa"
465;322;"ficha_icaa"
466;442;"ficha_icaa"
467;405;"ficha_icaa"
468;451;"ficha_icaa"
469;83;"ficha_icaa"
470;73;"ficha_icaa"
471;421;"ficha_icaa"
472;405;"ficha_icaa"
473;422;"ficha_icaa"
474;442;"ficha_icaa"
475;185;"ficha_icaa"
476;72;"ficha_icaa"
477;8;"ficha_icaa"
478;36;"ficha_icaa"
479;83;"ficha_icaa"
480;381;"ficha_icaa"
481;381;"ficha_icaa"
482;378;"ficha_icaa"
483;83;"ficha_icaa"
484;206;"ficha_icaa"
485;143;"ficha_icaa"
486;48;"ficha_icaa"
487;83;"ficha_icaa"
488;299;"ficha_icaa"
489;180;"ficha_icaa"
490;83;"ficha_icaa"
491;381;"ficha_icaa"
492;65;"ficha_icaa"
493;426;"ficha_icaa"
494;55;"ficha_icaa"
495;422;"ficha_icaa"
496;441;"ficha_icaa"
497;437;"ficha_icaa"
498;8;"ficha_icaa"
499;442;"ficha_icaa"
500;224;"ficha_icaa"
501;4;"ficha_icaa"
502;55;"ficha_icaa"
503;422;"ficha_icaa"
504;122;"ficha_icaa"
505;8;"ficha_icaa"
506;381;"ficha_icaa"
507;78;"ficha_icaa"
508;381;"ficha_icaa"
509;410;"ficha_icaa"
510;381;"ficha_icaa"
511;422;"ficha_icaa"
512;72;"ficha_icaa"
513;442;"ficha_icaa"
514;189;"ficha_icaa"
515;8;"ficha_icaa"
516;381;"ficha_icaa"
517;381;"ficha_icaa"
518;144;"ficha_icaa"
519;122;"ficha_icaa"
520;442;"ficha_icaa"
521;93;"ficha_icaa"
522;429;"ficha_icaa"
523;381;"ficha_icaa"
524;422;"ficha_icaa"
525;442;"ficha_icaa"
525;232;"ficha_icaa"
526;83;"ficha_icaa"
527;373;"sin_dato"
528;213;"ficha_icaa"
529;8;"ficha_icaa"
530;381;"ficha_icaa"
531;188;"ficha_icaa"
532;442;"ficha_icaa"
533;432;"ficha_icaa"
534;124;"ficha_icaa"
535;8;"ficha_icaa"
536;261;"ficha_icaa"
537;373;"sin_dato"
538;373;"sin_dato"
539;373;"sin_dato"
540;135;"ficha_icaa"
541;194;"ficha_icaa"
542;280;"ficha_icaa"
543;370;"ficha_icaa"
544;78;"ficha_icaa"
545;373;"sin_dato"
546;373;"sin_dato"
547;26;"ficha_icaa"
548;289;"ficha_icaa"
549;62;"ficha_icaa"
550;292;"ficha_icaa"
551;8;"ficha_icaa"
552;72;"ficha_icaa"
553;151;"ficha_icaa"
554;310;"ficha_icaa"
555;106;"ficha_icaa"
556;373;"sin_dato"
557;278;"ficha_icaa"
558;323;"ficha_icaa"
559;287;"ficha_icaa"
560;373;"sin_dato"
561;350;"ficha_icaa"
562;422;"ficha_icaa"
563;221;"ficha_icaa"
564;122;"ficha_icaa"
565;104;"ficha_icaa"
566;62;"ficha_icaa"
567;167;"pdf_heuristica"
568;179;"ficha_icaa"
569;427;"ficha_icaa"
570;83;"ficha_icaa"
571;149;"ficha_icaa"
572;73;"ficha_icaa"
572;405;"ficha_icaa"
573;373;"sin_dato"
574;405;"ficha_icaa"
575;161;"ficha_icaa"
576;405;"ficha_icaa"
577;373;"sin_dato"
578;4;"ficha_icaa"
579;8;"ficha_icaa"
580;122;"ficha_icaa"
581;4;"ficha_icaa"
582;430;"ficha_icaa"
583;261;"ficha_icaa"
584;373;"sin_dato"
585;243;"ficha_icaa"
585;442;"ficha_icaa"
585;146;"ficha_icaa"
585;142;"ficha_icaa"
586;405;"ficha_icaa"
587;418;"ficha_icaa"
588;106;"ficha_icaa"
589;340;"ficha_icaa"
590;410;"ficha_icaa"
591;105;"ficha_icaa"
592;187;"ficha_icaa"
593;238;"ficha_icaa"
594;442;"ficha_icaa"
595;373;"sin_dato"
596;373;"sin_dato"
597;427;"ficha_icaa"
598;406;"ficha_icaa"
599;381;"ficha_icaa"
600;161;"ficha_icaa"
601;440;"ficha_icaa"
602;259;"ficha_icaa"
603;261;"ficha_icaa"
604;228;"ficha_icaa"
605;291;"ficha_icaa"
606;72;"ficha_icaa"
607;459;"ficha_icaa"
608;361;"ficha_icaa"
609;83;"ficha_icaa"
610;60;"ficha_icaa"
611;8;"ficha_icaa"
611;69;"ficha_icaa"
612;373;"sin_dato"
613;392;"ficha_icaa"
614;31;"ficha_icaa"
615;329;"ficha_icaa"
616;383;"ficha_icaa"
617;26;"ficha_icaa"
618;117;"ficha_icaa"
619;373;"sin_dato"
620;362;"ficha_icaa"
621;452;"ficha_icaa"
622;362;"ficha_icaa"
623;410;"ficha_icaa"
624;100;"ficha_icaa"
625;410;"ficha_icaa"
626;373;"sin_dato"
627;8;"ficha_icaa"
628;78;"ficha_icaa"
629;454;"ficha_icaa"
630;373;"sin_dato"
631;373;"sin_dato"
632;441;"ficha_icaa"
633;373;"sin_dato"
634;354;"ficha_icaa"
635;59;"ficha_icaa"
636;167;"ficha_icaa"
637;422;"ficha_icaa"
638;373;"sin_dato"
639;275;"ficha_icaa"
639;126;"ficha_icaa"
640;108;"ficha_icaa"
641;26;"ficha_icaa"
642;408;"ficha_icaa"
643;373;"sin_dato"
644;92;"pdf_heuristica"
645;177;"ficha_icaa"
646;255;"ficha_icaa"
647;83;"ficha_icaa"
648;373;"sin_dato"
649;83;"ficha_icaa"
650;373;"sin_dato"
651;283;"ficha_icaa"
652;163;"ficha_icaa"
653;83;"ficha_icaa"
654;253;"ficha_icaa"
655;83;"ficha_icaa"
656;83;"ficha_icaa"
657;370;"ficha_icaa"
658;448;"ficha_icaa"
659;381;"ficha_icaa"
660;442;"ficha_icaa"
661;422;"ficha_icaa"
662;386;"ficha_icaa"
663;430;"ficha_icaa"
664;4;"ficha_icaa"
665;17;"ficha_icaa"
666;322;"ficha_icaa"
667;430;"ficha_icaa"
668;421;"ficha_icaa"
669;270;"ficha_icaa"
670;83;"ficha_icaa"
671;8;"ficha_icaa"
672;373;"sin_dato"
673;373;"sin_dato"
674;381;"ficha_icaa"
675;429;"ficha_icaa"
676;135;"ficha_icaa"
677;228;"ficha_icaa"
678;373;"sin_dato"
679;59;"ficha_icaa"
679;31;"ficha_icaa"
680;366;"pdf_heuristica"
681;373;"sin_dato"
682;310;"pdf_heuristica"
683;276;"ficha_icaa"
684;447;"ficha_icaa"
685;441;"ficha_icaa"
686;373;"sin_dato"
687;377;"ficha_icaa"
687;106;"ficha_icaa"
688;410;"ficha_icaa"
689;104;"ficha_icaa"
690;373;"sin_dato"
691;4;"ficha_icaa"
692;373;"sin_dato"
693;373;"sin_dato"
694;381;"ficha_icaa"
695;8;"ficha_icaa"
696;334;"ficha_icaa"
697;185;"ficha_icaa"
698;399;"ficha_icaa"
699;370;"ficha_icaa"
700;261;"ficha_icaa"
701;427;"ficha_icaa"
702;8;"ficha_icaa"
703;106;"ficha_icaa"
704;8;"ficha_icaa"
705;56;"ficha_icaa"
705;381;"ficha_icaa"
706;306;"ficha_icaa"
707;31;"ficha_icaa"
708;26;"ficha_icaa"
709;373;"sin_dato"
710;8;"ficha_icaa"
711;83;"ficha_icaa"
712;86;"ficha_icaa"
713;347;"pdf_heuristica"
714;133;"ficha_icaa"
715;106;"ficha_icaa"
716;373;"sin_dato"
717;373;"sin_dato"
718;373;"sin_dato"
719;101;"ficha_icaa"
720;104;"ficha_icaa"
721;373;"sin_dato"
722;135;"ficha_icaa"
723;195;"ficha_icaa"
724;62;"ficha_icaa"
725;363;"ficha_icaa"
726;281;"ficha_icaa"
727;82;"ficha_icaa"
728;373;"sin_dato"
729;215;"ficha_icaa"
729;126;"ficha_icaa"
729;434;"ficha_icaa"
730;182;"ficha_icaa"
731;373;"sin_dato"
732;295;"ficha_icaa"
733;209;"ficha_icaa"
734;265;"ficha_icaa"
735;323;"ficha_icaa"
736;381;"ficha_icaa"
737;283;"ficha_icaa"
738;373;"sin_dato"
739;373;"sin_dato"
740;56;"ficha_icaa"
741;56;"ficha_icaa"
742;193;"ficha_icaa"
743;261;"ficha_icaa"
744;373;"sin_dato"
745;302;"ficha_icaa"
746;48;"ficha_icaa"
747;341;"ficha_icaa"
748;408;"ficha_icaa"
749;403;"ficha_icaa"
750;163;"ficha_icaa"
751;281;"ficha_icaa"
752;78;"ficha_icaa"
753;8;"ficha_icaa"
754;84;"ficha_icaa"
754;434;"ficha_icaa"
754;56;"ficha_icaa"
755;228;"ficha_icaa"
756;4;"ficha_icaa"
757;65;"ficha_icaa"
758;183;"ficha_icaa"
759;301;"ficha_icaa"
760;327;"ficha_icaa"
761;373;"sin_dato"
762;62;"ficha_icaa"
763;135;"ficha_icaa"
764;373;"sin_dato"
765;329;"ficha_icaa"
766;422;"ficha_icaa"
767;72;"ficha_icaa"
768;390;"ficha_icaa"
769;282;"ficha_icaa"
770;46;"ficha_icaa"
771;381;"ficha_icaa"
772;122;"ficha_icaa"
773;373;"sin_dato"
774;83;"ficha_icaa"
775;175;"ficha_icaa"
776;62;"ficha_icaa"
777;405;"ficha_icaa"
778;253;"ficha_icaa"
779;442;"ficha_icaa"
780;8;"ficha_icaa"
781;8;"ficha_icaa"
782;62;"ficha_icaa"
783;442;"ficha_icaa"
784;426;"ficha_icaa"
785;381;"ficha_icaa"
786;161;"ficha_icaa"
787;8;"ficha_icaa"
788;373;"sin_dato"
789;163;"ficha_icaa"
790;294;"ficha_icaa"
791;65;"ficha_icaa"
792;65;"ficha_icaa"
793;360;"ficha_icaa"
794;373;"sin_dato"
795;65;"ficha_icaa"
796;410;"ficha_icaa"
797;234;"ficha_icaa"
798;365;"ficha_icaa"
799;71;"ficha_icaa"
800;4;"ficha_icaa"
801;58;"pdf_heuristica"
802;82;"ficha_icaa"
803;15;"ficha_icaa"
804;414;"ficha_icaa"
805;427;"ficha_icaa"
806;307;"ficha_icaa"
807;72;"ficha_icaa"
808;328;"pdf_heuristica"
809;83;"ficha_icaa"
810;108;"ficha_icaa"
811;62;"ficha_icaa"
812;282;"ficha_icaa"
813;135;"ficha_icaa"
814;8;"ficha_icaa"
815;122;"ficha_icaa"
815;106;"ficha_icaa"
816;303;"ficha_icaa"
817;223;"ficha_icaa"
818;405;"ficha_icaa"
819;8;"ficha_icaa"
820;360;"ficha_icaa"
821;340;"ficha_icaa"
821;22;"ficha_icaa"
822;104;"ficha_icaa"
823;381;"ficha_icaa"
824;373;"sin_dato"
825;4;"ficha_icaa"
826;160;"ficha_icaa"
827;373;"sin_dato"
828;27;"ficha_icaa"
829;250;"ficha_icaa"
830;373;"sin_dato"
831;134;"ficha_icaa"
832;373;"sin_dato"
833;373;"sin_dato"
834;91;"ficha_icaa"
835;373;"sin_dato"
836;103;"ficha_icaa"
837;442;"ficha_icaa"
838;8;"ficha_icaa"
839;157;"ficha_icaa"
839;434;"ficha_icaa"
840;62;"ficha_icaa"
841;227;"ficha_icaa"
842;262;"ficha_icaa"
843;135;"ficha_icaa"
844;370;"ficha_icaa"
845;406;"ficha_icaa"
846;208;"ficha_icaa"
846;99;"ficha_icaa"
847;272;"ficha_icaa"
848;120;"ficha_icaa"
849;373;"sin_dato"
850;62;"ficha_icaa"
851;441;"ficha_icaa"
852;103;"ficha_icaa"
853;203;"ficha_icaa"
854;72;"ficha_icaa"
855;69;"ficha_icaa"
856;353;"ficha_icaa"
857;8;"ficha_icaa"
858;261;"ficha_icaa"
859;54;"ficha_icaa"
860;238;"ficha_icaa"
861;60;"ficha_icaa"
862;373;"sin_dato"
863;442;"ficha_icaa"
864;182;"ficha_icaa"
865;261;"ficha_icaa"
866;4;"ficha_icaa"
867;132;"ficha_icaa"
868;8;"ficha_icaa"
869;4;"ficha_icaa"
870;88;"ficha_icaa"
871;373;"sin_dato"
872;228;"ficha_icaa"
873;373;"sin_dato"
874;88;"ficha_icaa"
875;373;"sin_dato"
876;272;"ficha_icaa"
877;62;"ficha_icaa"
878;329;"ficha_icaa"
879;373;"sin_dato"
880;91;"ficha_icaa"
881;370;"ficha_icaa"
882;373;"sin_dato"
883;376;"ficha_icaa"
884;106;"ficha_icaa"
885;62;"ficha_icaa"
886;70;"ficha_icaa"
887;373;"sin_dato"
888;422;"ficha_icaa"
889;4;"ficha_icaa"
890;119;"ficha_icaa"
891;161;"ficha_icaa"
892;8;"ficha_icaa"
893;373;"sin_dato"
894;405;"ficha_icaa"
895;162;"ficha_icaa"
896;173;"ficha_icaa"
897;65;"ficha_icaa"
898;72;"ficha_icaa"
899;332;"ficha_icaa"
900;79;"ficha_icaa"
901;321;"pdf_heuristica"
902;43;"ficha_icaa"
902;385;"ficha_icaa"
903;106;"ficha_icaa"
904;369;"ficha_icaa"
905;239;"ficha_icaa"
906;373;"sin_dato"
907;55;"ficha_icaa"
908;443;"ficha_icaa"
908;146;"ficha_icaa"
909;199;"ficha_icaa"
909;56;"ficha_icaa"
910;72;"ficha_icaa"
911;392;"ficha_icaa"
912;263;"ficha_icaa"
912;375;"ficha_icaa"
913;389;"ficha_icaa"
914;167;"ficha_icaa"
915;373;"sin_dato"
916;83;"ficha_icaa"
917;61;"ficha_icaa"
917;177;"ficha_icaa"
918;370;"ficha_icaa"
919;373;"sin_dato"
920;373;"sin_dato"
921;273;"ficha_icaa"
922;392;"ficha_icaa"
923;8;"ficha_icaa"
924;373;"sin_dato"
925;8;"ficha_icaa"
926;340;"ficha_icaa"
927;8;"ficha_icaa"
928;373;"sin_dato"
929;318;"ficha_icaa"
930;392;"ficha_icaa"
931;115;"ficha_icaa"
932;168;"ficha_icaa"
933;429;"ficha_icaa"
934;337;"ficha_icaa"
935;373;"sin_dato"
936;161;"ficha_icaa"
937;104;"ficha_icaa"
938;345;"ficha_icaa"
939;135;"ficha_icaa"
940;261;"ficha_icaa"
941;123;"ficha_icaa"
942;182;"ficha_icaa"
943;373;"sin_dato"
944;106;"ficha_icaa"
945;188;"ficha_icaa"
946;373;"sin_dato"
947;26;"ficha_icaa"
948;373;"sin_dato"
949;373;"sin_dato"
950;370;"ficha_icaa"
951;188;"ficha_icaa"
952;422;"ficha_icaa"
952;106;"ficha_icaa"
953;188;"ficha_icaa"
954;167;"pdf_heuristica"
955;193;"ficha_icaa"
956;74;"ficha_icaa"
957;373;"sin_dato"
958;399;"ficha_icaa"
959;373;"sin_dato"
960;4;"ficha_icaa"
961;261;"ficha_icaa"
962;6;"ficha_icaa"
963;60;"ficha_icaa"
964;369;"ficha_icaa"
965;370;"ficha_icaa"
966;370;"ficha_icaa"
967;401;"ficha_icaa"
968;4;"ficha_icaa"
969;372;"ficha_icaa"
970;429;"ficha_icaa"
971;83;"ficha_icaa"
972;373;"sin_dato"
973;373;"sin_dato"
974;261;"ficha_icaa"
975;17;"ficha_icaa"
976;121;"ficha_icaa"
977;238;"ficha_icaa"
978;403;"ficha_icaa"
979;368;"pdf_heuristica"
980;277;"ficha_icaa"
981;261;"ficha_icaa"
982;64;"ficha_icaa"
983;327;"ficha_icaa"
983;282;"ficha_icaa"
984;224;"ficha_icaa"
985;424;"ficha_icaa"
986;373;"sin_dato"
987;373;"sin_dato"
988;135;"ficha_icaa"
989;373;"sin_dato"
990;320;"ficha_icaa"
991;4;"ficha_icaa"
992;288;"ficha_icaa"
993;369;"ficha_icaa"
994;60;"ficha_icaa"
995;315;"ficha_icaa"
996;373;"sin_dato"
997;287;"ficha_icaa"
998;373;"sin_dato"
999;62;"ficha_icaa"
1000;75;"ficha_icaa"
1001;169;"ficha_icaa"
1001;387;"ficha_icaa"
1002;453;"ficha_icaa"
1003;427;"ficha_icaa"
1004;72;"ficha_icaa"
1005;373;"sin_dato"
1006;388;"ficha_icaa"
1006;434;"ficha_icaa"
1007;402;"ficha_icaa"
1008;388;"ficha_icaa"
1009;410;"ficha_icaa"
1010;373;"sin_dato"
1011;450;"ficha_icaa"
1012;373;"sin_dato"
1013;69;"ficha_icaa"
1014;64;"ficha_icaa"
1015;410;"ficha_icaa"
1016;373;"sin_dato"
1017;370;"ficha_icaa"
1018;261;"ficha_icaa"
1019;373;"sin_dato"
1020;369;"ficha_icaa"
1021;104;"ficha_icaa"
1022;373;"sin_dato"
1023;426;"ficha_icaa"
1024;104;"ficha_icaa"
1025;69;"ficha_icaa"
1026;374;"pdf_heuristica"
1027;4;"ficha_icaa"
1028;181;"ficha_icaa"
1029;4;"ficha_icaa"
1030;188;"ficha_icaa"
1031;26;"ficha_icaa"
1032;208;"ficha_icaa"
1033;373;"sin_dato"
1034;83;"ficha_icaa"
1035;328;"pdf_heuristica"
1036;373;"sin_dato"
1037;417;"ficha_icaa"
1038;246;"ficha_icaa"
1039;161;"ficha_icaa"
1040;388;"ficha_icaa"
1040;434;"ficha_icaa"
1041;373;"sin_dato"
1042;238;"ficha_icaa"
1043;380;"ficha_icaa"
1043;210;"ficha_icaa"
1044;106;"ficha_icaa"
1045;345;"ficha_icaa"
1046;373;"sin_dato"
1047;434;"ficha_icaa"
1048;373;"sin_dato"
1049;11;"ficha_icaa"
1050;216;"ficha_icaa"
1051;373;"sin_dato"
1052;377;"ficha_icaa"
1052;106;"ficha_icaa"
1053;441;"ficha_icaa"
1054;143;"ficha_icaa"
1055;369;"ficha_icaa"
1056;219;"ficha_icaa"
1057;309;"ficha_icaa"
1058;83;"ficha_icaa"
1059;369;"ficha_icaa"
1060;298;"ficha_icaa"
1060;8;"ficha_icaa"
1061;73;"ficha_icaa"
1062;232;"ficha_icaa"
1062;144;"ficha_icaa"
1063;373;"sin_dato"
1064;373;"sin_dato"
1065;279;"ficha_icaa"
1066;336;"pdf_heuristica"
1067;8;"ficha_icaa"
1068;72;"ficha_icaa"
1069;348;"ficha_icaa"
1070;103;"ficha_icaa"
1071;393;"pdf_heuristica"
1072;370;"ficha_icaa"
1073;103;"ficha_icaa"
1074;422;"ficha_icaa"
1075;373;"sin_dato"
1076;8;"ficha_icaa"
1077;135;"ficha_icaa"
1078;106;"ficha_icaa"
1079;62;"ficha_icaa"
1080;373;"sin_dato"
1081;83;"ficha_icaa"
1082;106;"ficha_icaa"
1083;218;"ficha_icaa"
1083;438;"ficha_icaa"
1084;287;"ficha_icaa"
1085;373;"sin_dato"
1086;8;"ficha_icaa"
1087;4;"ficha_icaa"
1088;72;"ficha_icaa"
1089;167;"ficha_icaa"
1090;300;"ficha_icaa"
1091;51;"ficha_icaa"
1092;67;"ficha_icaa"
1093;373;"sin_dato"
1094;268;"ficha_icaa"
1095;422;"ficha_icaa"
1096;208;"ficha_icaa"
1096;8;"ficha_icaa"
1097;373;"sin_dato"
1098;373;"sin_dato"
1099;282;"ficha_icaa"
1100;103;"ficha_icaa"
1101;441;"ficha_icaa"
1102;370;"ficha_icaa"
1103;4;"ficha_icaa"
1104;59;"ficha_icaa"
1105;32;"ficha_icaa"
1105;338;"ficha_icaa"
1105;146;"ficha_icaa"
1106;26;"ficha_icaa"
1107;83;"ficha_icaa"
1108;62;"ficha_icaa"
1109;32;"ficha_icaa"
1109;434;"ficha_icaa"
1110;113;"ficha_icaa"
1111;373;"sin_dato"
1112;373;"sin_dato"
1113;373;"sin_dato"
1114;8;"ficha_icaa"
1115;370;"ficha_icaa"
1115;4;"ficha_icaa"
1116;65;"ficha_icaa"
1117;261;"ficha_icaa"
1118;217;"ficha_icaa"
1119;373;"sin_dato"
1120;410;"ficha_icaa"
1121;355;"ficha_icaa"
1122;62;"ficha_icaa"
1123;370;"ficha_icaa"
1124;369;"ficha_icaa"
1125;4;"ficha_icaa"
1126;143;"ficha_icaa"
1127;163;"ficha_icaa"
1128;155;"ficha_icaa"
1129;84;"ficha_icaa"
1130;373;"sin_dato"
1131;373;"sin_dato"
1132;37;"ficha_icaa"
1133;104;"ficha_icaa"
1133;245;"ficha_icaa"
1134;66;"ficha_icaa"
1135;62;"ficha_icaa"
1136;83;"ficha_icaa"
1137;373;"sin_dato"
1138;216;"ficha_icaa"
1139;56;"ficha_icaa"
1140;83;"ficha_icaa"
1141;370;"ficha_icaa"
1142;163;"ficha_icaa"
1143;429;"ficha_icaa"
1144;283;"ficha_icaa"
1145;83;"ficha_icaa"
1146;320;"ficha_icaa"
1147;69;"ficha_icaa"
1148;422;"ficha_icaa"
1149;209;"ficha_icaa"
1150;251;"ficha_icaa"
1151;373;"sin_dato"
1152;311;"ficha_icaa"
1153;267;"ficha_icaa"
1154;373;"sin_dato"
1155;370;"ficha_icaa"
1156;146;"ficha_icaa"
1157;83;"ficha_icaa"
1158;373;"sin_dato"
1159;228;"ficha_icaa"
1160;359;"ficha_icaa"
1160;287;"ficha_icaa"
1161;373;"sin_dato"
1162;429;"ficha_icaa"
1163;82;"ficha_icaa"
1164;429;"ficha_icaa"
1164;304;"ficha_icaa"
1165;72;"ficha_icaa"
1166;153;"ficha_icaa"
1167;202;"ficha_icaa"
1168;8;"ficha_icaa"
1169;62;"ficha_icaa"
1170;373;"sin_dato"
1171;83;"ficha_icaa"
1172;8;"ficha_icaa"
1173;8;"ficha_icaa"
1174;420;"ficha_icaa"
1175;373;"sin_dato"
1176;373;"sin_dato"
1177;419;"ficha_icaa"
1178;8;"ficha_icaa"
1179;56;"ficha_icaa"
1180;199;"ficha_icaa"
1180;8;"ficha_icaa"
1181;280;"ficha_icaa"
1182;8;"ficha_icaa"
1183;122;"ficha_icaa"
1184;386;"ficha_icaa"
1185;444;"ficha_icaa"
1185;56;"ficha_icaa"
1186;8;"ficha_icaa"
1187;381;"ficha_icaa"
1188;373;"sin_dato"
1189;284;"ficha_icaa"
1190;198;"ficha_icaa"
1190;222;"ficha_icaa"
1191;56;"ficha_icaa"
1192;373;"sin_dato"
1193;26;"ficha_icaa"
1194;313;"ficha_icaa"
1195;349;"ficha_icaa"
1196;32;"ficha_icaa"
1197;83;"ficha_icaa"
1198;60;"ficha_icaa"
1199;26;"ficha_icaa"
1200;442;"ficha_icaa"
1201;225;"ficha_icaa"
1202;446;"ficha_icaa"
1203;335;"ficha_icaa"
1204;83;"ficha_icaa"
1205;62;"ficha_icaa"
1206;26;"ficha_icaa"
1207;8;"ficha_icaa"
1208;422;"ficha_icaa"
1209;59;"ficha_icaa"
1210;62;"ficha_icaa"
1211;83;"ficha_icaa"
1212;415;"ficha_icaa"
1213;427;"ficha_icaa"
1214;209;"ficha_icaa"
1215;90;"ficha_icaa"
1216;240;"ficha_icaa"
1216;56;"ficha_icaa"
1217;377;"ficha_icaa"
1218;422;"ficha_icaa"
1219;255;"ficha_icaa"
1220;83;"ficha_icaa"
1221;26;"ficha_icaa"
1222;28;"ficha_icaa"
1223;370;"ficha_icaa"
1224;4;"ficha_icaa"
1225;59;"ficha_icaa"
1226;32;"ficha_icaa"
1227;8;"ficha_icaa"
1228;104;"ficha_icaa"
1228;144;"ficha_icaa"
1229;59;"ficha_icaa"
1230;8;"ficha_icaa"
1231;370;"ficha_icaa"
1232;59;"ficha_icaa"
1233;26;"ficha_icaa"
1234;62;"ficha_icaa"
1235;373;"sin_dato"
1236;8;"ficha_icaa"
1237;422;"ficha_icaa"
1238;104;"ficha_icaa"
1239;50;"ficha_icaa"
1239;331;"ficha_icaa"
1240;32;"ficha_icaa"
1241;83;"ficha_icaa"
1242;334;"ficha_icaa"
1243;62;"ficha_icaa"
1244;373;"sin_dato"
1245;383;"ficha_icaa"
1246;56;"ficha_icaa"
1247;8;"ficha_icaa"
1248;97;"ficha_icaa"
1249;56;"ficha_icaa"
1250;78;"ficha_icaa"
1251;369;"ficha_icaa"
1252;161;"ficha_icaa"
1253;4;"ficha_icaa"
1254;261;"ficha_icaa"
1255;433;"ficha_icaa"
1256;381;"ficha_icaa"
1257;164;"ficha_icaa"
1258;143;"ficha_icaa"
1259;381;"ficha_icaa"
1260;122;"ficha_icaa"
1261;63;"ficha_icaa"
1262;78;"ficha_icaa"
1263;245;"ficha_icaa"
1264;83;"ficha_icaa"
1265;422;"ficha_icaa"
1266;140;"pdf_heuristica"
1267;370;"ficha_icaa"
1268;373;"sin_dato"
1269;442;"ficha_icaa"
1270;391;"pdf_heuristica"
1271;405;"ficha_icaa"
1272;442;"ficha_icaa"
1273;381;"ficha_icaa"
1274;369;"ficha_icaa"
1275;60;"ficha_icaa"
1276;83;"ficha_icaa"
1277;373;"sin_dato"
1278;441;"ficha_icaa"
1279;80;"ficha_icaa"
1280;106;"ficha_icaa"
1281;62;"ficha_icaa"
1282;261;"ficha_icaa"
1283;104;"ficha_icaa"
1284;361;"ficha_icaa"
1285;256;"ficha_icaa"
1286;273;"ficha_icaa"
1287;373;"sin_dato"
1288;83;"ficha_icaa"
1289;62;"ficha_icaa"
1290;72;"ficha_icaa"
1291;144;"ficha_icaa"
1292;83;"ficha_icaa"
1293;373;"sin_dato"
1294;184;"ficha_icaa"
1295;263;"ficha_icaa"
1296;62;"ficha_icaa"
1297;287;"ficha_icaa"
1298;353;"ficha_icaa"
1299;56;"ficha_icaa"
1300;62;"ficha_icaa"
1301;93;"ficha_icaa"
1302;197;"ficha_icaa"
1303;83;"ficha_icaa"
1304;143;"ficha_icaa"
1305;228;"ficha_icaa"
1306;442;"ficha_icaa"
1307;350;"ficha_icaa"
1308;370;"ficha_icaa"
1309;334;"ficha_icaa"
1310;104;"ficha_icaa"
1311;373;"sin_dato"
1312;72;"ficha_icaa"
1313;72;"ficha_icaa"
1314;412;"ficha_icaa"
1315;62;"ficha_icaa"
1316;409;"ficha_icaa"
1317;329;"ficha_icaa"
1318;205;"ficha_icaa"
1319;329;"ficha_icaa"
1320;56;"ficha_icaa"
1321;252;"ficha_icaa"
1322;68;"pdf_heuristica"
1323;369;"ficha_icaa"
1324;72;"ficha_icaa"
1325;83;"ficha_icaa"
1326;373;"sin_dato"
1327;373;"sin_dato"
1328;282;"ficha_icaa"
1329;59;"ficha_icaa"
1330;4;"ficha_icaa"
1331;445;"ficha_icaa"
1332;144;"ficha_icaa"
1333;370;"ficha_icaa"
1334;370;"ficha_icaa"
1335;434;"ficha_icaa"
1336;370;"ficha_icaa"
1337;10;"ficha_icaa"
1338;284;"ficha_icaa"
1339;228;"ficha_icaa"
1340;106;"ficha_icaa"
1341;403;"ficha_icaa"
1342;373;"sin_dato"
1343;8;"ficha_icaa"
1344;56;"ficha_icaa"
1345;405;"ficha_icaa"
1346;436;"ficha_icaa"
1347;32;"ficha_icaa"
1348;39;"ficha_icaa"
1349;228;"ficha_icaa"
1350;373;"sin_dato"
1351;56;"ficha_icaa"
1352;444;"ficha_icaa"
1352;146;"ficha_icaa"
1353;177;"ficha_icaa"
1354;95;"ficha_icaa"
1355;8;"ficha_icaa"
1356;62;"ficha_icaa"
1357;370;"ficha_icaa"
1358;373;"sin_dato"
1359;216;"ficha_icaa"
1360;83;"ficha_icaa"
1361;83;"ficha_icaa"
1362;8;"ficha_icaa"
1363;373;"sin_dato"
1364;177;"ficha_icaa"
1365;373;"sin_dato"
1366;62;"ficha_icaa"
1367;8;"ficha_icaa"
1368;83;"ficha_icaa"
1368;104;"ficha_icaa"
1369;228;"ficha_icaa"
1370;423;"ficha_icaa"
1371;72;"ficha_icaa"
1372;441;"ficha_icaa"
1373;412;"ficha_icaa"
1374;373;"sin_dato"
1375;350;"ficha_icaa"
1376;59;"ficha_icaa"
1377;199;"ficha_icaa"
1377;434;"ficha_icaa"
1377;56;"ficha_icaa"
1378;4;"ficha_icaa"
1379;444;"ficha_icaa"
1380;144;"ficha_icaa"
1381;338;"ficha_icaa"
1382;411;"ficha_icaa"
1383;261;"ficha_icaa"
1384;239;"ficha_icaa"
1385;441;"ficha_icaa"
1386;427;"ficha_icaa"
1387;309;"ficha_icaa"
1388;177;"ficha_icaa"
1389;373;"sin_dato"
1390;373;"sin_dato"
1391;122;"ficha_icaa"
1392;83;"ficha_icaa"
1393;413;"ficha_icaa"
1394;199;"ficha_icaa"
1395;62;"ficha_icaa"
1396;78;"ficha_icaa"
1397;32;"ficha_icaa"
1398;62;"ficha_icaa"
1399;390;"ficha_icaa"
1400;280;"ficha_icaa"
1401;8;"ficha_icaa"
1402;83;"ficha_icaa"
1403;168;"ficha_icaa"
1404;353;"ficha_icaa"
1405;83;"ficha_icaa"
1406;114;"ficha_icaa"
1407;369;"ficha_icaa"
1408;83;"ficha_icaa"
1409;261;"ficha_icaa"
1410;4;"ficha_icaa"
1411;72;"ficha_icaa"
1412;410;"ficha_icaa"
1413;441;"ficha_icaa"
1414;373;"sin_dato"
1415;62;"ficha_icaa"
1416;34;"ficha_icaa"
1417;373;"sin_dato"
1418;177;"ficha_icaa"
1419;373;"sin_dato"
1420;156;"pdf_heuristica"
1421;373;"sin_dato"
1422;59;"ficha_icaa"
1423;82;"ficha_icaa"
1424;422;"ficha_icaa"
1425;8;"ficha_icaa"
1426;373;"sin_dato"
1427;72;"ficha_icaa"
1428;59;"ficha_icaa"
1429;370;"ficha_icaa"
1430;373;"sin_dato"
1431;445;"ficha_icaa"
1432;339;"ficha_icaa"
1433;373;"sin_dato"
1434;373;"sin_dato"
1435;387;"ficha_icaa"
1436;62;"ficha_icaa"
1437;429;"ficha_icaa"
1438;180;"ficha_icaa"
1439;104;"ficha_icaa"
1440;72;"ficha_icaa"
1441;83;"ficha_icaa"
1442;26;"ficha_icaa"
1443;373;"sin_dato"
1444;72;"ficha_icaa"
1445;408;"ficha_icaa"
1446;161;"ficha_icaa"
1447;373;"sin_dato"
1448;261;"ficha_icaa"
1449;59;"ficha_icaa"
1450;373;"sin_dato"
1451;441;"ficha_icaa"
1452;64;"ficha_icaa"
1453;72;"ficha_icaa"
1454;373;"sin_dato"
1455;373;"sin_dato"
1456;83;"ficha_icaa"
1457;444;"ficha_icaa"
1457;146;"ficha_icaa"
1457;142;"ficha_icaa"
1458;441;"ficha_icaa"
1459;444;"ficha_icaa"
1460;370;"ficha_icaa"
1461;344;"ficha_icaa"
1462;376;"ficha_icaa"
1463;232;"ficha_icaa"
1464;395;"ficha_icaa"
1465;138;"ficha_icaa"
1466;266;"ficha_icaa"
1467;232;"ficha_icaa"
1467;144;"ficha_icaa"
1468;296;"pdf_heuristica"
1469;339;"ficha_icaa"
1470;404;"ficha_icaa"
1471;436;"ficha_icaa"
1472;135;"ficha_icaa"
1473;370;"ficha_icaa"
1474;423;"ficha_icaa"
1475;429;"ficha_icaa"
1476;26;"ficha_icaa"
1477;50;"ficha_icaa"
1478;8;"ficha_icaa"
1479;62;"ficha_icaa"
1480;316;"ficha_icaa"
1481;143;"ficha_icaa"
1482;136;"ficha_icaa"
1482;383;"ficha_icaa"
1482;434;"ficha_icaa"
1483;264;"ficha_icaa"
1484;383;"ficha_icaa"
1485;26;"ficha_icaa"
1486;370;"ficha_icaa"
1487;381;"ficha_icaa"
1488;207;"ficha_icaa"
1489;290;"ficha_icaa"
1490;362;"ficha_icaa"
1491;257;"ficha_icaa"
1492;40;"ficha_icaa"
1493;431;"ficha_icaa"
1494;241;"ficha_icaa"
1494;146;"ficha_icaa"
1495;180;"ficha_icaa"
1496;373;"sin_dato"
1497;303;"ficha_icaa"
1498;422;"ficha_icaa"
1499;373;"sin_dato"
1500;370;"ficha_icaa"
1501;8;"ficha_icaa"
1502;72;"ficha_icaa"
1503;59;"ficha_icaa"
1504;8;"ficha_icaa"
1505;13;"ficha_icaa"
1506;31;"ficha_icaa"
1507;373;"sin_dato"
1508;52;"ficha_icaa"
1509;373;"sin_dato"
1510;373;"sin_dato"
1511;373;"sin_dato"
1512;106;"ficha_icaa"
1513;435;"ficha_icaa"
1513;327;"ficha_icaa"
1514;83;"ficha_icaa"
1515;62;"ficha_icaa"
1516;147;"ficha_icaa"
1516;33;"ficha_icaa"
1517;32;"ficha_icaa"
1518;154;"ficha_icaa"
1519;102;"ficha_icaa"
1520;91;"ficha_icaa"
1521;373;"sin_dato"
1522;32;"ficha_icaa"
1523;59;"ficha_icaa"
1523;31;"ficha_icaa"
1524;48;"ficha_icaa"
1525;373;"sin_dato"
1526;25;"ficha_icaa"
1527;390;"ficha_icaa"
1528;185;"ficha_icaa"
1529;56;"ficha_icaa"
1529;144;"ficha_icaa"
1530;379;"ficha_icaa"
1531;242;"ficha_icaa"
1532;59;"ficha_icaa"
1533;62;"ficha_icaa"
1534;84;"ficha_icaa"
1535;268;"ficha_icaa"
1536;56;"ficha_icaa"
1537;269;"ficha_icaa"
1538;129;"ficha_icaa"
1539;177;"ficha_icaa"
1540;351;"ficha_icaa"
1541;143;"ficha_icaa"
1542;62;"ficha_icaa"
1543;370;"ficha_icaa"
1544;387;"ficha_icaa"
1545;370;"ficha_icaa"
1546;125;"ficha_icaa"
1547;383;"ficha_icaa"
1548;167;"ficha_icaa"
1549;369;"ficha_icaa"
1550;360;"ficha_icaa"
1551;65;"ficha_icaa"
1552;83;"ficha_icaa"
1553;166;"ficha_icaa"
1554;373;"sin_dato"
1555;62;"ficha_icaa"
1556;83;"ficha_icaa"
1557;444;"ficha_icaa"
1557;106;"ficha_icaa"
1558;232;"ficha_icaa"
1559;182;"ficha_icaa"
1560;309;"ficha_icaa"
1561;26;"ficha_icaa"
1562;57;"pdf_heuristica"
1563;31;"ficha_icaa"
1564;231;"ficha_icaa"
1565;62;"ficha_icaa"
1566;358;"ficha_icaa"
1567;60;"ficha_icaa"
1567;340;"ficha_icaa"
1568;72;"ficha_icaa"
1569;373;"sin_dato"
1570;441;"ficha_icaa"
1571;78;"ficha_icaa"
1572;283;"pdf_heuristica"
1573;159;"ficha_icaa"
1574;369;"ficha_icaa"
1575;83;"ficha_icaa"
1576;333;"ficha_icaa"
1577;83;"ficha_icaa"
1578;8;"ficha_icaa"
1579;72;"ficha_icaa"
1580;76;"ficha_icaa"
1581;72;"ficha_icaa"
1582;444;"ficha_icaa"
1582;146;"ficha_icaa"
1583;177;"ficha_icaa"
1583;268;"ficha_icaa"
1584;199;"ficha_icaa"
1584;434;"ficha_icaa"
1584;56;"ficha_icaa"
1585;108;"ficha_icaa"
1586;185;"ficha_icaa"
1586;83;"ficha_icaa"
1587;373;"sin_dato"
1588;442;"ficha_icaa"
1589;230;"ficha_icaa"
1590;351;"ficha_icaa"
1590;70;"ficha_icaa"
1591;8;"ficha_icaa"
1592;141;"ficha_icaa"
1593;232;"ficha_icaa"
1594;165;"ficha_icaa"
1595;26;"ficha_icaa"
1596;35;"ficha_icaa"
1597;400;"ficha_icaa"
1598;72;"ficha_icaa"
1599;442;"ficha_icaa"
1600;109;"ficha_icaa"
1601;83;"ficha_icaa"
1602;442;"ficha_icaa"
1603;98;"ficha_icaa"
1604;353;"ficha_icaa"
1605;268;"ficha_icaa"
1606;42;"ficha_icaa"
1607;83;"ficha_icaa"
1608;144;"ficha_icaa"
1609;373;"sin_dato"
1610;30;"ficha_icaa"
1611;8;"ficha_icaa"
1612;8;"ficha_icaa"
1613;373;"sin_dato"
1614;18;"ficha_icaa"
1615;59;"ficha_icaa"
1616;383;"ficha_icaa"
1617;431;"ficha_icaa"
1618;59;"ficha_icaa"
1619;452;"ficha_icaa"
1620;247;"ficha_icaa"
1621;353;"ficha_icaa"
1622;168;"ficha_icaa"
1622;83;"ficha_icaa"
1623;4;"ficha_icaa"
1624;381;"ficha_icaa"
1625;62;"ficha_icaa"
1626;422;"ficha_icaa"
1627;59;"ficha_icaa"
1628;137;"ficha_icaa"
1629;385;"ficha_icaa"
1630;334;"ficha_icaa"
1631;62;"ficha_icaa"
1632;83;"ficha_icaa"
1633;85;"ficha_icaa"
1633;112;"ficha_icaa"
1634;45;"ficha_icaa"
1635;392;"ficha_icaa"
1636;59;"ficha_icaa"
1637;429;"ficha_icaa"
1638;72;"ficha_icaa"
1639;59;"ficha_icaa"
1640;26;"ficha_icaa"
1641;84;"ficha_icaa"
1641;441;"ficha_icaa"
1641;434;"ficha_icaa"
1641;56;"ficha_icaa"
1642;182;"ficha_icaa"
1643;370;"ficha_icaa"
1644;353;"ficha_icaa"
1645;104;"ficha_icaa"
1646;55;"ficha_icaa"
1647;62;"ficha_icaa"
1648;236;"ficha_icaa"
1648;371;"ficha_icaa"
1649;56;"ficha_icaa"
1650;4;"ficha_icaa"
1651;143;"ficha_icaa"
1652;145;"ficha_icaa"
1653;62;"ficha_icaa"
1654;59;"ficha_icaa"
1655;59;"ficha_icaa"
1656;196;"ficha_icaa"
1657;83;"ficha_icaa"
1658;143;"ficha_icaa"
1659;382;"ficha_icaa"
1660;83;"ficha_icaa"
1661;373;"sin_dato"
1662;163;"ficha_icaa"
1663;233;"pdf_heuristica"
1664;83;"ficha_icaa"
1665;83;"ficha_icaa"
1666;422;"ficha_icaa"
1667;370;"ficha_icaa"
1668;8;"ficha_icaa"
1669;62;"ficha_icaa"
1670;26;"ficha_icaa"
1671;199;"ficha_icaa"
1672;52;"ficha_icaa"
1673;373;"sin_dato"
1674;8;"ficha_icaa"
1675;373;"sin_dato"
1676;430;"ficha_icaa"
1677;72;"ficha_icaa"
1678;31;"ficha_icaa"
1678;131;"ficha_icaa"
1679;16;"ficha_icaa"
1680;26;"ficha_icaa"
1681;441;"ficha_icaa"
1682;373;"sin_dato"
1683;62;"ficha_icaa"
1684;340;"ficha_icaa"
1685;8;"ficha_icaa"
1686;442;"ficha_icaa"
1687;373;"sin_dato"
1688;55;"ficha_icaa"
1689;83;"ficha_icaa"
1690;373;"sin_dato"
1691;176;"ficha_icaa"
1691;334;"ficha_icaa"
1692;184;"ficha_icaa"
1692;178;"ficha_icaa"
1693;82;"ficha_icaa"
1694;106;"ficha_icaa"
1695;293;"ficha_icaa"
1696;212;"ficha_icaa"
1697;353;"ficha_icaa"
1697;255;"ficha_icaa"
1698;455;"ficha_icaa"
1699;16;"ficha_icaa"
1700;72;"ficha_icaa"
1701;283;"ficha_icaa"
1702;104;"ficha_icaa"
1703;373;"sin_dato"
1704;443;"ficha_icaa"
1705;49;"ficha_icaa"
1706;72;"pdf_heuristica"
1707;72;"ficha_icaa"
1708;370;"ficha_icaa"
1709;373;"sin_dato"
1710;104;"ficha_icaa"
1711;26;"ficha_icaa"
1712;200;"ficha_icaa"
1713;255;"ficha_icaa"
1714;422;"ficha_icaa"
1715;441;"ficha_icaa"
1716;255;"ficha_icaa"
1717;56;"ficha_icaa"
1718;444;"ficha_icaa"
1719;8;"ficha_icaa"
1720;260;"ficha_icaa"
1721;102;"ficha_icaa"
1721;62;"ficha_icaa"
1722;214;"ficha_icaa"
1723;56;"ficha_icaa"
1724;83;"ficha_icaa"
1725;59;"ficha_icaa"
1726;104;"ficha_icaa"
1727;2;"ficha_icaa"
1728;102;"ficha_icaa"
1729;373;"sin_dato"
1730;143;"ficha_icaa"
1731;62;"ficha_icaa"
1732;83;"ficha_icaa"
1733;254;"ficha_icaa"
1734;158;"ficha_icaa"
1734;76;"ficha_icaa"
1735;282;"ficha_icaa"
1736;261;"ficha_icaa"
1737;436;"pdf_heuristica"
1738;26;"ficha_icaa"
1739;430;"ficha_icaa"
1740;442;"ficha_icaa"
1741;444;"ficha_icaa"
1742;305;"ficha_icaa"
1743;122;"ficha_icaa"
1744;428;"ficha_icaa"
1745;373;"sin_dato"
1746;26;"ficha_icaa"
1747;373;"sin_dato"
1748;237;"ficha_icaa"
1749;188;"ficha_icaa"
1750;72;"ficha_icaa"
1751;81;"ficha_icaa"
1752;241;"ficha_icaa"
1753;26;"ficha_icaa"
1754;392;"ficha_icaa"
1755;8;"ficha_icaa"
1756;18;"ficha_icaa"
1757;21;"ficha_icaa"
1758;335;"pdf_heuristica"
1759;106;"ficha_icaa"
1760;283;"ficha_icaa"
1761;373;"sin_dato"
1762;370;"ficha_icaa"
1763;373;"sin_dato"
1764;62;"ficha_icaa"
1765;104;"ficha_icaa"
1766;373;"sin_dato"
1767;268;"ficha_icaa"
1768;83;"ficha_icaa"
1769;429;"ficha_icaa"
1770;342;"ficha_icaa"
1771;412;"ficha_icaa"
1772;232;"ficha_icaa"
1773;41;"ficha_icaa"
1774;370;"ficha_icaa"
1775;4;"ficha_icaa"
1776;390;"ficha_icaa"
1776;261;"ficha_icaa"
1777;106;"ficha_icaa"
1777;107;"ficha_icaa"
1778;171;"pdf_heuristica"
1779;353;"ficha_icaa"
1779;62;"ficha_icaa"
1780;373;"sin_dato"
1781;373;"sin_dato"
1782;77;"pdf_heuristica"
1783;288;"pdf_heuristica"
1784;373;"sin_dato"
1785;373;"sin_dato"
1786;373;"sin_dato"
1787;373;"sin_dato"
1788;373;"sin_dato"
1789;373;"sin_dato"
1790;373;"sin_dato"
1791;373;"sin_dato"
1792;373;"sin_dato"
1793;373;"sin_dato"
1794;373;"sin_dato"
1795;373;"sin_dato"
1796;373;"sin_dato"
1797;373;"sin_dato"
1798;373;"sin_dato"
1799;373;"sin_dato"
1800;373;"sin_dato"
1801;373;"sin_dato"
1802;373;"sin_dato"
1803;373;"sin_dato"
1804;373;"sin_dato"
1805;373;"sin_dato"
1806;118;"pdf_heuristica"
1807;373;"sin_dato"
1808;373;"sin_dato"
1809;373;"sin_dato"
1810;373;"sin_dato"
1811;373;"sin_dato"
1812;373;"sin_dato"
1813;373;"sin_dato"
1814;373;"sin_dato"
1816;373;"sin_dato"
1817;373;"sin_dato"
1818;373;"sin_dato"
1819;373;"sin_dato"
1820;373;"sin_dato"
1821;111;"pdf_heuristica"
1822;364;"pdf_heuristica"
1823;427;"pdf_heuristica"
1824;373;"sin_dato"
1825;373;"sin_dato"
1826;373;"sin_dato"
1827;373;"sin_dato"
1828;373;"sin_dato"
1829;373;"sin_dato"
1830;373;"sin_dato"
1831;373;"sin_dato"
1832;373;"sin_dato"
1833;373;"sin_dato"
1834;373;"sin_dato"
1835;373;"sin_dato"
1836;373;"sin_dato"
1837;127;"pdf_heuristica"
1838;373;"sin_dato"
1839;373;"sin_dato"
1840;373;"sin_dato"
1841;373;"sin_dato"
1842;373;"sin_dato"
1843;373;"sin_dato"
1844;373;"sin_dato"
1845;427;"pdf_heuristica"
1846;373;"sin_dato"
1847;373;"sin_dato"
1848;373;"sin_dato"
1849;373;"sin_dato"
1850;373;"sin_dato"
1851;373;"sin_dato"
1852;7;"pdf_heuristica"
1853;373;"sin_dato"
1854;373;"sin_dato"
1855;373;"sin_dato"
1856;373;"sin_dato"
1857;373;"sin_dato"
1858;167;"pdf_heuristica"
1859;373;"sin_dato"
1860;373;"sin_dato"
1861;373;"sin_dato"
1862;373;"sin_dato"
1863;373;"sin_dato"
1864;373;"sin_dato"
1865;373;"sin_dato"
1866;373;"sin_dato"
1867;373;"sin_dato"
1868;373;"sin_dato"
1869;191;"pdf_heuristica"
1870;373;"sin_dato"
1871;373;"sin_dato"
1872;373;"sin_dato"
1873;373;"sin_dato"
1874;373;"sin_dato"
1875;373;"sin_dato"
1876;373;"sin_dato"
1877;373;"sin_dato"
1878;373;"sin_dato"
1879;373;"sin_dato"
1880;373;"sin_dato"
1881;373;"sin_dato"
1882;373;"sin_dato"
1883;111;"pdf_heuristica"
1884;373;"sin_dato"
1885;352;"pdf_heuristica"
1886;373;"sin_dato"
1887;373;"sin_dato"
1888;373;"sin_dato"
1889;373;"sin_dato"
1890;439;"pdf_heuristica"
1891;373;"sin_dato"
1892;373;"sin_dato"
1893;62;"pdf_heuristica"
1894;373;"sin_dato"
1895;373;"sin_dato"
1896;373;"sin_dato"
1897;373;"sin_dato"
1898;373;"sin_dato"
1899;170;"pdf_heuristica"
1900;373;"sin_dato"
1901;373;"sin_dato"
1902;373;"sin_dato"
1903;373;"sin_dato"
1904;373;"sin_dato"
1905;373;"sin_dato"
1906;366;"pdf_heuristica"
1907;373;"sin_dato"
1908;110;"pdf_heuristica"
1909;373;"sin_dato"
1910;373;"sin_dato"
1911;373;"sin_dato"
1912;373;"sin_dato"
1913;373;"sin_dato"
1914;427;"pdf_heuristica"
1915;373;"sin_dato"
1916;336;"pdf_heuristica"
1917;373;"sin_dato"
1918;373;"sin_dato"
1919;373;"sin_dato"
1920;373;"sin_dato"
1921;373;"sin_dato"
1922;373;"sin_dato"
1923;373;"sin_dato"
1924;352;"pdf_heuristica"
1925;373;"sin_dato"
1926;373;"sin_dato"
1927;373;"sin_dato"
1928;373;"sin_dato"
1929;373;"sin_dato"
1930;373;"sin_dato"
1931;127;"pdf_heuristica"
1932;57;"pdf_heuristica"
1933;373;"sin_dato"
1934;373;"sin_dato"
1935;373;"sin_dato"
1936;362;"pdf_heuristica"
1937;373;"sin_dato"
1938;373;"sin_dato"
1939;373;"sin_dato"
1940;373;"sin_dato"
1941;373;"sin_dato"
1942;373;"sin_dato"
1943;373;"sin_dato"
1944;373;"sin_dato"
1945;373;"sin_dato"
1946;373;"sin_dato"
1947;373;"sin_dato"
1948;373;"sin_dato"
1949;373;"sin_dato"
1950;167;"pdf_heuristica"
1951;373;"sin_dato"
1952;373;"sin_dato"
1953;373;"sin_dato"
1954;373;"sin_dato"
1955;53;"pdf_heuristica"
1956;373;"sin_dato"
1957;373;"sin_dato"
1958;373;"sin_dato"
1959;373;"sin_dato"
1960;373;"sin_dato"
1961;373;"sin_dato"
1962;373;"sin_dato"
1963;373;"sin_dato"
1964;373;"sin_dato"
1965;373;"sin_dato"
1966;373;"sin_dato"
1967;373;"sin_dato"
1968;373;"sin_dato"
1969;393;"pdf_heuristica"
1970;373;"sin_dato"
1971;373;"sin_dato"
1972;373;"sin_dato"
1973;111;"pdf_heuristica"
1974;373;"sin_dato"
1975;373;"sin_dato"
1976;373;"sin_dato"
1977;373;"sin_dato"
1978;373;"sin_dato"
1979;364;"pdf_heuristica"
1980;373;"sin_dato"
1981;373;"sin_dato"
1982;373;"sin_dato"
1983;373;"sin_dato"
1984;373;"sin_dato"
1985;373;"sin_dato"
1986;373;"sin_dato"
1987;373;"sin_dato"
1988;373;"sin_dato"
1989;373;"sin_dato"
1990;373;"sin_dato"
1991;373;"sin_dato"
1992;373;"sin_dato"
1993;373;"sin_dato"
1994;373;"sin_dato"
1995;373;"sin_dato"
1996;111;"pdf_heuristica"
1997;373;"sin_dato"
1998;373;"sin_dato"
1999;373;"sin_dato"
2000;373;"sin_dato"
2001;373;"sin_dato"
2002;373;"sin_dato"
2003;171;"pdf_heuristica"
2004;373;"sin_dato"
2005;373;"sin_dato"
2006;373;"sin_dato"
2007;170;"pdf_heuristica"
2008;373;"sin_dato"
2009;373;"sin_dato"
2010;373;"sin_dato"
2011;373;"sin_dato"
2012;373;"sin_dato"
2013;373;"sin_dato"
2014;373;"sin_dato"
2015;373;"sin_dato"
2016;373;"sin_dato"
2017;373;"sin_dato"
2018;456;"pdf_heuristica"
2019;373;"sin_dato"
2020;373;"sin_dato"
2021;373;"sin_dato"
2022;373;"sin_dato"
2023;373;"sin_dato"
2024;373;"sin_dato"
2025;373;"sin_dato"
2026;373;"sin_dato"
2027;373;"sin_dato"
2028;373;"sin_dato"
2029;373;"sin_dato"
2030;373;"sin_dato"
2031;373;"sin_dato"
2032;373;"sin_dato"
2033;156;"pdf_heuristica"
2034;373;"sin_dato"
2035;373;"sin_dato"
2036;373;"sin_dato"
2037;373;"sin_dato"
2038;398;"pdf_heuristica"
2039;373;"sin_dato"
2040;167;"pdf_heuristica"
2041;373;"sin_dato"
2042;373;"sin_dato"
2043;373;"sin_dato"
2044;373;"sin_dato"
2045;373;"sin_dato"
2046;373;"sin_dato"
2047;201;"pdf_heuristica"
2048;373;"sin_dato"
2049;373;"sin_dato"
2050;3;"pdf_heuristica"
2051;373;"sin_dato"
2052;373;"sin_dato"
1815;357;"override_manual"
