"pelicula_id";"genero_padre"
2;"Drama"
3;"Comedia"
4;"Ficción"
5;"Drama"
6;"Ficción"
7;"Documental"
8;"Documental"
9;"Comedia"
10;"Documental"
11;"Ficción"
12;"Documental"
13;"Comedia"
14;"Suspense"
15;"Drama"
16;"Animación"
17;"Documental"
18;"Documental"
19;"Drama"
20;"Comedia"
21;"Documental"
22;"Comedia"
23;"Documental"
24;"Documental"
25;"Documental"
26;"Drama"
27;"Documental"
28;"Tragicomedia"
29;"Documental"
30;"Experimental"
31;"Ficción"
32;"Comedia"
33;"Drama"
34;"Drama"
35;"Drama"
36;"Ficción"
37;"Documental"
38;"Documental"
39;"Drama"
40;"Documental"
41;"Arte"
42;"Drama"
43;"Drama"
44;"Documental"
45;"Comedia"
46;"Drama"
47;"Documental"
48;"Documental"
49;"Drama"
50;"Ficción"
51;"Drama"
52;"Thriller"
53;"Drama"
54;"Musical"
55;"Documental"
56;"Comedia"
57;"Documental"
58;"Documental"
59;"Costumbrista"
60;"Comedia"
61;"Documental"
62;"Social"
63;"Documental"
64;"Documental"
65;"Documental"
66;"Biográfica"
67;"Documental"
68;"Drama"
69;"Documental"
70;"Drama"
71;"Comedia"
72;"Drama"
73;"Comedia"
74;"Thriller"
75;"Drama"
76;"Documental"
77;"Drama"
78;"Documental"
79;"Drama"
80;"Animación"
81;"Drama"
82;"Ficción"
83;"Drama"
84;"Documental"
85;"Documental"
86;"Drama"
87;"Ficción"
88;"Thriller"
89;"Documental"
90;"Drama"
91;"Documental"
92;"Drama"
93;"Thriller"
94;"Comedia"
95;"Tragicomedia"
96;"Documental"
97;"Drama"
98;"Documental"
99;"Drama"
100;"Realismo social"
101;"Documental"
102;"Drama"
103;"Drama"
104;"Ficción"
105;"Terror"
106;"Biográfica"
107;"Biográfica"
108;"Biográfica"
109;"Thriller"
110;"Drama"
111;"Comedia"
112;"Documental"
113;"Documental"
114;"Creación"
115;"Documental"
116;"Road movie"
117;"Documental"
118;"Drama"
119;"Drama"
120;"Drama"
121;"Documental"
122;"Documental"
123;"Documental"
124;"Fantasía"
125;"Drama"
126;"Drama"
127;"Documental"
128;"Ficción"
129;"Histórica"
130;"Drama"
131;"Aventuras"
132;"Ficción"
133;"Drama"
134;"Thriller"
135;"Documental"
136;"Comedia"
137;"Documental"
138;"Biográfica"
139;"Biográfica"
140;"Documental"
141;"Animación"
142;"Drama"
143;"Thriller"
144;"Documental"
145;"Drama"
146;"Documental"
147;"Documental"
148;"Comedia"
149;"Documental"
150;"Documental"
151;"Terror"
152;"Documental"
154;"Ficción"
155;"Drama"
156;"Terror"
157;"Drama"
158;"Documental"
159;"Thriller"
160;"Comedia"
161;"Documental"
162;"Comedia"
163;"Documental"
164;"Documental"
165;"Comedia"
166;"Comedia"
167;"Comedia"
168;"Histórica"
169;"Drama"
170;"Documental"
171;"Drama"
172;"Documental"
173;"Documental"
174;"Drama"
175;"Terror fantastico"
176;"Documental"
177;"Drama"
178;"Experimental"
179;"Documental"
180;"Documental"
181;"Thriller"
182;"Drama"
183;"Drama"
184;"Tragicomedia"
185;"Documental"
186;"Documental"
187;"Documental"
188;"Ficción"
189;"Documental"
190;"Drama"
191;"Comedia"
192;"Drama"
193;"Drama"
194;"Documental"
195;"Drama"
196;"Documental"
197;"Documental"
198;"Ficción"
199;"Thriller"
200;"Drama"
201;"Documental"
202;"Documental"
203;"Thriller"
204;"Ciencia ficción"
205;"Drama"
206;"Documental"
207;"Documental"
208;"Drama"
209;"Experimental"
210;"Documental"
211;"Thriller"
212;"Drama"
213;"Documental"
214;"Animación"
215;"Documental"
216;"Ficción"
217;"Thriller"
218;"Documental"
219;"Documental"
220;"Ficción"
221;"Deporte"
222;"Acción"
223;"Documental"
224;"Drama"
225;"Experimental"
226;"Drama"
227;"Documental"
228;"Animación"
229;"Drama"
230;"Documental"
231;"Thriller"
232;"Documental"
233;"Terror"
234;"Documental"
235;"Documental"
236;"Comedia"
237;"Documental"
238;"Terror"
239;"Biográfica"
240;"Comedia"
241;"Documental"
242;"Documental"
243;"Comedia"
244;"Drama"
245;"Documental"
246;"Animación"
247;"Documental"
248;"Documental"
249;"Histórica"
250;"Biográfica"
251;"Thriller"
252;"Drama"
253;"Documental"
254;"Drama"
255;"Documental"
256;"Documental"
257;"Documental"
258;"Thriller"
259;"Documental"
260;"Suspense"
261;"Comedia"
262;"Comedia"
263;"Terror"
264;"Documental"
265;"Drama"
266;"Drama"
267;"Documental"
268;"Animación"
269;"Comedia"
270;"Drama"
271;"Thriller"
272;"Comedia"
273;"Drama"
274;"Drama"
275;"Comedia"
276;"Thriller"
277;"Drama"
278;"Documental"
279;"Documental"
280;"Fantasía"
281;"Comedia"
282;"Aventuras"
283;"Comedia"
284;"Comedia"
285;"Comedia"
286;"Thriller"
287;"Drama"
288;"Documental"
289;"Religiosa"
290;"Documental"
291;"Drama"
292;"Drama"
293;"Comedia"
294;"Ficción"
295;"Drama"
296;"Drama"
297;"Creación"
298;"Ficción"
299;"Histórica"
300;"Drama"
301;"Ficción"
302;"Drama"
303;"Drama"
304;"Tragicomedia"
305;"Comedia"
306;"Drama"
307;"Drama"
308;"Comedia"
309;"Aventuras"
310;"Comedia"
311;"Drama"
312;"Comedia"
313;"Documental"
314;"Comedia"
315;"Documental"
316;"Drama"
317;"Drama"
318;"Documental"
319;"Ciencia ficción"
320;"Comedia"
321;"Comedia"
322;"Documental"
323;"Comedia"
324;"Comedia"
325;"Documental"
326;"Comedia"
327;"Documental"
328;"Histórica"
329;"Thriller"
330;"Thriller"
331;"Documental"
332;"Documental"
333;"Acción"
334;"Documental"
335;"Comedia"
336;"Drama"
337;"Comedia"
338;"Drama"
339;"Documental"
340;"Thriller"
341;"Terror"
342;"Documental"
343;"Comedia"
344;"Documental"
345;"Drama"
346;"Thriller"
347;"Drama"
348;"Drama"
349;"Comedia"
350;"Drama"
351;"Thriller"
352;"Thriller"
353;"Documental"
354;"Documental"
355;"Naturaleza"
356;"Documental"
357;"Ficción"
358;"Thriller"
359;"Drama"
360;"Suspense"
361;"Histórica"
362;"Documental"
363;"Documental"
364;"Documental"
365;"Drama"
366;"Documental"
367;"Documental"
368;"Drama"
369;"Documental"
370;"Documental"
371;"Documental"
372;"Documental"
373;"Documental"
374;"Documental"
375;"Comedia"
376;"Drama"
377;"Documental"
378;"Documental"
379;"Suspense"
380;"Drama"
381;"Documental"
382;"Documental"
383;"Animación"
384;"Documental"
385;"Drama"
386;"Drama"
387;"Documental"
388;"Ficción"
389;"Drama"
390;"Drama"
391;"Comedia"
392;"Terror"
393;"Ficción"
394;"Terror"
395;"Documental"
396;"Thriller"
397;"Documental"
398;"Documental"
399;"Arte"
400;"Acción"
401;"Drama"
402;"Documental"
403;"Comedia"
404;"Drama"
405;"Documental"
406;"Drama"
407;"Costumbrista"
408;"Documental"
409;"Documental"
410;"Comedia"
411;"Comedia"
412;"Documental"
413;"Drama"
414;"Suspense"
415;"Documental"
416;"Comedia"
417;"Animación"
418;"Documental"
419;"Comedia"
420;"Drama"
421;"Drama"
422;"Documental"
423;"Comedia"
424;"Documental"
425;"Suspense"
426;"Documental"
427;"Thriller"
428;"Animación"
429;"Documental"
430;"Documental"
431;"Documental"
432;"Drama"
433;"Documental"
434;"Thriller"
435;"Drama"
436;"Comedia"
437;"Drama"
438;"Documental"
439;"Documental"
440;"Comedia"
441;"Drama"
442;"Thriller"
443;"Documental"
444;"Comedia"
445;"Drama"
446;"Documental"
447;"Comedia"
448;"Drama"
449;"Drama"
450;"Drama"
451;"Documental"
452;"Documental"
453;"Drama"
454;"Comedia"
455;"Documental"
456;"Drama"
457;"Documental"
458;"Tragicomedia"
459;"Comedia"
460;"Musical"
461;"Documental"
462;"Comedia"
463;"Documental"
464;"Thriller"
465;"Animación"
466;"Comedia"
467;"Thriller"
468;"Experimental"
469;"Histórica"
470;"Comedia"
471;"Drama"
472;"Drama"
473;"Comedia"
474;"Comedia"
475;"Animación"
476;"Drama"
477;"Drama"
478;"Documental"
479;"Comedia"
480;"Comedia"
481;"Comedia"
482;"Comedia"
483;"Documental"
484;"Drama"
485;"Drama"
486;"Documental"
487;"Comedia"
488;"Drama"
489;"Documental"
490;"Thriller"
491;"Terror"
492;"Terror"
493;"Drama"
494;"Terror"
495;"Comedia"
496;"Documental"
497;"Documental"
498;"Comedia"
499;"Comedia"
500;"Documental"
501;"Documental"
502;"Drama"
503;"Comedia"
504;"Acción"
505;"Drama"
506;"Comedia"
507;"Tragicomedia"
508;"Comedia"
509;"Comedia"
510;"Comedia"
511;"Comedia"
512;"Drama"
513;"Comedia"
514;"Documental"
515;"Documental"
516;"Terror"
517;"Thriller"
518;"Drama"
519;"Comedia"
520;"Tragicomedia"
521;"Documental"
522;"Thriller"
523;"Musical"
524;"Comedia"
525;"Romántica"
526;"Thriller"
527;"Arte"
528;"Drama"
529;"Comedia"
530;"Comedia"
531;"Ficción"
532;"Thriller"
533;"Drama"
534;"Terror"
535;"Aventuras"
536;"Drama"
537;"Drama"
538;"Documental"
539;"Documental"
540;"Documental"
541;"Documental"
542;"Documental"
543;"Documental"
544;"Drama"
545;"Terror"
546;"Documental"
547;"Comedia"
548;"Drama"
549;"Fantasía"
550;"Documental"
551;"Animación"
552;"Thriller"
553;"Drama"
554;"Comedia"
555;"Documental"
556;"Documental"
557;"Documental"
558;"Suspense"
559;"Documental"
560;"Documental"
561;"Documental"
562;"Comedia"
563;"Drama"
564;"Musical"
565;"Drama"
566;"Comedia"
567;"Documental"
568;"Ficción"
569;"Documental"
570;"Comedia"
571;"Drama"
572;"Comedia"
573;"Documental"
574;"Drama"
575;"Comedia"
576;"Comedia"
577;"Documental"
578;"Documental"
579;"Drama"
580;"Comedia"
581;"Documental"
582;"Comedia"
583;"Drama"
584;"Drama"
585;"Comedia"
586;"Acción"
587;"Documental"
588;"Documental"
589;"Drama"
590;"Thriller"
591;"Documental"
592;"Drama"
593;"Ficción"
594;"Comedia"
595;"Documental"
596;"Documental"
597;"Documental"
598;"Documental"
599;"Comedia"
600;"Comedia"
601;"Drama"
602;"Documental"
603;"Documental"
604;"Terror fantastico"
605;"Documental"
606;"Comedia"
607;"Documental"
608;"Terror fantastico"
609;"Comedia"
610;"Thriller"
611;"Documental"
612;"Drama"
613;"Documental"
614;"Drama"
615;"Ficción"
616;"Ficción"
617;"Comedia"
618;"Documental"
619;"Documental"
620;"Documental"
621;"Comedia"
622;"Documental"
623;"Drama"
624;"Ficción"
625;"Animación"
626;"Drama"
627;"Documental"
628;"Biográfica"
629;"Ficción"
630;"Drama"
631;"Documental"
632;"Documental"
633;"Documental"
634;"Drama"
635;"Documental"
636;"Drama"
637;"Comedia"
638;"Documental"
639;"Comedia"
640;"Documental"
641;"Acción"
642;"Drama"
643;"Comedia"
644;"Thriller"
645;"Documental"
646;"Creación"
647;"Comedia"
648;"Drama"
649;"Drama"
650;"Drama"
651;"Terror"
652;"Drama"
653;"Thriller"
654;"Comedia"
655;"Comedia"
656;"Suspense"
657;"Comedia"
658;"Musical"
659;"Drama"
660;"Animación"
661;"Thriller"
662;"Ficción"
663;"Documental"
664;"Comedia"
665;"Drama"
666;"Drama"
667;"Drama"
668;"Ficción"
669;"Documental"
670;"Thriller"
671;"Drama"
672;"Documental"
673;"Biográfica"
674;"Comedia"
675;"Drama"
676;"Documental"
677;"Documental"
678;"Drama"
679;"Drama"
680;"Drama"
681;"Documental"
682;"Biográfica"
683;"Documental"
684;"Documental"
685;"Drama"
686;"Biográfica"
687;"Comedia"
688;"Comedia"
689;"Documental"
690;"Documental"
691;"Documental"
692;"Thriller"
693;"Documental"
694;"Acción"
695;"Documental"
696;"Documental"
697;"Documental"
698;"Documental"
699;"Drama"
700;"Deporte"
701;"Documental"
702;"Comedia"
703;"Documental"
704;"Documental"
705;"Documental"
706;"Documental"
707;"Drama"
708;"Comedia"
709;"Biográfica"
710;"Thriller"
711;"Comedia"
712;"Documental"
713;"Comedia"
714;"Drama"
715;"Ficción"
716;"Ficción"
717;"Aventuras"
718;"Documental"
719;"Documental"
720;"Tragicomedia"
721;"Documental"
722;"Documental"
723;"Comedia"
724;"Música moderna conciertos"
725;"Drama"
726;"Documental"
727;"Comedia"
728;"Animación"
729;"Drama"
730;"Aventuras"
731;"Animación"
732;"Infantil"
733;"Documental"
734;"Documental"
735;"Drama"
736;"Comedia"
737;"Fantasía"
738;"Biográfica"
739;"Drama"
740;"Musical"
741;"Documental"
742;"Drama"
743;"Documental"
744;"Documental"
745;"Drama"
746;"Acción"
747;"Thriller"
748;"Documental"
749;"Documental"
750;"Biográfica"
751;"Documental"
752;"Biográfica"
753;"Drama"
754;"Drama"
755;"Thriller"
756;"Documental"
757;"Musical"
758;"Documental"
759;"Terror fantastico"
760;"Drama"
761;"Comedia"
762;"Experimental"
763;"Documental"
764;"Aventuras"
765;"Comedia"
766;"Ficción"
767;"Drama"
768;"Documental"
769;"Documental"
770;"Documental"
771;"Comedia"
772;"Comedia"
773;"Documental"
774;"Aventuras"
775;"Documental"
776;"Comedia"
777;"Thriller"
778;"Documental"
779;"Romántica"
780;"Comedia"
781;"Animación"
782;"Ciencia ficción"
783;"Comedia"
784;"Drama"
785;"Comedia"
786;"Comedia"
787;"Comedia"
788;"Terror"
789;"Social"
790;"Drama"
791;"Comedia"
792;"Thriller"
793;"Drama"
794;"Histórica"
795;"Drama"
796;"Adolescentes"
797;"Animación"
798;"Documental"
799;"Ficción"
800;"Drama"
801;"Drama"
802;"Documental"
803;"Documental"
804;"Documental"
805;"Documental"
806;"Drama"
807;"Drama"
808;"Drama"
809;"Drama"
810;"Documental"
811;"Documental"
812;"Documental"
813;"Acción"
814;"Distopía"
815;"Acción"
816;"Animación"
817;"Documental"
818;"Comedia"
819;"Comedia"
820;"Documental"
821;"Documental"
822;"Comedia"
823;"Comedia"
824;"Terror"
825;"Histórica"
826;"Documental"
828;"Documental"
829;"Drama"
830;"Documental"
831;"Comedia"
832;"Documental"
833;"Drama"
834;"Drama"
835;"Drama"
836;"Ficción"
837;"Drama"
838;"Documental"
839;"Ficción"
840;"Drama"
841;"Ficción"
842;"Documental"
843;"Documental"
844;"Comedia"
845;"Drama"
846;"Ficción"
847;"Documental"
848;"Histórica"
849;"Comedia"
850;"Documental"
851;"Documental"
852;"Ficción"
853;"Documental"
854;"Documental"
855;"Documental"
856;"Documental"
857;"Thriller"
858;"Drama"
859;"Documental"
860;"Documental"
861;"Documental"
862;"Aventuras"
863;"Drama"
864;"Aventuras"
865;"Comedia"
866;"Documental"
867;"Experimental"
868;"Drama"
869;"Documental"
870;"Ficción"
871;"Drama"
872;"Documental"
873;"Drama"
874;"Ficción"
875;"Documental"
876;"Documental"
877;"Documental"
878;"Documental"
879;"Documental"
880;"Comedia"
881;"Documental"
882;"Documental"
883;"Drama"
884;"Comedia"
885;"Drama"
886;"Documental"
887;"Ficción"
888;"Ficción"
889;"Comedia"
890;"Biográfica"
891;"Thriller"
892;"Drama"
893;"Documental"
894;"Comedia"
895;"Documental"
896;"Drama"
897;"Drama"
898;"Drama"
899;"Documental"
900;"Documental"
901;"Aventuras"
902;"Drama"
903;"Thriller"
904;"Documental"
905;"Documental"
906;"Documental"
907;"Drama"
908;"Drama"
909;"Ficción"
910;"Drama"
911;"Documental"
912;"Documental"
913;"Documental"
914;"Ficción"
915;"Documental"
916;"Drama"
917;"Documental"
918;"Documental"
919;"Documental"
920;"Documental"
921;"Documental"
922;"Documental"
923;"Animación"
924;"Comedia"
925;"Drama"
926;"Documental"
927;"Drama"
928;"Documental"
929;"Documental"
930;"Drama"
931;"Documental"
932;"Drama"
933;"Drama"
934;"Drama"
935;"Documental"
936;"Documental"
937;"Documental"
938;"Documental"
939;"Biográfica"
940;"Documental"
941;"Thriller"
942;"Aventuras"
943;"Documental"
944;"Aventuras"
945;"Documental"
946;"Documental"
947;"Ficción"
948;"Comedia"
949;"Thriller"
950;"Documental"
951;"Documental"
952;"Thriller"
953;"Drama"
954;"Comedia"
955;"Ficción"
956;"Comedia"
957;"Experimental"
958;"Documental"
959;"Comedia"
960;"Animación"
961;"Experimental"
962;"Documental"
963;"Documental"
964;"Comedia"
965;"Documental"
966;"Thriller"
967;"Documental"
968;"Drama"
969;"Documental"
970;"Drama"
971;"Drama"
972;"Ficción"
973;"Documental"
974;"Documental"
975;"Thriller"
976;"Documental"
977;"Documental"
978;"Terror"
979;"Documental"
980;"Ficción"
981;"Comedia"
982;"Documental"
983;"Animación"
984;"Comedia"
985;"Documental"
986;"Comedia"
987;"Documental"
988;"Documental"
989;"Aventuras"
990;"Ficción"
991;"Terror"
992;"Documental"
993;"Drama"
994;"Documental"
995;"Investigacion"
996;"Ficción"
997;"Documental"
998;"Documental"
999;"Thriller"
1000;"Deporte"
1001;"Drama"
1002;"Thriller"
1003;"Drama"
1004;"Drama"
1005;"Documental"
1006;"Ficción"
1007;"Documental"
1008;"Ficción"
1009;"Drama"
1010;"Ficción"
1011;"Documental"
1012;"Documental"
1013;"Documental"
1014;"Comedia"
1015;"Comedia"
1016;"Drama"
1017;"Documental"
1018;"Drama"
1019;"Drama"
1020;"Drama"
1021;"Documental"
1022;"Ficción"
1023;"Drama"
1024;"Thriller"
1025;"Documental"
1026;"Documental"
1027;"Documental"
1028;"Documental"
1029;"Biográfica"
1030;"Documental"
1031;"Musical"
1032;"Ficción"
1033;"Ficción"
1034;"Drama"
1035;"Experimental"
1036;"Documental"
1037;"Ficción"
1038;"Documental"
1039;"Histórica"
1040;"Ficción"
1041;"Documental"
1042;"Documental"
1043;"Documental"
1044;"Comedia"
1045;"Drama"
1046;"Documental"
1047;"Drama"
1048;"Comedia"
1049;"Documental"
1050;"Comedia"
1051;"Biográfica"
1052;"Drama"
1053;"Documental"
1054;"Drama"
1055;"Documental"
1056;"Infantil"
1057;"Arte"
1058;"Drama"
1059;"Drama"
1060;"Drama"
1061;"Drama"
1062;"Drama"
1063;"Documental"
1064;"Fantasía"
1065;"Ficción"
1066;"Documental"
1067;"Documental"
1068;"Comedia"
1069;"Terror"
1070;"Ficción"
1071;"Drama"
1072;"Documental"
1073;"Ficción"
1074;"Ficción"
1075;"Experimental"
1076;"Drama"
1077;"Documental"
1078;"Documental"
1079;"Drama"
1080;"Ficción"
1081;"Drama"
1082;"Documental"
1083;"Animación"
1084;"Comedia"
1085;"Documental"
1086;"Thriller"
1087;"Documental"
1088;"Drama"
1089;"Documental"
1090;"Documental"
1091;"Ficción"
1092;"Ficción"
1093;"Documental"
1094;"Documental"
1095;"Acción"
1096;"Drama"
1097;"Documental"
1098;"Documental"
1099;"Documental"
1100;"Ficción"
1101;"Documental"
1102;"Drama"
1103;"Documental"
1104;"Documental"
1105;"Drama"
1106;"Comedia"
1107;"Drama"
1108;"Documental"
1109;"Drama"
1110;"Ficción"
1111;"Documental"
1112;"Biográfica"
1114;"Comedia"
1115;"Romántica"
1116;"Comedia"
1117;"Documental"
1118;"Ficción"
1119;"Documental"
1120;"Drama"
1121;"Documental"
1122;"Documental"
1123;"Documental"
1124;"Drama"
1125;"Documental"
1126;"Drama"
1127;"Western"
1128;"Drama"
1129;"Drama"
1130;"Documental"
1131;"Drama"
1132;"Experimental"
1133;"Documental"
1134;"Documental"
1135;"Documental"
1136;"Terror"
1137;"Comedia"
1138;"Ficción"
1139;"Drama"
1140;"Thriller"
1141;"Documental"
1142;"Comedia"
1143;"Documental"
1144;"Documental"
1145;"Drama"
1146;"Ficción"
1147;"Documental"
1148;"Suspense"
1149;"Experimental"
1150;"Ficción"
1151;"Musical"
1152;"Drama"
1153;"Terror fantastico"
1154;"Documental"
1155;"Animación"
1156;"Thriller"
1157;"Drama"
1158;"Documental"
1159;"Documental"
1160;"Documental"
1161;"Experimental"
1162;"Comedia"
1163;"Documental"
1164;"Thriller"
1165;"Drama"
1166;"Documental"
1167;"Documental"
1168;"Thriller"
1169;"Documental"
1170;"Documental"
1171;"Drama"
1172;"Tragicomedia"
1173;"Drama"
1174;"Ficción"
1175;"Documental"
1176;"Documental"
1177;"Documental"
1178;"Comedia"
1179;"Drama"
1180;"Comedia"
1181;"Documental"
1182;"Thriller"
1183;"Comedia"
1184;"Tragicomedia"
1185;"Drama"
1186;"Thriller"
1187;"Aventuras"
1188;"Drama"
1189;"Documental"
1190;"Documental"
1191;"Comedia"
1192;"Documental"
1193;"Drama"
1194;"Documental"
1195;"Documental"
1196;"Ficción"
1197;"Drama"
1198;"Drama"
1199;"Animación"
1200;"Comedia"
1201;"Ficción"
1202;"Documental"
1203;"Documental"
1204;"Thriller"
1205;"Documental"
1206;"Terror"
1207;"Comedia"
1208;"Ficción"
1209;"Animación"
1210;"Ficción"
1211;"Comedia"
1212;"Terror"
1213;"Documental"
1214;"Documental"
1215;"Musical"
1216;"Drama"
1217;"Drama"
1218;"Comedia"
1219;"Comedia"
1220;"Drama"
1221;"Animación"
1222;"Documental"
1223;"Documental"
1224;"Documental"
1225;"Documental"
1226;"Drama"
1227;"Thriller"
1228;"Drama"
1229;"Documental"
1230;"Thriller"
1231;"Biográfica"
1232;"Drama"
1233;"Drama"
1234;"Comedia"
1235;"Documental"
1236;"Arte"
1237;"Comedia"
1238;"Documental"
1239;"Documental"
1240;"Drama"
1241;"Documental"
1242;"Aventuras"
1243;"Thriller"
1244;"Comedia"
1245;"Comedia"
1246;"Drama"
1247;"Drama"
1248;"Aventuras"
1249;"Drama"
1250;"Drama"
1251;"Drama"
1252;"Documental"
1253;"Documental"
1254;"Drama"
1255;"Drama"
1256;"Acción"
1257;"Documental"
1258;"Documental"
1259;"Terror"
1260;"Acción"
1261;"Biográfica"
1262;"Drama"
1263;"Documental"
1264;"Thriller"
1265;"Drama"
1266;"Drama"
1267;"Drama"
1268;"Ciencia ficción"
1269;"Drama"
1270;"Documental"
1271;"Comedia"
1272;"Comedia"
1273;"Comedia"
1274;"Tragicomedia"
1275;"Comedia"
1276;"Thriller"
1277;"Thriller"
1278;"Drama"
1279;"Documental"
1280;"Drama"
1281;"Documental"
1282;"Drama"
1283;"Documental"
1284;"Animación"
1285;"Drama"
1286;"Comedia"
1287;"Documental"
1288;"Animación"
1289;"Drama"
1290;"Drama"
1291;"Drama"
1292;"Comedia"
1293;"Documental"
1294;"Ficción"
1295;"Comedia"
1296;"Drama"
1297;"Aventuras"
1298;"Documental"
1299;"Documental"
1300;"Documental"
1301;"Ficción"
1302;"Ficción"
1303;"Drama"
1304;"Romántica"
1305;"Documental"
1306;"Comedia"
1307;"Documental"
1308;"Drama"
1309;"Documental"
1310;"Drama"
1311;"Documental"
1312;"Drama"
1313;"Documental"
1314;"Educación medioambiental"
1315;"Drama"
1316;"Documental"
1317;"Documental"
1318;"Ficción"
1319;"Documental"
1320;"Drama"
1321;"Documental"
1322;"Documental"
1323;"Comedia"
1324;"Drama"
1325;"Drama"
1326;"Thriller"
1327;"Ciencia ficción"
1328;"Documental"
1329;"Drama"
1330;"Documental"
1331;"Drama"
1332;"Drama"
1333;"Comedia"
1334;"Documental"
1335;"Comedia"
1336;"Documental"
1337;"Comedia"
1338;"Cultura y espectáculos"
1339;"Documental"
1340;"Comedia"
1341;"Acción"
1342;"Documental"
1343;"Drama"
1344;"Musical"
1345;"Comedia"
1346;"Fantasía"
1347;"Comedia"
1348;"Documental"
1349;"Drama"
1350;"Ficción"
1351;"Documental"
1352;"Drama"
1353;"Documental"
1354;"Ficción"
1355;"Documental"
1356;"Drama"
1357;"Drama"
1358;"Drama"
1359;"Ficción"
1360;"Thriller"
1361;"Terror"
1362;"Drama"
1363;"Documental"
1364;"Documental"
1365;"Documental"
1366;"Drama"
1367;"Comedia"
1368;"Documental"
1369;"Drama"
1370;"Documental"
1371;"Drama"
1372;"Documental"
1373;"Comedia"
1374;"Documental"
1375;"Documental"
1376;"Animación"
1377;"Ficción"
1378;"Documental"
1379;"Comedia"
1380;"Comedia"
1381;"Ficción"
1382;"Documental"
1383;"Documental"
1384;"Documental"
1385;"Tragicomedia"
1386;"Documental"
1387;"Animación"
1388;"Drama"
1389;"Experimental"
1390;"Documental"
1391;"Drama"
1392;"Comedia"
1393;"Documental"
1394;"Ficción"
1395;"Documental"
1396;"Drama"
1397;"Ficción"
1398;"Documental"
1399;"Tragicomedia"
1400;"Documental"
1401;"Drama"
1402;"Tragicomedia"
1403;"Fantasía"
1404;"Documental"
1405;"Drama"
1406;"Drama"
1407;"Comedia"
1408;"Comedia"
1409;"Documental"
1410;"Documental"
1411;"Drama"
1412;"Ciencia ficción"
1413;"Drama"
1414;"Biográfica"
1415;"Drama"
1416;"Documental"
1417;"Ciencia ficción"
1418;"Drama"
1419;"Drama"
1420;"Documental"
1421;"Documental"
1422;"Documental"
1423;"Drama"
1424;"Comedia"
1425;"Comedia"
1426;"Documental"
1427;"Documental"
1428;"Documental"
1429;"Drama"
1430;"Documental"
1431;"Drama"
1432;"Documental"
1433;"Comedia"
1434;"Documental"
1435;"Drama"
1436;"Documental"
1437;"Drama"
1438;"Documental"
1439;"Drama"
1440;"Animación"
1441;"Fantasía"
1442;"Thriller"
1443;"Thriller"
1444;"Musical"
1445;"Documental"
1446;"Documental"
1447;"Documental"
1448;"Familiar"
1449;"Animación"
1450;"Suspense"
1451;"Drama"
1452;"Drama"
1453;"Animación"
1454;"Animación"
1455;"Documental"
1456;"Ficción"
1457;"Drama"
1458;"Ficción"
1459;"Tragicomedia"
1460;"Drama"
1461;"Documental"
1462;"Thriller"
1463;"Drama"
1464;"Biográfica"
1465;"Documental"
1466;"Documental"
1467;"Thriller"
1468;"Documental"
1469;"Documental"
1470;"Comedia"
1471;"Documental"
1472;"Documental"
1473;"Drama"
1474;"Documental"
1475;"Comedia"
1476;"Infantil"
1477;"Experimental"
1478;"Documental"
1479;"Drama"
1480;"Documental"
1481;"Documental"
1482;"Comedia"
1483;"Thriller"
1484;"Drama"
1485;"Drama"
1486;"Drama"
1487;"Comedia"
1488;"Ficción"
1489;"Ficción"
1490;"Documental"
1491;"Experimental"
1492;"Documental"
1493;"Drama"
1494;"Drama"
1495;"Documental"
1496;"Aventuras"
1497;"Documental"
1498;"Ficción"
1499;"Documental"
1500;"Drama"
1501;"Drama"
1502;"Drama"
1503;"Drama"
1504;"Documental"
1505;"Ficción"
1506;"Drama"
1507;"Comedia"
1508;"Drama"
1509;"Ficción"
1510;"Documental"
1511;"Drama"
1512;"Comedia"
1513;"Comedia"
1514;"Thriller"
1515;"Drama"
1516;"Documental"
1517;"Comedia"
1518;"Documental"
1519;"Drama"
1520;"Comedia"
1521;"Documental"
1522;"Drama"
1523;"Ficción"
1524;"Comedia"
1525;"Documental"
1526;"Ficción"
1527;"Documental"
1528;"Drama"
1529;"Drama"
1530;"Documental"
1531;"Drama"
1532;"Documental"
1533;"Documental"
1534;"Comedia"
1535;"Comedia"
1536;"Drama"
1537;"Biográfica"
1538;"Drama"
1539;"Comedia"
1540;"Ficción"
1541;"Drama"
1542;"Documental"
1543;"Documental"
1544;"Drama"
1545;"Ficción"
1546;"Documental"
1547;"Comedia"
1548;"Drama"
1549;"Animación"
1550;"Thriller"
1551;"Documental"
1552;"Drama"
1553;"Drama"
1554;"Documental"
1555;"Histórica"
1556;"Thriller"
1557;"Thriller"
1558;"Drama"
1559;"Musical"
1560;"Documental"
1561;"Documental"
1562;"Documental"
1563;"Drama"
1564;"Documental"
1565;"Drama"
1566;"Documental"
1567;"Drama"
1568;"Thriller"
1569;"Documental"
1570;"Drama"
1571;"Acción"
1572;"Documental"
1573;"Documental"
1574;"Drama"
1575;"Drama"
1576;"Documental"
1577;"Ficción"
1578;"Drama"
1579;"Drama"
1580;"Documental"
1581;"Drama"
1582;"Drama"
1583;"Animación"
1584;"Ficción"
1585;"Documental"
1586;"Thriller"
1587;"Documental"
1588;"Comedia"
1589;"Documental"
1590;"Documental"
1591;"Drama"
1592;"Documental"
1593;"Ciencia ficción"
1594;"Ficción"
1595;"Drama"
1596;"Drama"
1597;"Ficción"
1598;"Drama"
1599;"Comedia"
1600;"Drama"
1601;"Ciencia ficción"
1602;"Comedia"
1603;"Documental"
1604;"Musical"
1605;"Experimental"
1606;"Comedia"
1607;"Comedia"
1608;"Drama"
1609;"Experimental"
1610;"Documental"
1611;"Thriller"
1612;"Documental"
1613;"Drama"
1614;"Drama"
1615;"Documental"
1616;"Comedia"
1617;"Drama"
1618;"Thriller"
1619;"Terror"
1620;"Documental"
1621;"Documental"
1622;"Terror"
1623;"Documental"
1624;"Drama"
1625;"Comedia"
1626;"Ficción"
1627;"Animación"
1628;"Documental"
1629;"Drama"
1630;"Documental"
1631;"Documental"
1632;"Comedia"
1633;"Drama"
1634;"Animación"
1635;"Documental"
1636;"Documental"
1637;"Thriller"
1638;"Drama"
1639;"Thriller"
1640;"Comedia"
1641;"Drama"
1642;"Documental"
1643;"Drama"
1644;"Documental"
1645;"Comedia"
1646;"Ficción"
1647;"Comedia"
1648;"Experimental"
1649;"Drama"
1650;"Drama"
1651;"Documental"
1652;"Ficción"
1653;"Drama"
1654;"Animación"
1655;"Comedia"
1656;"Histórica"
1657;"Thriller"
1658;"Documental"
1659;"Fantasía"
1660;"Thriller"
1661;"Documental"
1662;"Drama"
1663;"Documental"
1664;"Thriller"
1665;"Drama"
1666;"Ficción"
1667;"Documental"
1668;"Arte"
1669;"Experimental"
1670;"Drama"
1671;"Ficción"
1672;"Drama"
1673;"Documental"
1674;"Thriller"
1675;"Comedia"
1676;"Drama"
1677;"Drama"
1678;"Drama"
1679;"Documental"
1680;"Thriller"
1681;"Documental"
1682;"Musical"
1683;"Drama"
1684;"Drama"
1685;"Comedia"
1686;"Thriller"
1687;"Documental"
1688;"Drama"
1689;"Comedia"
1690;"Experimental"
1691;"Documental"
1692;"Ficción"
1693;"Western"
1694;"Documental"
1695;"Drama"
1696;"Drama"
1697;"Documental"
1698;"Comedia"
1699;"Drama"
1700;"Tragicomedia"
1701;"Documental"
1702;"Animación"
1703;"Documental"
1704;"Drama"
1705;"Documental"
1706;"Ficción"
1707;"Drama"
1708;"Acción"
1709;"Documental"
1710;"Documental"
1711;"Drama"
1712;"Documental"
1713;"Thriller"
1714;"Comedia"
1715;"Documental"
1716;"Documental"
1717;"Thriller"
1718;"Drama"
1719;"Costumbrista"
1720;"Documental"
1721;"Documental"
1722;"Documental"
1723;"Creación"
1724;"Road movie"
1725;"Documental"
1726;"Documental"
1727;"Documental"
1728;"Drama"
1729;"Biográfica"
1730;"Documental"
1731;"Documental"
1732;"Drama"
1733;"Documental"
1734;"Drama"
1735;"Documental"
1736;"Biográfica"
1737;"Experimental"
1738;"Experimental"
1739;"Social"
1740;"Drama"
1741;"Ficción"
1742;"Documental"
1743;"Thriller"
1744;"Ficción"
1745;"Comedia"
1746;"Drama"
1747;"Documental"
1748;"Drama"
1749;"Drama"
1750;"Documental"
1751;"Documental"
1752;"Ficción"
1753;"Drama"
1754;"Biográfica"
1755;"Drama"
1756;"Documental"
1757;"Comedia"
1758;"Documental"
1759;"Documental"
1760;"Documental"
1761;"Documental"
1762;"Tragicomedia"
1763;"Experimental"
1764;"Thriller"
1765;"Drama"
1766;"Documental"
1767;"Documental"
1768;"Ficción"
1769;"Comedia"
1770;"Documental"
1771;"Comedia"
1772;"Documental"
1773;"Documental"
1774;"Arte"
1775;"Biográfica"
1776;"Comedia"
1777;"Comedia"
1778;"Ficción"
1779;"Drama"
