"pelicula_id";"empresa_id";"pais_id";"porcentaje_empresa"
2;1257;17.0;98.5
2;1320;17.0;1.5
2;1259;21.0;""
2;1138;26.0;""
3;154;17.0;100.0
4;963;17.0;100.0
5;2258;17.0;100.0
6;1572;17.0;100.0
6;743;26.0;""
6;1361;21.0;""
7;1269;17.0;80.0
7;790;17.0;20.0
8;1235;17.0;100.0
9;1860;17.0;100.0
10;794;17.0;66.53
10;513;17.0;4.96
10;1673;17.0;28.51
11;2077;17.0;100.0
11;632;26.0;""
12;131;17.0;50.0
12;118;17.0;30.0
12;1990;17.0;10.0
12;59;17.0;10.0
13;1126;17.0;50.0
13;733;17.0;50.0
13;174;40.0;""
14;978;17.0;100.0
15;1972;17.0;70.0
15;1201;17.0;10.0
15;576;17.0;10.0
15;2279;17.0;10.0
16;365;17.0;99.0
16;822;17.0;0.4
16;1846;17.0;0.4
16;1591;17.0;0.2
16;1463;3.0;""
16;214;3.0;""
16;1245;3.0;""
16;941;3.0;""
16;1168;3.0;""
17;1357;17.0;94.05
17;511;17.0;5.95
18;960;17.0;100.0
19;1948;17.0;75.0
19;58;17.0;25.0
20;227;17.0;75.0
20;1743;17.0;5.0
20;1354;17.0;20.0
21;1485;17.0;100.0
22;1756;17.0;100.0
23;212;17.0;5.0
23;1210;17.0;47.5
23;1527;17.0;47.5
24;1489;17.0;100.0
25;831;17.0;100.0
26;288;17.0;99.0
26;1263;17.0;0.6
26;740;17.0;0.4
27;2081;17.0;80.0
27;169;17.0;20.0
28;1809;17.0;99.0
28;2175;17.0;0.4
28;1515;17.0;0.4
28;1905;17.0;0.1
28;2180;17.0;0.1
28;1261;8.0;""
29;225;17.0;100.0
30;989;17.0;75.0
30;307;17.0;25.0
31;629;17.0;100.0
33;1932;17.0;99.0
33;788;17.0;1.0
33;2050;28.0;""
33;1182;21.0;""
34;299;17.0;90.0
34;954;17.0;7.0
34;371;17.0;3.0
35;930;17.0;60.0
35;1334;17.0;20.0
35;1759;17.0;20.0
36;569;17.0;100.0
37;219;17.0;36.56
37;1777;17.0;35.8
37;1939;17.0;27.64
38;690;17.0;80.0
38;689;17.0;20.0
39;1377;17.0;99.0
39;912;17.0;0.338
39;371;17.0;0.337
39;971;17.0;0.25
39;1078;17.0;0.075
40;795;17.0;42.5
40;1132;17.0;42.5
40;1845;17.0;15.0
41;1842;17.0;100.0
42;1479;17.0;99.0
42;1178;17.0;0.34
42;1541;17.0;0.33
42;912;17.0;0.23
42;268;17.0;0.1
43;1235;17.0;45.0
43;626;17.0;22.5
43;532;17.0;21.5
43;1673;17.0;10.0
43;273;17.0;1.0
44;318;17.0;100.0
45;1126;17.0;100.0
46;2183;17.0;100.0
46;274;45.0;""
47;975;17.0;99.5
47;1953;17.0;0.5
48;392;17.0;100.0
49;2088;17.0;50.0
49;2089;17.0;50.0
49;1666;37.0;""
50;2245;3.0;""
50;1746;17.0;100.0
51;2040;17.0;100.0
51;1382;21.0;""
52;2172;17.0;40.0
52;333;17.0;32.0
52;1226;17.0;28.0
53;1775;17.0;100.0
53;1092;21.0;""
54;1678;17.0;100.0
55;1295;17.0;92.63
55;1869;17.0;7.37
56;1514;17.0;99.0
56;989;17.0;0.5
56;2264;17.0;0.5
56;1461;33.0;""
56;2064;33.0;""
57;2049;17.0;100.0
58;3;17.0;80.11
58;511;17.0;19.89
59;1583;17.0;100.0
60;2265;17.0;100.0
61;298;17.0;63.3
61;514;17.0;36.7
62;1879;17.0;100.0
63;600;17.0;100.0
64;1614;17.0;65.0
64;811;17.0;35.0
65;2175;17.0;99.0
65;1191;17.0;1.0
66;1081;17.0;99.0
66;1082;17.0;0.33
66;2019;17.0;0.33
66;1288;17.0;0.33
67;318;17.0;100.0
68;522;17.0;30.0
68;1625;17.0;25.0
68;858;17.0;25.0
68;2006;17.0;10.0
68;991;17.0;10.0
69;799;17.0;55.0
69;1583;17.0;45.0
70;1047;17.0;100.0
71;584;17.0;75.0
71;2130;17.0;25.0
72;2019;17.0;50.0
72;273;17.0;17.5
72;626;17.0;17.5
72;1082;17.0;15.0
73;1302;17.0;50.0
73;249;17.0;50.0
74;368;17.0;65.0
74;429;17.0;35.0
75;2257;17.0;50.0
75;203;17.0;40.0
75;191;17.0;10.0
75;1099;21.0;""
76;2242;17.0;80.0
76;784;17.0;20.0
77;910;17.0;90.0
77;1126;17.0;10.0
78;1835;17.0;50.0
78;1545;17.0;50.0
79;1922;17.0;100.0
80;1874;17.0;90.99
80;513;17.0;3.15
80;510;17.0;1.76
80;331;17.0;1.76
80;481;17.0;1.17
80;1053;17.0;1.17
80;1102;21.0;""
80;1520;21.0;""
80;1469;8.0;""
80;1688;8.0;""
81;1966;17.0;50.0
81;1943;17.0;33.0
81;1070;17.0;17.0
82;2102;17.0;50.0
82;510;17.0;50.0
83;1671;17.0;100.0
84;1032;17.0;85.0
84;2249;17.0;15.0
85;1709;17.0;100.0
86;675;17.0;60.0
86;626;17.0;40.0
87;1600;17.0;100.0
88;1320;17.0;100.0
89;2015;17.0;35.0
89;550;17.0;35.0
89;2126;17.0;30.0
90;686;17.0;90.0
90;808;17.0;6.5
90;954;17.0;3.5
92;66;17.0;51.0
92;1108;17.0;47.0
92;1943;17.0;1.0
92;945;17.0;1.0
92;868;21.0;""
93;586;17.0;60.0
93;944;17.0;40.0
94;57;17.0;100.0
95;2122;17.0;100.0
96;1678;17.0;69.3
96;514;17.0;30.7
97;1675;17.0;90.0
97;1673;17.0;10.0
98;489;17.0;100.0
99;647;17.0;99.0
99;28;17.0;0.5
99;494;17.0;0.5
100;961;17.0;100.0
101;1911;17.0;100.0
102;1126;17.0;100.0
102;231;21.0;""
103;1800;17.0;100.0
103;139;27.0;""
103;1962;27.0;""
104;267;17.0;100.0
105;136;17.0;100.0
106;2066;26.0;""
106;786;17.0;100.0
106;448;21.0;""
107;1601;17.0;100.0
108;1129;17.0;100.0
109;1775;17.0;80.68
109;1250;17.0;19.16
110;1861;17.0;100.0
110;1873;33.0;""
110;688;33.0;""
111;1546;17.0;69.0
111;257;17.0;30.0
111;1835;17.0;0.5
111;1545;17.0;0.5
111;630;26.0;""
112;223;17.0;100.0
113;318;17.0;100.0
114;143;17.0;100.0
115;569;17.0;50.0
115;1166;17.0;50.0
116;579;17.0;50.0
116;2040;17.0;25.0
116;1217;17.0;25.0
117;1410;17.0;100.0
117;1986;21.0;""
118;1057;17.0;99.0
118;1072;17.0;0.5
118;28;17.0;0.5
119;970;17.0;99.0
119;971;17.0;0.5
119;2175;17.0;0.4
119;2180;17.0;0.1
119;747;18.0;""
120;1551;17.0;100.0
120;1510;3.0;""
120;1474;21.0;""
120;1193;10.0;""
121;1990;17.0;100.0
122;1821;17.0;79.34
122;1649;17.0;20.66
122;278;25.0;""
122;1959;28.0;""
123;540;17.0;90.0
123;311;17.0;10.0
124;1489;17.0;95.37
124;654;17.0;4.63
125;131;17.0;50.0
125;1436;17.0;50.0
126;394;17.0;90.0
126;1561;17.0;10.0
127;212;17.0;70.0
127;1952;17.0;30.0
128;2020;17.0;50.0
128;1223;17.0;50.0
129;1216;17.0;35.0
129;1224;17.0;35.0
129;742;17.0;20.0
129;1847;17.0;10.0
130;1561;17.0;50.0
130;141;17.0;50.0
131;1030;17.0;100.0
132;450;17.0;100.0
133;2078;17.0;50.0
133;580;17.0;50.0
134;1598;17.0;80.0
134;152;17.0;20.0
135;1357;17.0;44.6
135;1587;17.0;44.6
135;257;17.0;10.8
136;1864;17.0;50.0
136;1861;17.0;50.0
137;359;17.0;50.0
137;1996;17.0;50.0
138;263;14.0;""
138;127;17.0;100.0
139;1414;17.0;5.0
139;2117;17.0;5.0
139;128;17.0;48.48
139;514;17.0;31.52
139;1468;17.0;10.0
139;2084;14.0;""
140;884;17.0;100.0
141;1205;17.0;97.0
141;39;17.0;1.0
141;823;17.0;1.0
141;1980;17.0;1.0
141;1717;40.0;""
142;119;17.0;92.3
142;1291;17.0;7.0
142;153;17.0;0.25
142;2107;17.0;0.25
142;1410;17.0;0.1
142;777;17.0;0.1
142;1723;1.0;""
143;813;17.0;99.0
143;1549;17.0;0.7
143;1798;17.0;0.2
143;1592;17.0;0.1
143;527;3.0;""
144;1425;17.0;60.85
144;420;17.0;26.21
144;47;17.0;12.94
144;1934;40.0;""
145;1999;17.0;100.0
146;1750;17.0;100.0
147;1777;17.0;8.7
147;552;17.0;43.82
147;1620;17.0;22.82
147;1619;17.0;13.7
147;553;17.0;10.96
148;2033;17.0;100.0
149;456;17.0;100.0
150;1441;17.0;100.0
151;1521;17.0;99.5
151;2181;17.0;0.25
151;188;17.0;0.25
152;1805;17.0;100.0
154;1007;17.0;0.0
154;732;17.0;0.0
155;140;17.0;99.5
155;1019;17.0;0.25
155;43;17.0;0.25
156;708;17.0;98.0
156;191;17.0;2.0
157;379;17.0;100.0
158;2208;17.0;66.95
158;1776;17.0;33.05
159;1367;17.0;10.0
160;151;17.0;97.0
160;1106;17.0;1.0
160;257;17.0;1.0
160;1936;17.0;1.0
161;3;17.0;100.0
161;1338;19.0;""
162;1556;17.0;83.0
162;2172;17.0;15.0
162;514;17.0;1.0
162;769;17.0;0.8
162;589;17.0;0.2
163;1111;17.0;100.0
164;2162;17.0;98.0
164;76;17.0;1.4
164;1551;17.0;0.6
165;257;17.0;50.0
165;2067;17.0;48.0
165;1087;17.0;1.0
165;1088;17.0;1.0
166;1194;17.0;90.0
166;2255;17.0;10.0
167;65;17.0;99.9
167;2169;17.0;0.1
167;323;18.0;""
167;968;18.0;""
169;1504;17.0;50.0
169;847;17.0;50.0
170;1440;17.0;100.0
171;138;17.0;99.0
171;1983;17.0;0.5
171;954;17.0;0.2
171;722;17.0;0.16
171;28;17.0;0.1
171;356;17.0;0.04
172;1821;17.0;80.0
172;1649;17.0;20.0
173;1601;17.0;99.0
173;2174;17.0;1.0
174;798;17.0;99.0
174;206;17.0;0.75
174;2239;17.0;0.25
174;2191;21.0;""
175;810;17.0;99.9
175;971;17.0;0.045
175;926;17.0;0.045
175;2019;17.0;0.01
175;11;18.0;""
176;1824;17.0;100.0
177;145;18.0;""
177;273;17.0;50.0
177;626;17.0;50.0
178;2003;17.0;100.0
178;1463;3.0;""
178;204;3.0;""
179;1398;17.0;81.7
179;654;17.0;18.3
180;2228;17.0;99.5
180;360;17.0;0.5
181;2211;17.0;99.0
181;203;17.0;0.5
181;28;17.0;0.5
181;100;3.0;""
182;108;17.0;100.0
183;482;17.0;99.0
183;1770;17.0;0.27
183;373;17.0;0.27
183;646;17.0;0.26
183;371;17.0;0.2
183;1104;21.0;""
183;1928;21.0;""
184;407;17.0;100.0
185;1953;17.0;100.0
186;1919;17.0;100.0
187;1879;17.0;45.0
187;1410;17.0;35.0
187;1595;17.0;2.0
187;1603;17.0;18.0
188;2112;17.0;99.0
188;116;17.0;0.5
188;830;17.0;0.5
188;2141;54.0;""
189;111;17.0;99.0
189;651;17.0;0.2
189;1553;17.0;0.2
189;1870;17.0;0.2
189;1069;17.0;0.2
189;693;17.0;0.1
189;28;17.0;0.1
190;1141;17.0;100.0
191;1861;17.0;60.0
191;1260;17.0;28.4
191;727;17.0;11.5
191;1112;17.0;0.1
192;183;17.0;100.0
193;1475;42.0;""
193;1263;17.0;100.0
193;1676;1.0;""
194;1486;17.0;100.0
195;1775;17.0;50.0
195;891;17.0;50.0
195;1955;21.0;""
195;711;26.0;""
196;357;17.0;100.0
196;1097;21.0;""
197;1580;17.0;100.0
198;1795;17.0;97.14
198;1072;17.0;1.27
198;1060;17.0;1.27
198;808;17.0;0.32
198;1913;21.0;""
198;2191;21.0;""
198;1912;21.0;""
198;399;3.0;""
199;445;21.0;""
199;161;17.0;100.0
199;1685;40.0;""
200;2088;17.0;39.42
200;1985;17.0;33.6
200;1834;17.0;16.0
200;303;17.0;10.98
201;1650;17.0;53.22
201;1776;17.0;33.56
201;511;17.0;13.22
202;2014;17.0;55.0
202;1705;17.0;15.0
202;1894;17.0;15.0
202;2023;17.0;15.0
203;2216;17.0;99.0
203;1846;17.0;0.5
203;1360;17.0;0.3
203;1491;17.0;0.2
203;1463;3.0;""
204;320;17.0;100.0
205;1589;17.0;60.0
205;126;17.0;40.0
206;1614;17.0;80.0
206;614;17.0;20.0
207;752;17.0;100.0
208;241;17.0;100.0
209;10;17.0;80.0
209;416;17.0;20.0
210;1320;17.0;33.34
210;696;17.0;33.33
210;1246;17.0;33.33
210;719;26.0;""
211;110;17.0;100.0
212;896;17.0;99.0
212;2065;17.0;1.0
212;51;1.0;""
213;882;17.0;100.0
214;172;17.0;100.0
214;534;11.0;""
214;100;3.0;""
215;588;17.0;55.0
215;2018;17.0;30.0
215;589;17.0;15.0
216;520;17.0;99.0
216;494;17.0;0.5
216;570;17.0;0.5
216;378;8.0;""
217;1991;17.0;7.33
217;1861;17.0;45.0
217;1319;17.0;42.78
217;1320;17.0;4.89
217;2188;21.0;""
218;1922;17.0;100.0
219;700;17.0;100.0
221;1381;17.0;100.0
222;2200;17.0;100.0
223;1470;17.0;34.86
223;1173;17.0;34.86
223;1776;17.0;30.28
224;2122;17.0;75.0
224;847;17.0;25.0
225;600;17.0;90.0
225;982;17.0;10.0
226;1184;17.0;100.0
227;1162;17.0;100.0
228;869;17.0;99.9
228;201;17.0;0.05
228;407;17.0;0.05
228;2029;3.0;""
229;1135;17.0;99.0
229;1393;17.0;1.0
229;1107;42.0;""
230;650;17.0;54.38
230;1824;17.0;45.62
231;1991;17.0;100.0
231;1465;8.0;""
231;165;8.0;""
231;2177;8.0;""
232;2182;17.0;99.0
232;2052;17.0;0.5
232;2053;17.0;0.5
232;1956;40.0;""
233;431;17.0;100.0
234;1864;17.0;100.0
235;1645;17.0;100.0
236;1968;17.0;99.0
236;360;17.0;0.45
236;695;17.0;0.45
236;823;17.0;0.1
236;1725;33.0;""
237;616;17.0;70.91
237;1613;17.0;29.09
238;1167;17.0;69.0
238;2056;17.0;30.0
238;257;17.0;0.4
238;1331;17.0;0.4
238;293;17.0;0.1
238;17;17.0;0.1
239;1522;17.0;99.0
239;206;17.0;0.5
239;1491;17.0;0.5
239;1402;40.0;""
240;568;17.0;99.0
240;954;17.0;0.37
240;371;17.0;0.33
240;1720;17.0;0.3
240;1964;8.0;""
241;840;17.0;100.0
242;167;17.0;""
243;1329;17.0;99.0
243;345;17.0;1.0
243;806;26.0;""
244;504;17.0;100.0
245;754;17.0;100.0
246;759;4.0;""
246;4;17.0;99.0
246;252;17.0;1.0
247;579;17.0;100.0
248;1129;17.0;100.0
249;1575;17.0;100.0
250;785;17.0;100.0
251;1836;17.0;100.0
252;504;17.0;100.0
253;22;24.0;""
253;1144;17.0;100.0
254;1429;17.0;100.0
255;1398;17.0;96.5
255;1143;17.0;3.5
256;2002;17.0;100.0
257;2102;17.0;50.0
257;953;17.0;50.0
258;138;17.0;99.0
258;206;17.0;0.5
258;1173;17.0;0.25
258;383;17.0;0.25
258;1091;21.0;""
258;1382;21.0;""
259;1356;17.0;100.0
260;712;17.0;100.0
261;44;17.0;99.0
261;1861;17.0;1.0
262;2236;17.0;99.0
262;1712;17.0;0.55
262;2214;17.0;0.25
262;2192;17.0;0.2
263;2221;17.0;39.7
263;257;17.0;30.0
263;2056;17.0;30.0
263;925;17.0;0.1
263;1647;17.0;0.1
263;2242;17.0;0.1
264;95;17.0;100.0
265;2233;17.0;99.8
265;1158;17.0;0.1
265;1244;17.0;0.1
266;269;17.0;99.25
266;971;17.0;0.25
266;1321;17.0;0.25
266;1060;17.0;0.25
267;1782;17.0;100.0
268;1115;17.0;50.0
268;257;17.0;49.0
268;159;17.0;0.5
268;17;17.0;0.25
268;1303;17.0;0.25
269;1384;17.0;97.0
269;937;17.0;3.0
270;1311;17.0;99.0
270;1515;17.0;0.5
270;373;17.0;0.5
271;344;17.0;78.0
271;1060;17.0;20.0
271;728;17.0;1.0
271;1088;17.0;1.0
271;469;54.0;""
272;1378;17.0;98.0
272;389;17.0;1.0
272;2126;17.0;1.0
273;1021;17.0;100.0
274;61;17.0;99.0
274;203;17.0;0.5
274;874;17.0;0.5
275;847;17.0;100.0
276;775;8.0;""
276;1382;21.0;""
276;658;17.0;99.0
276;722;17.0;1.0
277;195;17.0;33.34
277;985;17.0;33.33
277;1963;17.0;33.33
277;2187;21.0;""
278;1287;17.0;68.29
278;2231;17.0;20.0
278;512;17.0;11.71
279;1847;17.0;51.0
280;1979;17.0;99.0
280;39;17.0;0.5
280;1980;17.0;0.5
280;272;21.0;""
280;1722;21.0;""
281;2047;17.0;100.0
282;2207;17.0;98.0
282;1159;17.0;0.975
282;429;17.0;0.4875
282;430;17.0;0.4875
282;513;17.0;0.05
282;1507;1.0;""
282;1713;49.0;""
283;925;17.0;59.9
283;257;17.0;40.0
283;2242;17.0;0.1
284;1851;17.0;100.0
285;735;17.0;100.0
285;1382;21.0;""
286;2246;17.0;66.5
286;257;17.0;33.0
286;971;17.0;0.25
286;1321;17.0;0.25
287;1662;17.0;100.0
288;5;17.0;87.4
288;1776;17.0;11.6
288;2175;17.0;0.34
288;572;17.0;0.33
288;2180;17.0;0.33
288;1802;40.0;""
289;840;17.0;100.0
290;1918;17.0;100.0
291;257;17.0;50.0
291;2148;17.0;49.5
291;925;17.0;0.25
291;2242;17.0;0.25
292;1141;17.0;100.0
293;1342;17.0;90.0
293;988;17.0;10.0
294;2237;17.0;100.0
295;585;17.0;79.0
295;28;17.0;20.0
295;584;17.0;0.69
295;1373;17.0;0.31
296;1765;17.0;99.0
296;360;17.0;0.5
296;695;17.0;0.5
296;1721;33.0;""
297;1387;17.0;84.0
297;1867;17.0;16.0
298;574;17.0;90.0
298;380;17.0;10.0
299;163;17.0;99.0
299;1749;17.0;0.5
299;195;17.0;0.5
300;1710;17.0;100.0
301;748;17.0;100.0
302;2268;17.0;99.0
302;360;17.0;0.5
302;695;17.0;0.5
302;1725;33.0;""
303;466;17.0;76.0
303;839;17.0;24.0
304;52;17.0;100.0
305;1929;17.0;99.9
305;2242;17.0;0.05
305;925;17.0;0.01
305;203;17.0;0.01
305;2265;17.0;0.01
305;371;17.0;0.01
305;1755;17.0;0.01
305;408;21.0;""
306;644;17.0;99.0
306;971;17.0;0.5
306;1408;17.0;0.5
306;1182;21.0;""
306;2191;21.0;""
307;1908;17.0;45.0
307;2104;17.0;45.0
307;1215;17.0;10.0
308;2167;17.0;76.5
308;1943;17.0;22.5
308;1746;17.0;0.5
308;1846;17.0;0.5
308;868;21.0;""
309;748;17.0;100.0
309;294;40.0;""
310;474;17.0;100.0
311;178;17.0;5.0
311;1042;17.0;16.0
311;202;17.0;16.0
311;2068;17.0;16.0
311;314;17.0;15.0
311;484;17.0;12.0
311;1462;17.0;10.0
311;1642;17.0;10.0
312;2272;17.0;99.8
312;28;17.0;0.1
312;83;17.0;0.1
313;697;17.0;36.66
313;2105;17.0;36.66
313;540;17.0;16.68
313;514;17.0;10.0
314;1252;17.0;71.42
314;1976;17.0;28.58
314;1430;33.0;""
315;191;17.0;30.0
315;15;17.0;30.0
315;2257;17.0;15.0
315;1274;17.0;15.0
315;1427;17.0;10.0
316;1352;17.0;40.0
316;1894;17.0;30.0
316;15;17.0;30.0
317;1804;17.0;37.5
317;210;17.0;37.5
317;113;17.0;25.0
318;1200;17.0;100.0
319;1672;17.0;99.25
319;303;17.0;0.25
319;1393;17.0;0.25
319;1177;17.0;0.25
320;297;17.0;93.0
320;2156;17.0;5.0
320;1835;17.0;1.0
320;1545;17.0;1.0
321;2223;17.0;99.0
321;1320;17.0;1.0
322;1451;17.0;100.0
323;2045;17.0;70.0
323;597;17.0;15.0
323;1568;17.0;15.0
324;882;17.0;100.0
325;374;17.0;100.0
326;737;17.0;100.0
327;2052;17.0;37.16
327;1417;17.0;37.16
327;511;17.0;25.68
328;255;17.0;100.0
329;1991;17.0;100.0
329;1544;21.0;""
330;1215;17.0;50.19
330;1867;17.0;49.81
331;1641;17.0;100.0
332;1157;17.0;100.0
333;2254;17.0;95.0
333;257;17.0;4.5
333;925;17.0;0.25
333;2242;17.0;0.25
334;196;36.0;""
334;2186;17.0;99.96
334;306;17.0;0.02
334;305;17.0;0.02
335;1049;17.0;97.0
335;1620;17.0;1.0
335;1943;17.0;1.0
335;1528;17.0;1.0
335;1382;21.0;""
336;2103;17.0;5.0
336;141;17.0;45.0
336;674;17.0;30.0
336;675;17.0;10.0
336;2201;17.0;10.0
337;319;17.0;99.0
337;257;17.0;0.5
337;1350;17.0;0.5
338;2151;17.0;99.0
338;740;17.0;1.0
338;865;3.0;45.0
338;1;3.0;1.0
339;660;17.0;100.0
340;1001;17.0;100.0
340;1366;1.0;""
341;2163;17.0;95.0
341;191;17.0;5.0
341;1099;21.0;""
342;648;17.0;100.0
343;1076;17.0;99.0
343;2232;17.0;1.0
343;352;40.0;""
344;1211;17.0;100.0
345;1999;17.0;100.0
346;2170;17.0;100.0
347;847;17.0;100.0
348;596;17.0;99.0
348;1088;17.0;0.5
348;206;17.0;0.25
348;73;17.0;0.25
348;1382;21.0;""
349;2241;17.0;99.0
349;1568;17.0;1.0
349;285;44.0;""
350;1471;17.0;80.0
350;1358;17.0;20.0
351;467;17.0;99.0
351;430;17.0;0.5
351;2026;17.0;0.25
351;468;17.0;0.25
351;1382;21.0;""
352;1395;17.0;99.0
352;1393;17.0;0.9
352;325;17.0;0.1
352;1896;21.0;""
353;437;17.0;100.0
354;1961;17.0;100.0
355;2053;17.0;96.85
355;2052;17.0;3.15
355;1956;40.0;""
356;419;17.0;100.0
357;1589;17.0;75.0
357;1775;17.0;25.0
358;1917;17.0;98.9
358;1936;17.0;0.39
358;1727;17.0;0.38
358;2053;17.0;0.33
359;200;17.0;69.0
359;2056;17.0;30.0
359;257;17.0;0.35
359;1331;17.0;0.35
359;2175;17.0;0.1
359;293;17.0;0.1
359;17;17.0;0.1
360;733;17.0;100.0
360;411;18.0;""
361;648;17.0;100.0
362;589;17.0;80.0
362;2175;17.0;20.0
363;1118;17.0;100.0
364;1618;17.0;67.85
364;1776;17.0;32.15
365;1323;17.0;100.0
366;429;17.0;60.0
366;2042;17.0;40.0
367;894;17.0;97.0
367;2094;17.0;3.0
368;927;17.0;99.0
368;206;17.0;0.46
368;1060;17.0;0.27
368;1568;17.0;0.27
368;1382;21.0;""
369;1990;17.0;70.0
369;1969;17.0;30.0
370;2178;17.0;99.0
370;1924;17.0;1.0
371;258;17.0;80.0
371;1587;17.0;20.0
372;15;17.0;40.0
372;112;17.0;30.0
372;250;17.0;30.0
373;1387;17.0;100.0
374;990;17.0;100.0
375;2222;17.0;97.0
375;1559;17.0;2.0
375;1712;17.0;1.0
376;1862;17.0;59.0
376;1275;17.0;40.0
376;891;17.0;0.5
376;1302;17.0;0.5
376;405;3.0;""
377;915;17.0;99.0
377;1792;17.0;0.25
377;1661;17.0;0.25
377;363;17.0;0.25
377;1960;17.0;0.25
378;390;17.0;100.0
379;2140;17.0;99.0
379;1679;17.0;1.0
379;300;1.0;""
380;774;17.0;80.0
380;2172;17.0;20.0
381;1844;17.0;73.1
381;962;17.0;4.4
381;1617;17.0;10.0
381;127;17.0;10.0
381;964;17.0;1.25
381;84;17.0;1.25
381;1355;38.0;""
382;1431;17.0;100.0
383;1258;17.0;100.0
384;1292;17.0;100.0
385;2093;17.0;80.0
385;2172;17.0;20.0
386;612;17.0;100.0
387;2139;17.0;82.39
387;654;17.0;17.61
388;1855;17.0;99.5
388;1350;17.0;0.5
388;1807;40.0;""
389;561;17.0;100.0
390;1039;17.0;99.0
390;41;17.0;1.0
391;2146;17.0;99.45
391;695;17.0;0.23
391;360;17.0;0.22
391;1834;17.0;0.1
391;1584;38.0;""
392;2131;17.0;99.0
392;383;17.0;0.55
392;1846;17.0;0.3
392;1746;17.0;0.15
392;1850;3.0;""
392;1382;21.0;""
394;1385;17.0;100.0
395;1131;17.0;100.0
396;661;17.0;80.0
396;1562;17.0;20.0
397;515;21.0;""
397;603;17.0;100.0
398;1440;17.0;100.0
399;1385;17.0;100.0
400;680;17.0;100.0
401;369;17.0;51.0
401;1664;17.0;49.0
402;30;17.0;94.37
402;1776;17.0;4.63
402;1601;17.0;1.0
403;685;17.0;50.0
403;257;17.0;49.0
403;1088;17.0;0.9
403;1087;17.0;0.1
404;1473;17.0;100.0
405;514;17.0;100.0
406;2154;17.0;98.9
406;1776;17.0;1.0
406;1924;17.0;0.1
406;949;26.0;""
407;38;17.0;100.0
408;1663;17.0;100.0
409;1639;17.0;41.78
409;162;17.0;21.78
409;47;17.0;20.0
409;1865;17.0;16.44
410;832;3.0;""
410;13;3.0;""
410;985;17.0;100.0
411;736;17.0;100.0
412;831;17.0;100.0
413;1659;17.0;95.0
413;2122;17.0;5.0
414;187;17.0;70.0
414;1487;17.0;20.0
414;609;17.0;10.0
415;2265;17.0;100.0
416;388;17.0;99.0
416;693;17.0;0.25
416;1553;17.0;0.25
416;1870;17.0;0.25
416;1069;17.0;0.25
416;1536;40.0;""
417;1698;17.0;80.0
417;291;17.0;20.0
417;1925;6.0;""
417;1552;33.0;""
418;651;17.0;100.0
419;1977;17.0;99.8
419;1504;17.0;0.1
419;1320;17.0;0.1
420;567;17.0;99.9
420;1924;17.0;0.1
420;656;8.0;""
420;313;8.0;""
421;2203;17.0;99.0
421;348;17.0;0.6
421;954;17.0;0.4
421;1402;40.0;""
422;1671;17.0;100.0
423;1379;17.0;97.0
423;937;17.0;3.0
424;1652;17.0;100.0
425;536;17.0;100.0
426;582;17.0;80.23
426;514;17.0;19.77
427;426;17.0;99.0
427;360;17.0;0.45
427;695;17.0;0.45
427;303;17.0;0.1
427;1585;38.0;""
428;2157;17.0;99.0
428;954;17.0;0.8
428;871;17.0;0.2
428;317;8.0;""
429;1671;17.0;100.0
430;893;17.0;100.0
431;2134;17.0;88.07
431;1776;17.0;11.93
431;619;3.0;""
432;891;17.0;50.0
432;1301;17.0;5.6
432;1302;17.0;33.3
432;1294;17.0;11.1
432;1597;26.0;""
433;1016;17.0;60.0
433;987;17.0;40.0
434;1524;17.0;99.0
434;651;17.0;1.0
434;266;26.0;""
434;791;12.0;""
435;501;17.0;99.0
435;28;17.0;1.0
435;1732;21.0;""
435;130;10.0;""
436;667;17.0;100.0
437;652;17.0;70.0
437;237;17.0;30.0
438;20;17.0;100.0
439;91;17.0;100.0
440;2270;17.0;99.8
440;28;17.0;0.1
440;83;17.0;0.1
441;1357;17.0;100.0
442;2198;17.0;99.0
442;2205;17.0;0.5
442;1302;17.0;0.5
443;1460;17.0;83.35
443;654;17.0;16.65
444;31;17.0;99.0
444;1679;17.0;0.25
444;1744;17.0;0.25
444;1888;17.0;0.25
444;705;17.0;0.25
444;351;40.0;""
445;1464;17.0;98.0
445;429;17.0;1.0
445;430;17.0;1.0
445;560;29.0;""
446;1831;17.0;100.0
447;1175;17.0;50.0
447;257;17.0;49.0
447;360;17.0;0.45
447;695;17.0;0.45
447;823;17.0;0.1
447;613;33.0;""
448;237;17.0;100.0
449;2111;17.0;98.0
449;2205;17.0;0.75
449;1088;17.0;0.75
449;1367;17.0;0.5
449;97;33.0;""
450;692;17.0;85.0
450;440;17.0;15.0
451;1254;17.0;100.0
452;1336;54.0;""
452;28;17.0;100.0
453;1750;17.0;50.0
453;2165;17.0;50.0
454;1893;17.0;99.0
454;1294;17.0;0.9
454;1302;17.0;0.1
455;1152;17.0;100.0
456;897;17.0;98.0
456;1949;17.0;1.0
456;1088;17.0;1.0
457;1716;17.0;100.0
458;1794;17.0;100.0
459;598;17.0;89.5
459;1861;17.0;10.0
459;1905;17.0;0.25
459;1574;17.0;0.25
460;594;17.0;100.0
461;1920;17.0;100.0
462;1086;17.0;98.0
462;1060;17.0;1.0
462;1301;17.0;0.9
462;1302;17.0;0.1
463;1945;17.0;100.0
464;973;17.0;99.8
464;1924;17.0;0.1
464;2044;17.0;0.1
464;656;8.0;""
465;1083;17.0;79.6
465;1861;17.0;10.0
465;159;17.0;10.0
465;925;17.0;0.2
465;1112;17.0;0.2
466;495;17.0;99.0
466;257;17.0;0.5
466;203;17.0;0.5
467;1862;17.0;60.0
467;249;17.0;40.0
468;2083;17.0;100.0
469;1264;17.0;97.0
469;1082;17.0;1.0
469;1289;17.0;1.0
469;430;17.0;1.0
470;1916;17.0;89.0
470;1861;17.0;10.0
470;935;17.0;0.45
470;2060;17.0;0.45
470;1112;17.0;0.1
471;297;17.0;99.0
471;1112;17.0;0.34
471;1835;17.0;0.33
471;1545;17.0;0.33
471;934;2.0;""
472;1161;17.0;99.0
472;1060;17.0;0.5
472;726;17.0;0.5
473;1899;17.0;98.0
473;257;17.0;1.0
473;1088;17.0;1.0
474;1915;17.0;99.0
474;257;17.0;0.5
474;360;17.0;0.5
475;1037;17.0;99.0
475;212;17.0;1.0
475;1540;39.0;""
475;2051;8.0;""
475;2076;1.0;""
475;173;1.0;""
476;2155;17.0;95.0
476;2122;17.0;5.0
477;1120;17.0;95.0
477;1924;17.0;5.0
478;148;17.0;100.0
479;595;17.0;98.0
479;429;17.0;1.0
479;430;17.0;1.0
480;1857;17.0;89.0
480;1861;17.0;10.0
480;1549;17.0;1.0
481;1456;17.0;79.0
481;257;17.0;20.0
481;360;17.0;1.0
482;1782;17.0;100.0
483;1372;17.0;100.0
484;1357;17.0;100.0
485;2247;17.0;99.0
485;1127;17.0;0.5
485;1247;17.0;0.3
485;1773;17.0;0.1
485;1156;17.0;0.1
486;514;17.0;90.0
486;1810;17.0;10.0
487;1856;17.0;99.0
487;675;17.0;0.4
487;2101;17.0;0.2
487;2100;17.0;0.19
487;674;17.0;0.19
487;2230;17.0;0.01
488;1060;17.0;50.0
488;1291;17.0;50.0
488;16;21.0;""
488;1848;29.0;""
489;779;17.0;100.0
490;1512;17.0;99.0
490;726;17.0;0.3
490;1872;17.0;0.2
490;265;17.0;0.2
490;905;17.0;0.15
490;783;17.0;0.15
491;1884;17.0;99.0
491;1549;17.0;1.0
492;2;17.0;69.0
492;257;17.0;30.0
492;1331;17.0;0.8
492;293;17.0;0.2
493;1546;17.0;72.5
493;499;17.0;25.0
493;1835;17.0;1.25
493;1545;17.0;1.25
493;2179;33.0;""
494;2037;17.0;99.0
494;1060;17.0;0.33
494;726;17.0;0.33
494;699;17.0;0.33
494;1074;17.0;0.01
495;247;17.0;99.0
495;206;17.0;1.0
496;2052;17.0;50.0
496;380;17.0;50.0
497;2035;17.0;100.0
498;2038;17.0;99.0
498;345;17.0;0.5
498;486;17.0;0.5
499;35;17.0;99.0
499;257;17.0;0.6
499;360;17.0;0.4
500;1023;17.0;100.0
501;15;17.0;70.0
501;14;17.0;15.0
501;523;17.0;15.0
502;665;17.0;99.5
502;2169;17.0;0.5
503;1926;17.0;69.0
503;1568;17.0;20.0
503;1861;17.0;10.0
503;1088;17.0;1.0
504;1169;17.0;99.5
504;1924;17.0;0.5
504;166;31.0;""
504;1667;1.0;""
505;2250;17.0;99.0
505;2231;17.0;0.8
505;726;17.0;0.13
505;1060;17.0;0.07
506;1823;17.0;100.0
507;8;17.0;99.0
507;971;17.0;0.5
507;2019;17.0;0.5
508;114;17.0;99.0
508;726;17.0;0.54
508;1060;17.0;0.26
508;824;17.0;0.2
509;302;17.0;99.0
509;1661;17.0;0.5
509;1249;17.0;0.5
510;1175;17.0;79.0
510;257;17.0;20.0
510;360;17.0;1.0
511;519;17.0;89.0
511;1861;17.0;10.0
511;1620;17.0;0.9
511;116;17.0;0.1
512;2261;17.0;56.48
512;1862;17.0;37.55
512;2122;17.0;1.99
512;746;17.0;1.99
512;1988;17.0;1.99
512;18;21.0;""
513;404;3.0;""
513;2122;17.0;100.0
514;882;17.0;100.0
515;458;17.0;99.0
515;28;17.0;0.05
515;339;17.0;0.05
516;1883;17.0;99.0
516;1549;17.0;1.0
517;2034;17.0;99.0
517;191;17.0;1.0
517;1268;33.0;""
518;1682;17.0;90.0
518;626;17.0;9.99
518;599;17.0;0.01
518;2001;1.0;""
518;2108;1.0;""
519;2266;17.0;49.8
519;1174;17.0;49.8
519;645;17.0;0.2
519;360;17.0;0.1
519;1924;17.0;0.1
520;675;17.0;51.7
520;257;17.0;33.3
520;674;17.0;15.0
521;1357;17.0;45.17
521;2161;17.0;43.0
521;511;17.0;11.83
521;355;21.0;""
522;1826;17.0;95.0
522;1477;17.0;5.0
522;1569;3.0;""
523;1100;17.0;99.0
523;2126;17.0;1.0
523;1476;33.0;""
524;1606;17.0;98.0
524;257;17.0;1.0
524;2101;17.0;1.0
525;2152;17.0;99.0
525;1393;17.0;1.0
526;608;17.0;99.0
526;925;17.0;0.25
526;2026;17.0;0.25
526;468;17.0;0.25
526;2242;17.0;0.25
527;967;17.0;100.0
528;1001;17.0;0.0
529;1458;17.0;99.0
529;1798;17.0;0.34
529;83;17.0;0.33
529;800;17.0;0.33
530;257;17.0;5.0
530;1089;17.0;48.0
530;375;17.0;44.0
530;1088;17.0;3.0
531;1359;17.0;99.0
531;840;17.0;1.0
532;1393;17.0;39.75
532;257;17.0;30.0
532;2056;17.0;30.0
532;745;17.0;0.25
533;2012;17.0;100.0
534;1811;18.0;""
534;875;17.0;100.0
535;1621;17.0;95.0
535;1991;17.0;5.0
536;2185;17.0;99.0
536;1798;17.0;1.0
537;2133;17.0;100.0
538;1620;17.0;30.0
538;1943;17.0;30.0
538;1665;17.0;30.0
538;670;17.0;10.0
539;925;17.0;89.56
539;513;17.0;10.44
540;533;17.0;100.0
541;920;17.0;100.0
542;1282;17.0;100.0
543;603;17.0;100.0
544;684;17.0;99.5
544;1953;17.0;0.5
545;116;17.0;99.5
545;1677;17.0;0.5
546;1324;17.0;56.61
546;654;17.0;43.39
547;674;17.0;80.0
547;675;17.0;10.0
547;1233;17.0;10.0
548;1335;17.0;100.0
549;1403;17.0;99.0
549;472;17.0;0.5
549;835;17.0;0.5
550;1346;17.0;100.0
551;1407;8.0;""
551;1411;21.0;""
551;28;17.0;100.0
553;678;17.0;100.0
554;1423;17.0;50.0
554;452;17.0;50.0
555;191;17.0;100.0
556;997;17.0;100.0
557;1267;17.0;100.0
558;1484;17.0;89.0
558;1692;17.0;11.0
559;957;17.0;100.0
560;1288;17.0;100.0
561;1671;17.0;100.0
562;1668;17.0;99.0
562;1504;17.0;0.5
562;1320;17.0;0.5
563;1005;17.0;60.0
563;862;17.0;40.0
564;1119;17.0;98.0
564;191;17.0;1.0
564;1835;17.0;1.0
566;1892;17.0;100.0
567;222;17.0;100.0
568;778;17.0;100.0
569;1320;17.0;100.0
570;104;17.0;99.0
570;937;17.0;1.0
571;662;17.0;100.0
572;427;17.0;99.0
572;1060;17.0;0.45
572;726;17.0;0.45
572;287;17.0;0.1
573;1277;17.0;100.0
574;1406;17.0;99.0
574;1060;17.0;0.5
574;726;17.0;0.5
575;548;17.0;100.0
576;1319;17.0;99.9
576;1320;17.0;0.1
577;945;17.0;52.0
577;1480;17.0;48.0
578;983;17.0;100.0
579;79;17.0;99.8
579;28;17.0;0.1
579;83;17.0;0.1
580;366;17.0;39.8
580;257;17.0;30.0
580;559;17.0;30.0
580;1087;17.0;0.1
580;1088;17.0;0.1
581;99;17.0;98.0
581;1894;17.0;1.0
581;637;17.0;1.0
582;2004;17.0;99.0
582;1198;17.0;0.6
582;2009;17.0;0.4
583;1192;17.0;100.0
584;558;17.0;50.0
584;103;17.0;50.0
585;2123;17.0;70.0
585;1084;17.0;30.0
586;190;17.0;50.9
586;257;17.0;49.0
586;251;17.0;0.05
586;925;17.0;0.025
586;2242;17.0;0.025
587;1957;17.0;100.0
588;773;17.0;100.0
589;504;17.0;100.0
590;1034;17.0;99.0
590;1661;17.0;0.5
590;1249;17.0;0.5
591;1697;17.0;86.0
591;2091;17.0;3.0
591;860;17.0;11.0
592;834;17.0;100.0
593;2258;17.0;57.8
593;1909;17.0;42.2
594;2269;17.0;99.0
594;83;17.0;0.34
594;257;17.0;0.33
594;2056;17.0;0.33
595;1009;17.0;100.0
596;234;17.0;100.0
597;1129;17.0;100.0
598;1804;17.0;100.0
599;1454;17.0;99.9901
599;971;17.0;0.0033
599;360;17.0;0.0033
599;695;17.0;0.0033
600;1190;17.0;100.0
601;413;18.0;""
601;614;17.0;100.0
602;1173;17.0;40.14
602;1554;17.0;30.15
602;1776;17.0;19.71
602;541;17.0;10.0
603;1877;17.0;100.0
604;1521;17.0;99.1
604;2181;17.0;0.3
604;1581;17.0;0.3
604;709;17.0;0.3
605;1306;17.0;100.0
606;343;17.0;50.8
606;257;17.0;49.0
606;925;17.0;0.1
606;2242;17.0;0.1
606;2074;8.0;""
607;2278;17.0;85.0
607;928;17.0;15.0
608;1714;17.0;99.0
608;341;17.0;0.51
608;705;17.0;0.49
609;77;17.0;99.0
609;1547;17.0;0.5
609;505;17.0;0.5
610;2036;17.0;100.0
611;866;17.0;100.0
612;465;17.0;100.0
613;1648;17.0;80.0
613;1830;17.0;10.0
613;777;17.0;10.0
614;1319;17.0;95.0
614;1320;17.0;3.0
614;1991;17.0;2.0
614;97;33.0;""
614;1179;21.0;""
615;679;17.0;100.0
616;1511;17.0;100.0
617;406;3.0;""
617;1048;3.0;""
617;1301;17.0;100.0
618;518;17.0;85.0
618;710;17.0;15.0
619;906;17.0;100.0
620;642;17.0;100.0
622;1396;18.0;""
622;901;17.0;100.0
625;837;17.0;99.0
625;1902;17.0;1.0
626;2153;17.0;70.0
626;1579;17.0;30.0
627;1299;17.0;50.0
627;844;17.0;50.0
628;1910;17.0;100.0
629;180;17.0;100.0
630;1125;17.0;100.0
631;1922;17.0;100.0
632;2052;17.0;100.0
633;2239;17.0;100.0
634;1681;17.0;100.0
635;1840;17.0;100.0
636;213;17.0;99.0
636;1375;17.0;1.0
637;1683;17.0;99.0
637;33;17.0;0.78
637;725;17.0;0.2
637;1620;17.0;0.01
637;1233;17.0;0.01
637;763;44.0;""
638;1624;17.0;50.0
638;886;17.0;50.0
639;1499;17.0;50.0
639;885;17.0;50.0
640;212;17.0;100.0
641;605;17.0;99.9
641;2172;17.0;0.1
642;1452;17.0;70.0
642;1922;17.0;20.0
642;790;17.0;10.0
643;1344;17.0;100.0
644;2181;17.0;99.5
644;367;17.0;0.2
644;859;17.0;0.15
644;1889;17.0;0.15
645;2215;17.0;70.0
645;539;17.0;30.0
646;1387;17.0;100.0
647;1735;17.0;97.0
647;937;17.0;3.0
648;635;17.0;95.0
648;48;17.0;5.0
649;1591;17.0;59.0
649;429;17.0;39.0
649;431;17.0;1.0
649;744;17.0;1.0
650;199;31.0;""
650;322;17.0;100.0
651;2168;17.0;70.0
651;451;17.0;20.0
651;1316;17.0;10.0
652;383;17.0;90.0
652;1322;17.0;5.0
652;1927;17.0;5.0
653;1763;17.0;98.0
653;429;17.0;1.0
653;430;17.0;1.0
654;342;17.0;85.0
654;1077;17.0;15.0
655;23;17.0;98.0
655;1491;17.0;1.0
655;407;17.0;1.0
656;691;17.0;99.5
656;1393;17.0;0.25
656;1753;17.0;0.25
657;1930;17.0;100.0
658;1629;17.0;65.0
658;535;17.0;35.0
659;2226;17.0;99.0
659;1549;17.0;1.0
660;1314;17.0;99.0
660;17;17.0;0.5
660;159;17.0;0.5
661;876;17.0;99.0
661;1991;17.0;1.0
662;1521;17.0;99.0
662;2181;17.0;1.0
663;2009;17.0;100.0
664;672;17.0;22.0
664;15;17.0;22.0
664;1447;17.0;22.0
664;551;17.0;22.0
664;1894;17.0;12.0
665;2224;17.0;100.0
666;1970;17.0;89.5
666;1861;17.0;10.0
666;925;17.0;0.25
666;2242;17.0;0.25
667;1690;3.0;""
667;2009;17.0;100.0
667;398;6.0;""
667;1632;10.0;""
668;1862;17.0;51.0
668;998;17.0;47.0
668;2138;17.0;1.0
668;2104;17.0;0.5
668;2169;17.0;0.5
669;1242;17.0;100.0
670;563;17.0;98.5
670;1435;17.0;0.5
670;451;17.0;0.5
670;251;17.0;0.5
671;1421;17.0;99.8
671;1924;17.0;0.1
671;645;17.0;0.1
672;1139;17.0;40.0
672;543;17.0;30.0
672;993;17.0;30.0
673;1920;17.0;100.0
674;1175;17.0;99.0
674;360;17.0;0.5
674;1793;17.0;0.5
675;1113;17.0;99.0
675;852;17.0;1.0
675;1326;54.0;""
676;766;17.0;100.0
677;1213;17.0;100.0
678;780;17.0;97.0
678;1797;17.0;3.0
679;1434;17.0;100.0
680;2273;17.0;99.0
680;83;17.0;0.9
680;2227;17.0;0.1
681;1518;33.0;""
681;1773;17.0;100.0
682;1423;17.0;100.0
683;1265;17.0;100.0
684;292;17.0;100.0
685;1367;17.0;20.0
686;677;17.0;100.0
687;1724;17.0;51.0
687;910;17.0;49.0
687;1150;26.0;""
688;1503;17.0;99.0
688;1252;17.0;0.5
688;2095;17.0;0.3
688;663;17.0;0.2
689;584;17.0;70.0
689;1598;17.0;20.0
689;599;17.0;10.0
690;1287;17.0;85.0
690;483;17.0;15.0
691;1208;17.0;36.0
691;2116;17.0;16.0
691;1790;17.0;16.0
691;158;17.0;16.0
691;1279;17.0;16.0
692;816;17.0;100.0
693;1220;17.0;100.0
694;643;17.0;99.0
694;823;17.0;0.5
694;695;17.0;0.5
694;1725;33.0;""
695;757;17.0;99.0
695;758;17.0;0.7
695;1069;17.0;0.2
695;383;17.0;0.1
696;1551;17.0;50.0
696;1566;17.0;25.0
696;914;17.0;25.0
697;807;17.0;78.0
697;1210;17.0;22.0
698;1862;17.0;100.0
699;829;17.0;100.0
700;1852;17.0;100.0
701;1129;17.0;83.87
701;1777;17.0;16.13
702;81;17.0;99.0
702;257;17.0;0.7
702;83;17.0;0.3
703;575;17.0;100.0
704;189;17.0;85.0
704;2028;17.0;15.0
705;1769;17.0;85.0
705;2028;17.0;15.0
706;1400;17.0;100.0
707;1878;17.0;100.0
708;687;17.0;99.0
708;222;17.0;0.6
708;754;17.0;0.4
709;2193;17.0;79.0
709;514;17.0;11.0
709;653;17.0;10.0
710;1991;17.0;80.0
710;850;17.0;20.0
710;1544;21.0;""
711;2022;17.0;90.0
711;1991;17.0;5.0
711;1798;17.0;5.0
711;2041;40.0;""
712;435;17.0;100.0
713;1656;17.0;100.0
714;1526;38.0;""
714;1704;33.0;""
714;590;17.0;100.0
715;455;17.0;100.0
716;2040;17.0;50.0
716;329;17.0;50.0
717;1206;17.0;100.0
718;1577;17.0;100.0
719;755;17.0;86.86
719;1777;17.0;13.14
720;1408;17.0;70.0
720;202;17.0;20.0
720;554;17.0;10.0
721;1004;17.0;100.0
722;1412;17.0;100.0
723;922;17.0;100.0
724;762;17.0;100.0
725;1745;17.0;100.0
726;1290;17.0;100.0
727;1317;4.0;""
727;639;17.0;100.0
728;1136;17.0;70.44
728;871;17.0;29.56
729;1982;17.0;100.0
730;782;17.0;100.0
731;673;17.0;100.0
732;102;26.0;""
732;1364;17.0;100.0
733;985;17.0;100.0
734;1212;17.0;100.0
735;1484;17.0;100.0
736;1455;17.0;99.5
736;360;17.0;0.5
737;1708;17.0;100.0
738;1736;17.0;100.0
739;629;17.0;100.0
740;374;17.0;80.0
740;1516;17.0;20.0
741;1862;17.0;100.0
742;1861;17.0;88.0
742;891;17.0;2.0
742;1302;17.0;10.0
743;291;17.0;90.0
743;1776;17.0;10.0
744;242;17.0;62.5
744;37;17.0;37.5
745;1392;17.0;99.0
745;1394;17.0;1.0
745;1508;42.0;""
746;464;17.0;100.0
747;826;17.0;30.0
747;182;17.0;25.0
747;1184;17.0;25.0
747;1600;17.0;20.0
748;1288;17.0;100.0
749;1895;17.0;60.0
749;460;17.0;10.0
749;801;17.0;10.0
749;620;17.0;10.0
749;179;17.0;10.0
750;704;17.0;100.0
751;1290;17.0;80.0
751;1693;17.0;20.0
752;1903;17.0;99.9
752;1320;17.0;0.1
752;1509;3.0;""
753;2195;17.0;99.8
753;1320;17.0;0.08
753;707;17.0;0.07
753;1493;17.0;0.05
753;1687;26.0;""
754;629;17.0;100.0
755;221;17.0;99.0
755;1933;17.0;0.5
755;1924;17.0;0.5
756;1739;17.0;50.0
756;236;17.0;20.0
756;14;17.0;20.0
756;765;17.0;10.0
757;557;17.0;95.0
757;2126;17.0;4.75
757;192;17.0;0.25
757;1476;33.0;""
758;334;17.0;100.0
759;1389;17.0;99.0
759;878;17.0;1.0
760;1578;17.0;100.0
761;267;17.0;100.0
762;1953;17.0;50.0
762;894;17.0;50.0
763;766;17.0;100.0
764;185;17.0;45.0
764;1222;17.0;30.0
764;50;17.0;25.0
765;2199;17.0;99.0
765;825;17.0;0.5
765;149;17.0;0.5
766;2071;17.0;89.8
766;1861;17.0;10.0
766;1393;17.0;0.1
766;1121;17.0;0.1
767;1227;17.0;99.99
767;971;17.0;0.0033
767;1321;17.0;0.0033
767;360;17.0;0.0033
768;2061;17.0;100.0
769;1368;17.0;100.0
770;235;17.0;100.0
771;449;17.0;99.5
771;360;17.0;0.5
772;828;17.0;99.0
772;2169;17.0;0.5
772;917;17.0;0.5
773;964;17.0;100.0
774;1296;17.0;99.5
774;937;17.0;0.1
774;1112;17.0;0.1
774;451;17.0;0.1
774;2054;17.0;0.1
774;251;17.0;0.1
774;1839;12.0;""
775;760;17.0;100.0
776;1948;17.0;70.0
776;58;17.0;30.0
777;1238;17.0;99.0
777;1862;17.0;0.5
777;1060;17.0;0.25
777;726;17.0;0.25
777;1091;21.0;""
778;1398;17.0;97.5
778;1143;17.0;2.5
779;856;17.0;50.8
779;2056;17.0;49.0
779;17;17.0;0.1
779;2008;17.0;0.05
779;1149;17.0;0.05
780;60;17.0;99.0
780;206;17.0;1.0
781;198;17.0;100.0
782;819;17.0;100.0
783;565;17.0;99.0
783;2230;17.0;0.5
783;303;17.0;0.4
783;1761;17.0;0.1
785;1293;17.0;99.5
785;1924;17.0;0.5
786;548;17.0;100.0
787;657;17.0;99.9
787;1943;17.0;0.05
787;2242;17.0;0.03
787;925;17.0;0.01
787;1755;17.0;0.01
787;868;21.0;""
788;34;17.0;100.0
789;1093;17.0;100.0
790;1362;17.0;100.0
791;1684;17.0;86.53
791;293;17.0;11.69
791;1331;17.0;1.78
792;951;17.0;99.0
792;325;17.0;0.5
792;360;17.0;0.49
792;695;17.0;0.01
793;2184;17.0;99.0
793;1730;17.0;1.0
793;1286;43.0;""
794;1776;17.0;56.77
794;1543;17.0;43.23
795;1757;17.0;98.0
795;2101;17.0;1.2
795;325;17.0;0.8
796;936;17.0;99.0
796;1350;17.0;0.5
796;1345;17.0;0.5
797;42;17.0;6.0
797;2104;17.0;51.0
797;1901;17.0;5.0
797;303;17.0;38.0
798;1751;17.0;100.0
799;965;17.0;0.0
800;1151;17.0;75.0
800;476;17.0;25.0
801;277;17.0;97.05
801;1085;17.0;2.95
802;517;17.0;100.0
803;56;17.0;100.0
804;789;17.0;100.0
805;1842;17.0;99.0
805;1937;17.0;1.0
806;2096;17.0;100.0
806;2234;31.0;""
807;2260;17.0;99.0
807;646;17.0;0.2
807;1720;17.0;0.2
807;1862;17.0;0.2
807;373;17.0;0.2
807;490;17.0;0.1
807;1905;17.0;0.1
808;239;17.0;100.0
809;1997;17.0;80.0
809;1591;17.0;20.0
810;424;17.0;100.0
811;966;17.0;100.0
812;980;17.0;71.0
812;129;17.0;29.0
813;533;17.0;100.0
814;2271;17.0;99.8
814;28;17.0;0.1
814;83;17.0;0.1
815;2153;17.0;100.0
815;1612;36.0;""
815;521;54.0;""
816;1304;17.0;95.0
816;330;17.0;2.5
816;514;17.0;2.5
817;1018;17.0;95.0
817;251;17.0;5.0
818;45;17.0;59.0
818;257;17.0;40.0
818;1060;17.0;0.5
818;726;17.0;0.5
819;529;17.0;99.0
819;345;17.0;0.9
819;1112;17.0;0.1
820;1995;17.0;70.0
820;270;17.0;30.0
821;90;17.0;100.0
822;776;17.0;100.0
823;1240;17.0;99.0
823;735;17.0;0.5
823;2242;17.0;0.5
824;216;17.0;100.0
825;2039;17.0;100.0
826;731;17.0;100.0
828;540;17.0;50.0
828;105;17.0;50.0
829;651;17.0;50.0
829;910;17.0;40.0
829;1126;17.0;10.0
830;1202;17.0;100.0
831;1401;17.0;70.0
831;597;17.0;15.0
831;1568;17.0;15.0
832;1023;17.0;100.0
833;1921;17.0;50.0
833;464;17.0;50.0
834;1729;17.0;99.8
834;712;17.0;0.1
834;83;17.0;0.1
835;396;17.0;100.0
836;67;17.0;0.0
837;2122;17.0;100.0
838;321;17.0;100.0
839;1026;17.0;0.0
840;1935;17.0;70.0
840;1950;17.0;20.0
840;1316;17.0;10.0
842;721;17.0;33.4
842;1195;17.0;33.3
842;1298;17.0;33.3
843;889;17.0;100.0
844;93;17.0;99.9
844;1924;17.0;0.1
845;1804;17.0;48.1
845;210;17.0;48.1
845;2025;17.0;3.8
846;135;17.0;100.0
847;1253;17.0;100.0
848;556;17.0;100.0
849;181;17.0;100.0
850;1170;17.0;100.0
851;2263;17.0;99.0
851;2052;17.0;1.0
852;506;17.0;0.0
853;1734;17.0;100.0
854;1273;10.0;""
854;1328;18.0;""
854;1833;1.0;""
854;2043;37.0;""
854;1173;17.0;100.0
855;1129;17.0;100.0
856;1129;17.0;100.0
857;1095;17.0;99.8
857;28;17.0;0.1
857;83;17.0;0.1
858;1958;17.0;85.0
858;1413;17.0;15.0
859;248;17.0;100.0
860;1909;17.0;78.11
860;1776;17.0;21.89
861;1239;17.0;100.0
862;1000;17.0;100.0
863;1861;17.0;60.0
863;192;17.0;40.0
864;782;17.0;100.0
865;1342;17.0;100.0
866;1478;17.0;100.0
867;1626;17.0;100.0
870;446;17.0;0.0
871;1686;17.0;45.0
871;487;17.0;45.0
871;6;17.0;10.0
872;1320;17.0;85.7
872;1776;17.0;14.3
873;2210;17.0;100.0
874;446;17.0;0.0
875;403;17.0;99.0
875;981;17.0;0.5
875;592;17.0;0.5
876;1253;17.0;100.0
877;1149;17.0;100.0
878;498;17.0;100.0
879;1109;17.0;99.0
879;633;17.0;1.0
880;712;17.0;100.0
881;2134;17.0;100.0
882;804;17.0;99.0
882;2072;17.0;0.5
882;1920;17.0;0.5
884;540;17.0;50.0
884;264;17.0;50.0
885;2248;38.0;""
885;1270;17.0;100.0
886;361;17.0;100.0
887;1194;17.0;100.0
888;1571;17.0;0.0
889;2073;17.0;80.0
889;1145;17.0;10.0
889;460;17.0;10.0
890;541;17.0;100.0
891;555;17.0;100.0
892;2159;17.0;100.0
893;1196;17.0;100.0
894;847;17.0;100.0
894;1594;3.0;""
895;734;17.0;100.0
896;604;18.0;""
896;1922;17.0;100.0
897;376;17.0;100.0
898;817;17.0;100.0
898;463;1.0;""
899;1534;17.0;50.0
899;1665;17.0;37.0
899;400;17.0;13.0
900;421;17.0;100.0
901;1550;17.0;98.99
901;1861;17.0;1.0
901;1549;17.0;0.01
902;227;17.0;42.69
902;318;17.0;42.68
902;511;17.0;14.63
903;1337;17.0;70.0
903;790;17.0;30.0
904;349;17.0;100.0
905;1079;17.0;100.0
906;217;17.0;100.0
906;1068;52.0;""
907;2223;17.0;99.0
907;1320;17.0;1.0
907;1232;1.0;""
908;2123;17.0;100.0
908;457;21.0;""
909;995;17.0;0.0
910;2122;17.0;100.0
911;2136;17.0;44.66
911;514;17.0;22.58
911;1181;17.0;20.0
911;1868;17.0;12.76
912;240;17.0;100.0
913;1821;17.0;100.0
913;1813;28.0;""
914;106;17.0;0.0
915;822;17.0;80.0
915;256;17.0;20.0
916;2149;17.0;99.0
916;1947;17.0;0.5
916;1466;17.0;0.5
916;681;44.0;""
917;310;17.0;100.0
918;1349;17.0;60.0
918;514;17.0;40.0
919;1583;17.0;100.0
920;2147;17.0;100.0
921;1255;17.0;51.0
921;1624;17.0;49.0
922;1523;17.0;100.0
923;853;17.0;82.2
923;257;17.0;5.0
923;1862;17.0;12.8
923;454;11.0;""
924;1385;17.0;100.0
925;1862;17.0;100.0
926;1459;17.0;60.0
926;955;17.0;40.0
927;1339;17.0;99.0
927;1340;17.0;1.0
928;1284;17.0;100.0
929;1170;17.0;100.0
930;2050;28.0;""
930;788;17.0;100.0
930;803;50.0;""
930;741;50.0;""
931;514;17.0;100.0
932;1341;17.0;99.0
932;1340;17.0;1.0
933;852;17.0;50.0
933;304;17.0;50.0
934;1561;17.0;80.0
934;1156;17.0;10.0
934;1312;17.0;10.0
935;2057;17.0;99.0
935;2072;17.0;1.0
936;1140;17.0;100.0
937;1623;18.0;""
937;32;17.0;100.0
938;805;17.0;100.0
939;533;17.0;100.0
940;498;17.0;100.0
941;562;17.0;100.0
942;782;17.0;100.0
943;2275;17.0;100.0
944;1014;17.0;100.0
945;223;17.0;100.0
946;2275;17.0;99.0
946;1728;17.0;1.0
947;1332;17.0;100.0
947;1785;3.0;""
947;1326;54.0;""
948;236;17.0;100.0
949;2144;17.0;100.0
950;742;17.0;50.0
950;259;17.0;50.0
951;508;17.0;99.0
951;840;17.0;1.0
952;2259;17.0;100.0
953;840;17.0;100.0
954;1453;26.0;""
954;1364;17.0;100.0
955;1627;17.0;0.0
956;374;17.0;80.0
956;1516;17.0;20.0
957;2249;17.0;100.0
958;1862;17.0;100.0
959;938;17.0;100.0
960;207;9.0;""
960;649;17.0;100.0
961;2249;17.0;100.0
962;20;17.0;100.0
963;422;17.0;100.0
964;625;17.0;90.0
964;1042;17.0;10.0
965;1157;17.0;100.0
966;2190;17.0;97.41
966;2024;17.0;1.36
966;283;17.0;1.23
967;1881;17.0;100.0
968;1630;17.0;50.0
968;478;17.0;10.0
968;2193;17.0;10.0
968;1881;17.0;10.0
968;260;17.0;10.0
968;2048;17.0;10.0
969;1760;17.0;100.0
970;145;18.0;""
970;249;17.0;100.0
971;1927;17.0;100.0
973;243;17.0;100.0
974;2189;17.0;90.0
974;1776;17.0;10.0
975;767;17.0;100.0
975;209;44.0;""
976;1496;17.0;80.0
976;627;17.0;10.0
976;2080;17.0;10.0
977;2258;17.0;100.0
978;709;17.0;100.0
979;9;17.0;100.0
980;1853;17.0;0.0
981;1214;17.0;100.0
982;887;17.0;100.0
983;1063;17.0;100.0
984;1023;17.0;100.0
985;1998;17.0;100.0
986;1385;17.0;100.0
987;15;17.0;100.0
988;2197;17.0;100.0
989;88;17.0;100.0
990;1500;17.0;0.0
991;410;17.0;99.97
991;253;17.0;0.01
991;1895;17.0;0.01
991;254;17.0;0.01
992;1640;17.0;100.0
993;1850;3.0;""
993;1781;17.0;100.0
994;1635;17.0;100.0
995;1445;17.0;100.0
996;2170;17.0;100.0
997;1951;17.0;100.0
998;2275;17.0;100.0
999;1006;17.0;100.0
1000;387;17.0;80.0
1000;1013;17.0;20.0
1001;611;17.0;""
1001;638;17.0;""
1004;1584;38.0;""
1004;2122;17.0;100.0
1004;1992;54.0;""
1005;1323;17.0;100.0
1006;1189;17.0;0.0
1007;1582;17.0;25.0
1007;251;17.0;25.0
1007;1887;17.0;25.0
1007;2213;17.0;25.0
1008;1189;17.0;0.0
1009;805;17.0;100.0
1011;244;21.0;""
1011;847;17.0;100.0
1012;2079;17.0;55.0
1012;433;17.0;45.0
1013;87;17.0;100.0
1014;381;17.0;100.0
1015;1257;17.0;99.0
1015;1320;17.0;1.0
1016;890;17.0;100.0
1017;645;17.0;75.0
1017;1646;17.0;25.0
1018;2189;17.0;80.0
1018;850;17.0;20.0
1019;1110;17.0;99.0
1019;121;17.0;1.0
1020;332;17.0;99.0
1020;1491;17.0;0.64
1020;1414;17.0;0.3
1020;1073;17.0;0.05
1020;1820;17.0;0.005
1020;1067;17.0;0.0025
1020;1066;17.0;0.0025
1020;378;8.0;""
1021;499;17.0;49.4
1021;2124;17.0;26.2
1021;514;17.0;24.4
1023;296;17.0;99.7
1023;1320;17.0;0.1
1023;1620;17.0;0.1
1023;621;17.0;0.1
1025;439;17.0;95.0
1025;1792;17.0;5.0
1026;1762;17.0;100.0
1027;1310;17.0;85.0
1027;1309;17.0;15.0
1028;1586;17.0;90.0
1028;781;17.0;10.0
1029;255;17.0;90.0
1029;14;17.0;10.0
1030;840;17.0;100.0
1031;511;17.0;100.0
1032;693;17.0;0.0
1034;2243;17.0;100.0
1035;1025;17.0;100.0
1036;1766;17.0;100.0
1037;1946;17.0;100.0
1038;1114;17.0;62.63
1038;370;17.0;26.84
1038;513;17.0;10.53
1039;1221;17.0;50.0
1039;1140;17.0;50.0
1040;443;17.0;0.0
1040;1571;17.0;0.0
1041;298;17.0;100.0
1042;2258;17.0;100.0
1043;792;17.0;60.0
1043;888;17.0;40.0
1044;1422;17.0;100.0
1045;805;17.0;100.0
1046;1700;17.0;100.0
1047;382;17.0;""
1048;1715;17.0;100.0
1049;46;17.0;100.0
1050;841;17.0;""
1051;1971;17.0;100.0
1052;1775;17.0;51.0
1052;2259;17.0;49.0
1053;848;17.0;100.0
1054;2161;17.0;100.0
1054;593;10.0;""
1055;9;17.0;100.0
1056;1012;17.0;100.0
1057;1787;17.0;90.0
1057;1741;17.0;10.0
1058;491;17.0;90.0
1058;1567;17.0;10.0
1059;1339;17.0;99.0
1059;1340;17.0;1.0
1060;1153;17.0;100.0
1061;1724;17.0;100.0
1061;174;40.0;""
1062;683;17.0;40.0
1062;1291;17.0;40.0
1062;626;17.0;20.0
1062;294;40.0;""
1062;378;8.0;""
1063;2196;17.0;100.0
1064;1186;17.0;100.0
1065;950;17.0;100.0
1066;1551;17.0;60.0
1066;1266;17.0;40.0
1067;1870;17.0;44.0
1067;1300;17.0;44.0
1067;1776;17.0;12.0
1068;1803;32.0;""
1068;1041;32.0;""
1068;1481;32.0;""
1068;284;32.0;""
1068;1236;45.0;""
1068;2086;45.0;""
1068;1367;17.0;100.0
1069;815;17.0;100.0
1071;1530;33.0;""
1071;1449;17.0;100.0
1072;833;17.0;85.0
1072;659;17.0;15.0
1075;2265;17.0;100.0
1076;787;17.0;44.0
1076;28;17.0;31.0
1076;1408;17.0;25.0
1076;1148;21.0;""
1077;1532;17.0;100.0
1078;1202;17.0;100.0
1079;1307;17.0;80.0
1079;440;17.0;10.0
1079;478;17.0;10.0
1080;1203;17.0;100.0
1081;137;17.0;99.0
1081;2181;17.0;1.0
1082;1825;17.0;100.0
1083;693;17.0;0.0
1084;795;17.0;70.0
1084;1132;17.0;30.0
1085;754;17.0;100.0
1085;958;53.0;""
1085;898;18.0;""
1086;1529;17.0;99.8
1086;28;17.0;0.1
1086;83;17.0;0.1
1087;637;17.0;70.0
1087;1894;17.0;10.0
1087;1352;17.0;10.0
1087;15;17.0;10.0
1088;301;26.0;""
1088;1695;26.0;""
1088;432;26.0;""
1088;2027;26.0;""
1088;1931;17.0;99.0
1088;371;17.0;0.4
1088;373;17.0;0.4
1088;192;17.0;0.1
1088;1515;17.0;0.1
1089;226;17.0;100.0
1090;1383;17.0;90.0
1090;1776;17.0;10.0
1091;238;17.0;0.0
1092;628;17.0;0.0
1093;795;17.0;99.0
1093;1938;17.0;0.6
1093;1132;17.0;0.4
1094;480;3.0;""
1094;2127;17.0;100.0
1095;2082;17.0;99.0
1095;695;17.0;0.9
1095;823;17.0;0.1
1095;1725;33.0;""
1096;1008;17.0;0.0
1096;935;17.0;0.0
1097;1498;17.0;65.0
1097;824;17.0;20.0
1097;1074;17.0;15.0
1098;907;17.0;100.0
1099;2094;17.0;100.0
1101;338;17.0;50.0
1101;2053;17.0;50.0
1102;1173;17.0;100.0
1103;1265;17.0;100.0
1104;1011;17.0;100.0
1104;475;43.0;""
1104;908;43.0;""
1104;444;43.0;""
1104;281;21.0;""
1105;1876;17.0;100.0
1106;496;17.0;95.0
1106;412;17.0;5.0
1107;2059;17.0;99.0
1107;1679;17.0;1.0
1108;357;17.0;85.0
1108;676;17.0;15.0
1108;842;26.0;""
1109;261;17.0;50.0
1109;1495;17.0;50.0
1110;49;17.0;0.0
1111;1188;17.0;100.0
1112;1987;17.0;99.0
1112;14;17.0;0.5
1112;2072;17.0;0.5
1114;855;17.0;99.0
1114;360;17.0;0.5
1114;695;17.0;0.5
1114;1725;33.0;""
1115;1027;17.0;90.0
1115;62;17.0;10.0
1116;488;17.0;50.8
1116;376;17.0;49.0
1116;83;17.0;0.1
1116;325;17.0;0.1
1117;2249;17.0;100.0
1118;147;17.0;0.0
1119;205;17.0;100.0
1120;1271;17.0;100.0
1121;1204;17.0;81.25
1121;919;17.0;18.75
1122;1604;17.0;100.0
1123;62;17.0;100.0
1123;1838;40.0;""
1124;201;17.0;50.0
1124;537;17.0;50.0
1125;1231;17.0;90.0
1125;1689;17.0;10.0
1126;1064;13.0;""
1126;1781;17.0;100.0
1127;316;41.0;""
1127;664;41.0;""
1127;704;17.0;100.0
1128;703;17.0;100.0
1129;63;17.0;100.0
1130;1670;17.0;100.0
1131;1944;17.0;100.0
1132;1185;50.0;""
1132;152;17.0;100.0
1133;985;17.0;100.0
1134;326;17.0;100.0
1135;68;3.0;""
1135;1927;17.0;100.0
1136;722;17.0;56.25
1136;1423;17.0;43.75
1136;473;40.0;""
1137;1015;17.0;100.0
1138;1001;17.0;0.0
1139;1082;17.0;60.0
1139;273;17.0;40.0
1140;62;17.0;75.0
1140;895;17.0;25.0
1140;100;3.0;""
1140;1837;40.0;""
1141;569;17.0;100.0
1142;113;17.0;100.0
1142;1371;21.0;""
1143;1826;17.0;100.0
1144;591;17.0;99.0
1144;2095;17.0;0.5
1144;981;17.0;0.5
1145;584;17.0;50.0
1145;617;17.0;50.0
1146;628;17.0;0.0
1147;867;17.0;99.75
1147;866;17.0;0.25
1148;1134;17.0;100.0
1149;985;17.0;100.0
1150;1134;17.0;0.0
1151;634;17.0;100.0
1152;1437;17.0;100.0
1153;1472;1.0;""
1153;1749;17.0;5.0
1153;195;17.0;45.0
1153;991;17.0;25.0
1153;1965;17.0;25.0
1154;882;17.0;100.0
1155;315;17.0;99.0
1155;2175;17.0;0.5
1155;1842;17.0;0.5
1155;747;18.0;""
1156;1521;17.0;45.0
1156;1669;17.0;40.0
1156;2181;17.0;15.0
1157;1036;17.0;100.0
1157;812;18.0;""
1158;1228;17.0;100.0
1159;872;15.0;""
1159;1551;17.0;100.0
1159;877;50.0;""
1160;1716;17.0;100.0
1161;1031;17.0;60.0
1161;195;17.0;20.0
1161;991;17.0;20.0
1162;1826;17.0;100.0
1163;1448;17.0;100.0
1164;1397;17.0;90.0
1164;354;17.0;10.0
1165;716;10.0;""
1165;1059;1.0;""
1165;1746;17.0;100.0
1166;694;17.0;100.0
1167;1537;17.0;100.0
1168;80;17.0;99.0
1168;28;17.0;0.5
1168;83;17.0;0.3
1168;1365;17.0;0.2
1169;440;17.0;100.0
1170;540;17.0;80.0
1170;1615;17.0;20.0
1171;577;17.0;99.5
1171;584;17.0;0.5
1171;54;7.0;""
1172;916;17.0;99.8
1172;28;17.0;0.1
1172;83;17.0;0.1
1173;808;17.0;85.0
1173;1846;17.0;15.0
1173;2191;21.0;""
1174;1003;17.0;0.0
1174;736;17.0;0.0
1175;1756;17.0;100.0
1176;636;17.0;100.0
1177;1961;17.0;100.0
1178;1450;17.0;99.0
1178;206;17.0;0.5
1178;73;17.0;0.25
1178;1568;17.0;0.25
1178;1382;21.0;""
1179;201;17.0;100.0
1179;749;21.0;""
1180;943;17.0;0.0
1181;1282;17.0;100.0
1182;1033;17.0;98.0
1182;39;17.0;1.0
1182;1924;17.0;1.0
1182;1956;40.0;""
1183;1691;17.0;99.0
1183;1350;17.0;0.5
1183;2173;17.0;0.5
1183;1725;33.0;""
1184;1457;17.0;99.0
1184;2181;17.0;1.0
1185;2259;17.0;50.0
1185;1775;17.0;50.0
1186;525;17.0;99.0
1186;206;17.0;0.63
1186;383;17.0;0.37
1186;1091;21.0;""
1187;2158;17.0;89.5
1187;1861;17.0;10.0
1187;1905;17.0;0.25
1187;1574;17.0;0.25
1188;2276;17.0;100.0
1189;796;17.0;100.0
1190;1017;17.0;70.0
1190;1776;17.0;20.0
1190;2119;17.0;10.0
1191;1082;17.0;100.0
1191;2000;42.0;""
1192;377;17.0;100.0
1193;797;17.0;100.0
1193;441;3.0;""
1194;1440;17.0;100.0
1195;1637;17.0;100.0
1196;629;17.0;100.0
1197;1351;17.0;95.0
1197;1364;17.0;2.0
1197;847;17.0;1.53
1197;218;17.0;1.47
1197;1382;21.0;""
1197;1428;7.0;""
1198;655;17.0;84.48
1198;391;17.0;15.52
1199;590;17.0;95.0
1199;1332;17.0;5.0
1199;715;8.0;""
1200;1241;17.0;39.5
1200;257;17.0;30.0
1200;2056;17.0;30.0
1200;360;17.0;0.5
1200;1463;3.0;""
1201;122;17.0;0.0
1202;2063;17.0;50.4
1202;1082;17.0;33.6
1202;1776;17.0;16.0
1203;854;44.0;""
1203;1911;17.0;100.0
1204;870;17.0;99.0
1204;2101;17.0;0.32
1204;912;17.0;0.24
1204;1846;17.0;0.23
1204;1491;17.0;0.2
1204;1127;17.0;0.01
1204;470;45.0;""
1205;19;17.0;100.0
1205;436;40.0;""
1206;1332;17.0;100.0
1206;2029;3.0;""
1207;2219;17.0;99.0
1207;1350;17.0;0.5
1207;360;17.0;0.25
1207;695;17.0;0.25
1207;1725;33.0;""
1208;628;17.0;0.0
1209;1133;17.0;98.02
1209;706;17.0;1.98
1210;1225;17.0;100.0
1211;1163;17.0;99.0
1211;1679;17.0;1.0
1211;351;40.0;""
1212;2128;17.0;99.0
1212;360;17.0;0.5
1212;695;17.0;0.5
1212;1326;54.0;""
1213;212;17.0;100.0
1214;985;17.0;100.0
1215;459;17.0;""
1216;1082;17.0;100.0
1217;1724;17.0;51.0
1217;1126;17.0;49.0
1218;1724;17.0;50.0
1218;438;17.0;35.0
1218;176;17.0;15.0
1219;2265;17.0;100.0
1220;1501;17.0;99.0
1220;206;17.0;1.0
1220;1382;21.0;""
1221;2029;3.0;""
1221;590;17.0;95.0
1221;1332;17.0;5.0
1221;462;6.0;""
1221;827;38.0;""
1222;109;17.0;100.0
1223;62;17.0;90.0
1223;939;17.0;10.0
1223;1838;40.0;""
1224;1716;17.0;74.6
1224;1776;17.0;25.4
1225;20;17.0;50.0
1225;1040;17.0;49.0
1225;572;17.0;1.0
1226;1680;17.0;66.0
1226;1199;17.0;34.0
1226;718;51.0;""
1227;509;54.0;""
1227;2055;3.0;""
1227;1367;17.0;100.0
1228;115;51.0;""
1228;1821;17.0;100.0
1228;1099;21.0;""
1229;1011;17.0;100.0
1230;1694;17.0;100.0
1231;1058;17.0;100.0
1232;1706;17.0;50.0
1232;318;17.0;20.0
1232;1852;17.0;20.0
1232;1950;17.0;10.0
1233;1771;17.0;97.0
1233;206;17.0;1.0
1233;1491;17.0;1.0
1233;154;17.0;1.0
1233;1382;21.0;""
1234;1419;17.0;100.0
1235;1653;17.0;57.46
1235;280;17.0;42.54
1236;85;17.0;100.0
1237;1668;17.0;97.0
1237;1776;17.0;1.0
1237;1862;17.0;1.0
1237;1504;17.0;0.5
1237;1320;17.0;0.5
1238;1324;17.0;85.45
1238;654;17.0;14.55
1239;237;17.0;100.0
1240;503;17.0;50.0
1240;740;17.0;50.0
1241;937;17.0;100.0
1242;794;17.0;100.0
1242;738;47.0;""
1242;1819;35.0;""
1243;1644;17.0;87.0
1243;1864;17.0;13.0
1244;2143;18.0;""
1244;2019;17.0;100.0
1245;1724;17.0;51.0
1245;354;17.0;49.0
1246;788;17.0;90.0
1246;273;17.0;10.0
1247;971;17.0;50.0
1247;1321;17.0;50.0
1248;1701;17.0;100.0
1249;954;17.0;75.0
1249;273;17.0;25.0
1250;1302;17.0;40.0
1250;206;17.0;30.0
1250;1294;17.0;30.0
1251;402;41.0;""
1251;1781;17.0;85.0
1251;268;17.0;15.0
1252;984;17.0;100.0
1253;1038;17.0;99.0
1253;786;17.0;1.0
1254;850;17.0;100.0
1254;470;45.0;""
1255;2016;17.0;100.0
1256;1172;17.0;89.5
1256;1861;17.0;10.0
1256;385;17.0;0.25
1256;925;17.0;0.15
1256;2242;17.0;0.1
1257;1595;17.0;31.45
1257;1847;17.0;20.0
1257;1808;17.0;15.0
1257;1776;17.0;13.55
1257;1719;17.0;10.0
1257;1576;17.0;10.0
1257;502;3.0;""
1258;1235;17.0;100.0
1258;1590;14.0;""
1259;1885;17.0;99.0
1259;1549;17.0;1.0
1260;2005;17.0;99.0
1260;1924;17.0;1.0
1261;314;17.0;80.0
1261;2214;17.0;20.0
1262;954;17.0;30.0
1262;1294;17.0;30.0
1262;1301;17.0;30.0
1262;1302;17.0;10.0
1263;1335;17.0;80.0
1263;603;17.0;20.0
1264;1973;17.0;99.0
1264;429;17.0;0.35
1264;430;17.0;0.35
1264;339;17.0;0.3
1265;623;17.0;99.0
1265;516;17.0;0.5
1265;1832;17.0;0.5
1266;2118;17.0;100.0
1267;1989;17.0;95.0
1267;883;17.0;5.0
1267;865;3.0;""
1267;100;3.0;""
1268;1506;17.0;100.0
1269;1393;17.0;100.0
1270;1154;17.0;50.0
1270;251;17.0;50.0
1271;1861;17.0;60.0
1271;2101;17.0;40.0
1272;257;17.0;50.0
1272;453;17.0;49.0
1272;1549;17.0;1.0
1273;1823;17.0;90.0
1273;1861;17.0;10.0
1274;720;17.0;99.0
1274;1614;17.0;0.45
1274;531;17.0;0.45
1274;1755;17.0;0.1
1274;1906;47.0;""
1275;1557;17.0;100.0
1276;92;17.0;99.9
1276;2175;17.0;0.1
1276;747;18.0;""
1276;160;45.0;""
1277;500;17.0;100.0
1278;1302;17.0;56.25
1278;2142;17.0;31.25
1278;2172;17.0;12.5
1278;1256;3.0;""
1278;1569;3.0;""
1279;423;17.0;100.0
1280;1880;17.0;88.0
1280;71;17.0;2.0
1280;1638;17.0;10.0
1280;669;33.0;""
1281;581;12.0;""
1281;1927;17.0;50.0
1281;230;17.0;50.0
1282;324;17.0;100.0
1283;977;17.0;100.0
1284;1812;1.0;""
1284;879;17.0;99.9
1284;7;17.0;0.1
1284;903;8.0;""
1285;1155;17.0;100.0
1286;1255;17.0;100.0
1287;89;17.0;100.0
1288;1772;17.0;99.9
1288;407;17.0;0.05
1288;7;17.0;0.05
1288;846;9.0;""
1289;224;17.0;100.0
1289;26;51.0;""
1290;2256;17.0;99.0
1290;954;17.0;0.7
1290;371;17.0;0.3
1291;1082;17.0;100.0
1291;1054;26.0;""
1291;115;51.0;""
1292;1914;17.0;99.0
1292;201;17.0;0.5
1292;1074;17.0;0.5
1292;2055;3.0;""
1293;513;17.0;7.57
1293;2206;17.0;34.66
1293;911;17.0;34.66
1294;821;17.0;0.0
1295;188;17.0;81.75
1295;1588;17.0;7.5
1295;1581;17.0;10.0
1295;2181;17.0;0.25
1295;1521;17.0;0.25
1295;1707;17.0;0.25
1296;619;3.0;""
1296;542;3.0;""
1296;2134;17.0;80.0
1296;141;17.0;20.0
1297;1752;17.0;100.0
1298;607;17.0;100.0
1298;1954;"";""
1299;1357;17.0;50.0
1299;1994;17.0;50.0
1300;2161;17.0;100.0
1300;2011;14.0;""
1301;2265;17.0;100.0
1302;1416;17.0;0.0
1302;507;17.0;0.0
1302;932;17.0;0.0
1303;2262;17.0;85.0
1303;29;17.0;5.0
1303;191;17.0;5.0
1303;833;17.0;5.0
1303;942;21.0;""
1304;1294;17.0;60.0
1304;1301;17.0;5.0
1304;1302;17.0;35.0
1305;1248;17.0;55.0
1305;400;17.0;25.0
1305;1127;17.0;20.0
1306;2274;17.0;99.3
1306;257;17.0;0.25
1306;2056;17.0;0.25
1306;83;17.0;0.2
1307;1671;17.0;100.0
1308;2251;17.0;89.1
1308;666;17.0;10.0
1308;1764;17.0;0.9
1308;1560;8.0;""
1308;1347;37.0;""
1309;1408;17.0;95.27
1309;511;17.0;4.73
1309;1308;33.0;""
1310;530;17.0;100.0
1311;417;17.0;100.0
1312;1984;42.0;""
1312;447;42.0;""
1312;1249;17.0;100.0
1313;1733;18.0;""
1313;1137;17.0;100.0
1314;1709;17.0;100.0
1315;764;3.0;""
1315;1234;3.0;""
1315;1052;17.0;60.0
1315;2134;17.0;40.0
1316;1923;17.0;29.49
1316;1219;17.0;29.49
1316;1776;17.0;26.26
1316;1943;17.0;14.76
1317;652;17.0;100.0
1319;1716;17.0;68.0
1319;1776;17.0;32.0
1320;418;17.0;100.0
1321;1141;17.0;100.0
1322;357;17.0;100.0
1323;818;17.0;99.0
1323;201;17.0;0.56
1323;625;17.0;0.44
1323;11;18.0;""
1324;1602;17.0;90.0
1324;371;17.0;10.0
1325;132;17.0;99.0
1325;201;17.0;0.7
1325;1289;17.0;0.3
1325;274;45.0;""
1326;323;18.0;""
1326;289;17.0;100.0
1327;1841;19.0;""
1327;1075;17.0;100.0
1328;1280;17.0;70.0
1328;980;17.0;30.0
1329;1779;17.0;99.0
1329;41;17.0;0.7
1329;2239;17.0;0.3
1330;2125;17.0;50.0
1330;2015;17.0;10.0
1330;1894;17.0;10.0
1330;15;17.0;10.0
1330;550;17.0;10.0
1330;637;17.0;10.0
1332;273;17.0;49.95
1332;626;17.0;49.95
1332;1331;17.0;0.1
1332;1814;21.0;""
1333;1967;17.0;99.0
1333;1127;17.0;0.45
1333;1247;17.0;0.45
1333;724;17.0;0.1
1334;1315;17.0;100.0
1335;220;17.0;""
1336;1315;17.0;100.0
1336;1738;40.0;""
1337;393;17.0;100.0
1338;660;17.0;100.0
1339;963;17.0;100.0
1340;547;40.0;""
1340;1596;40.0;""
1340;409;6.0;""
1340;477;17.0;100.0
1341;986;17.0;35.0
1341;1895;17.0;20.0
1341;367;17.0;20.0
1341;994;17.0;15.0
1341;801;17.0;10.0
1342;880;5.0;""
1342;1050;17.0;100.0
1343;843;17.0;99.0
1343;28;17.0;0.5
1343;570;17.0;0.5
1343;2097;42.0;""
1344;1410;17.0;62.5
1344;640;17.0;5.0
1344;985;17.0;30.0
1344;511;17.0;2.5
1344;851;39.0;""
1345;2229;17.0;89.0
1345;1861;17.0;10.0
1345;2230;17.0;1.0
1346;814;3.0;""
1346;2114;3.0;""
1346;1607;6.0;""
1346;600;17.0;100.0
1347;730;17.0;75.0
1347;1589;17.0;25.0
1348;668;17.0;63.6
1348;177;17.0;19.42
1348;511;17.0;16.98
1349;1404;17.0;99.0
1349;360;17.0;0.5
1349;1924;17.0;0.5
1349;36;12.0;""
1350;1818;13.0;""
1350;1542;17.0;100.0
1351;1235;17.0;50.0
1351;273;17.0;37.5
1351;1295;17.0;12.5
1351;538;33.0;""
1352;2122;17.0;100.0
1352;1343;9.0;""
1353;1198;17.0;50.85
1353;1776;17.0;33.15
1353;1863;17.0;16.0
1355;608;17.0;99.0
1355;2026;17.0;0.5
1355;468;17.0;0.5
1356;1726;17.0;99.0
1356;2175;17.0;0.34
1356;2180;17.0;0.33
1356;1966;17.0;0.33
1356;155;18.0;""
1357;615;17.0;79.5
1357;2170;17.0;10.0
1357;2176;17.0;10.0
1357;1313;17.0;0.5
1358;1921;17.0;50.0
1358;834;17.0;50.0
1359;1439;17.0;0.0
1360;1122;17.0;99.0
1360;360;17.0;0.5
1360;695;17.0;0.5
1360;1326;54.0;""
1361;442;17.0;87.5
1361;1320;17.0;12.5
1361;282;21.0;""
1362;2267;17.0;99.0
1362;1408;17.0;0.5
1362;2175;17.0;0.49
1362;2180;17.0;0.01
1362;1622;10.0;""
1363;1023;17.0;100.0
1364;1302;17.0;100.0
1365;1821;17.0;100.0
1365;115;51.0;""
1366;1067;17.0;95.14
1366;701;17.0;3.25
1366;1414;17.0;0.65
1366;128;17.0;0.32
1366;1748;17.0;0.32
1366;524;17.0;0.32
1367;2109;17.0;99.45
1367;695;17.0;0.28
1367;360;17.0;0.27
1367;1584;38.0;""
1368;1764;17.0;56.0
1368;1353;17.0;24.0
1368;511;17.0;20.0
1369;1561;17.0;80.0
1369;306;17.0;20.0
1369;1702;26.0;""
1369;806;26.0;""
1369;717;40.0;""
1370;1601;17.0;45.0
1370;1828;17.0;45.0
1370;514;17.0;10.0
1371;1850;3.0;""
1371;1746;17.0;75.0
1371;1846;17.0;25.0
1372;2052;17.0;50.0
1372;1187;17.0;50.0
1373;64;17.0;50.0
1373;1709;17.0;50.0
1374;1410;17.0;82.57
1374;511;17.0;17.43
1375;1671;17.0;100.0
1376;340;17.0;99.0
1376;1840;17.0;0.9
1376;1744;17.0;0.1
1377;995;17.0;0.0
1377;943;17.0;0.0
1378;1758;17.0;100.0
1379;1775;17.0;51.0
1379;1504;17.0;49.0
1380;2265;17.0;100.0
1380;1099;21.0;""
1380;228;21.0;""
1381;1374;17.0;0.0
1382;583;17.0;7.81
1382;1941;17.0;47.98
1382;1776;17.0;44.21
1383;1852;17.0;100.0
1384;1079;17.0;100.0
1385;1432;17.0;99.0
1385;1367;17.0;1.0
1386;1129;17.0;100.0
1387;1717;40.0;""
1387;414;17.0;80.0
1387;303;17.0;20.0
1387;1209;21.0;""
1388;2078;17.0;100.0
1388;1636;54.0;""
1389;756;1.0;""
1389;161;17.0;100.0
1389;546;47.0;""
1390;589;17.0;100.0
1391;386;17.0;99.0
1391;1082;17.0;0.34
1391;206;17.0;0.33
1391;722;17.0;0.33
1391;1045;22.0;""
1392;1176;17.0;99.0
1392;2175;17.0;0.65
1392;1491;17.0;0.3
1392;2180;17.0;0.05
1392;1180;55.0;""
1393;1466;17.0;100.0
1394;995;17.0;0.0
1394;943;17.0;0.0
1395;929;17.0;100.0
1396;98;17.0;99.0
1396;1562;17.0;0.5
1396;2175;17.0;0.49
1396;2180;17.0;0.01
1396;27;18.0;""
1397;1589;17.0;60.0
1397;125;17.0;40.0
1398;2113;17.0;97.0
1398;1156;17.0;1.25
1398;1067;17.0;1.13
1398;524;17.0;0.62
1398;115;51.0;""
1399;1824;17.0;90.0
1399;1716;17.0;10.0
1400;564;17.0;100.0
1401;1101;21.0;""
1401;979;21.0;""
1401;787;17.0;100.0
1402;2129;17.0;99.0
1402;2180;17.0;0.34
1402;2175;17.0;0.33
1402;1842;17.0;0.33
1403;671;17.0;99.0
1403;1056;17.0;0.43
1403;1549;17.0;0.22
1403;1350;17.0;0.21
1403;808;17.0;0.14
1403;1897;21.0;""
1404;1129;17.0;100.0
1405;584;17.0;31.0
1405;566;17.0;30.0
1405;1251;17.0;19.0
1405;1854;17.0;10.0
1405;599;17.0;10.0
1406;513;17.0;86.01
1406;1563;17.0;8.23
1406;1442;17.0;5.76
1407;1474;21.0;""
1407;625;17.0;71.43
1407;614;17.0;28.57
1408;1353;17.0;43.13
1408;1786;17.0;41.58
1408;516;17.0;14.71
1408;857;17.0;0.58
1409;1798;17.0;100.0
1410;861;17.0;100.0
1410;948;1.0;""
1411;2137;17.0;99.0
1411;722;17.0;0.75
1411;371;17.0;0.25
1411;900;22.0;""
1412;771;18.0;""
1412;1886;17.0;100.0
1413;913;17.0;99.0
1413;2053;17.0;0.8
1413;1408;17.0;0.2
1413;1699;8.0;""
1414;1966;17.0;100.0
1415;1160;3.0;""
1415;1569;3.0;""
1415;2161;17.0;60.0
1415;1643;17.0;40.0
1415;16;21.0;""
1416;131;17.0;80.0
1416;1791;17.0;20.0
1417;1027;17.0;80.0
1417;1858;17.0;20.0
1418;1949;17.0;100.0
1419;184;17.0;100.0
1420;1532;17.0;100.0
1421;1862;17.0;100.0
1422;276;17.0;100.0
1423;1502;17.0;30.0
1423;1783;17.0;23.4
1423;540;17.0;23.3
1423;146;17.0;23.3
1424;1898;17.0;84.99
1424;257;17.0;14.01
1424;733;17.0;1.0
1425;82;17.0;99.0
1425;257;17.0;0.5
1425;83;17.0;0.5
1426;1470;17.0;50.0
1426;1061;17.0;50.0
1427;1882;17.0;99.7
1427;303;17.0;0.1
1427;252;17.0;0.1
1427;2058;17.0;0.1
1427;1062;42.0;""
1427;1817;37.0;""
1428;1706;17.0;70.0
1428;1950;17.0;30.0
1429;1422;17.0;55.0
1429;625;17.0;35.0
1429;569;17.0;10.0
1429;809;36.0;""
1430;1692;17.0;100.0
1431;134;17.0;100.0
1432;1570;17.0;94.33
1432;1776;17.0;5.67
1432;904;33.0;""
1432;25;3.0;""
1433;793;17.0;100.0
1434;1105;17.0;100.0
1435;395;17.0;""
1436;1409;17.0;84.85
1436;1651;17.0;15.15
1437;1426;17.0;99.0
1437;1320;17.0;0.5
1437;1513;17.0;0.5
1437;1465;8.0;""
1437;2177;8.0;""
1438;779;17.0;100.0
1439;69;17.0;88.0
1439;614;17.0;12.0
1440;1904;17.0;98.0
1440;733;17.0;1.0
1440;1028;17.0;1.0
1440;1098;21.0;""
1440;1816;37.0;""
1440;170;40.0;""
1440;1585;38.0;""
1441;969;17.0;99.0
1441;286;17.0;0.5
1441;926;17.0;0.3
1441;1051;17.0;0.2
1441;2191;21.0;""
1442;1357;17.0;53.0
1442;1821;17.0;25.0
1442;722;17.0;22.0
1442;358;51.0;""
1443;1385;17.0;100.0
1444;545;17.0;99.0
1444;1367;17.0;0.5
1444;1953;17.0;0.5
1445;1289;17.0;100.0
1446;415;17.0;100.0
1447;1128;51.0;""
1447;1494;17.0;61.3
1447;682;17.0;38.7
1448;461;17.0;40.0
1448;120;17.0;40.0
1448;1413;17.0;20.0
1449;631;17.0;99.0
1449;572;17.0;1.0
1450;1609;17.0;100.0
1451;871;17.0;9.62
1451;1863;17.0;7.1
1451;1834;17.0;42.44
1451;823;17.0;40.84
1451;1815;37.0;""
1452;318;17.0;100.0
1453;1124;17.0;99.0
1453;206;17.0;1.0
1453;1382;21.0;""
1453;1099;21.0;""
1454;272;21.0;""
1454;331;17.0;100.0
1455;750;17.0;100.0
1456;335;17.0;99.0
1456;770;17.0;0.48
1456;912;17.0;0.26
1456;1846;17.0;0.26
1456;1327;45.0;""
1457;2123;17.0;100.0
1457;2121;17.0;""
1457;1660;21.0;""
1458;2122;17.0;100.0
1459;651;17.0;50.0
1459;573;17.0;50.0
1460;1116;17.0;99.0
1460;1166;17.0;0.5
1460;289;17.0;0.5
1460;1558;7.0;""
1461;992;17.0;92.71
1461;1617;17.0;7.29
1462;431;17.0;100.0
1463;1517;17.0;95.0
1463;722;17.0;4.9
1463;1233;17.0;0.1
1463;1090;21.0;""
1464;1847;17.0;100.0
1465;622;17.0;100.0
1466;1740;17.0;100.0
1467;1749;17.0;85.0
1467;1720;17.0;15.0
1467;1438;26.0;""
1468;1333;17.0;100.0
1469;1570;17.0;52.5
1469;1780;17.0;47.5
1469;1610;21.0;""
1470;1900;17.0;100.0
1471;600;17.0;100.0
1472;1094;17.0;100.0
1473;141;17.0;83.0
1473;1444;17.0;2.0
1473;528;17.0;2.0
1473;1482;17.0;12.0
1473;1539;17.0;1.0
1474;131;17.0;50.0
1474;1990;17.0;50.0
1475;55;17.0;99.0
1475;1320;17.0;1.0
1475;1633;21.0;""
1476;1332;17.0;100.0
1476;921;54.0;""
1477;237;17.0;100.0
1478;511;17.0;95.0
1478;28;17.0;5.0
1479;397;17.0;97.0
1479;737;17.0;1.0
1479;1149;17.0;1.0
1479;493;17.0;1.0
1480;1446;17.0;100.0
1481;1080;17.0;55.0
1481;571;17.0;45.0
1482;1982;17.0;100.0
1483;1207;17.0;100.0
1484;1495;17.0;100.0
1485;1229;17.0;100.0
1486;2171;17.0;70.0
1486;2202;17.0;30.0
1487;1330;17.0;99.0
1487;2175;17.0;0.5
1487;1491;17.0;0.5
1487;1796;40.0;""
1488;1029;17.0;0.0
1490;2007;17.0;100.0
1491;194;33.0;""
1491;1159;17.0;100.0
1492;211;17.0;100.0
1493;2010;17.0;100.0
1494;2123;17.0;74.82
1494;1084;17.0;25.18
1495;779;17.0;100.0
1496;624;17.0;100.0
1497;1504;17.0;50.0
1497;1320;17.0;50.0
1498;972;17.0;0.0
1499;1950;17.0;100.0
1500;290;37.0;""
1500;1410;17.0;100.0
1500;1986;21.0;""
1501;1829;17.0;80.0
1501;28;17.0;5.0
1501;1798;17.0;15.0
1502;2021;17.0;99.0
1502;206;17.0;1.0
1502;1382;21.0;""
1503;2092;17.0;99.0
1503;1791;17.0;0.5
1503;808;17.0;0.5
1504;1849;17.0;99.0
1504;161;17.0;0.5
1504;1067;17.0;0.3
1504;1066;17.0;0.2
1504;918;21.0;""
1504;228;21.0;""
1505;1742;17.0;0.0
1506;308;17.0;50.0
1506;940;17.0;50.0
1507;1938;17.0;80.0
1507;795;17.0;10.0
1507;1132;17.0;10.0
1508;639;17.0;100.0
1509;618;17.0;100.0
1510;1737;17.0;100.0
1511;1424;17.0;100.0
1512;1789;17.0;100.0
1513;2031;17.0;100.0
1514;372;3.0;""
1514;450;17.0;100.0
1515;248;17.0;94.46
1515;654;17.0;5.54
1516;127;17.0;70.0
1516;651;17.0;30.0
1517;730;17.0;100.0
1518;698;17.0;80.2
1518;511;17.0;19.8
1519;1525;17.0;99.0
1519;1350;17.0;0.5
1519;1549;17.0;0.5
1520;712;17.0;100.0
1521;933;17.0;100.0
1522;1420;3.0;""
1522;740;17.0;100.0
1523;1434;17.0;100.0
1523;1369;1.0;""
1523;1467;1.0;""
1524;1385;17.0;100.0
1525;1283;17.0;100.0
1527;1824;17.0;51.0
1527;1716;17.0;5.5
1527;1776;17.0;43.5
1528;1060;17.0;50.0
1528;728;17.0;50.0
1529;626;17.0;39.0
1529;94;17.0;38.0
1529;2019;17.0;22.0
1529;273;17.0;1.0
1529;1054;26.0;""
1530;1788;17.0;100.0
1531;1197;17.0;51.0
1531;2159;17.0;49.0
1531;1382;21.0;""
1532;909;17.0;50.0
1532;999;17.0;50.0
1532;2046;21.0;""
1532;96;21.0;""
1533;1270;17.0;86.25
1533;1776;17.0;13.75
1533;619;3.0;""
1534;629;17.0;0.0
1535;1415;3.0;""
1535;1483;3.0;""
1535;863;3.0;""
1535;1658;3.0;""
1535;1827;3.0;""
1535;641;17.0;99.0
1535;1262;17.0;0.8
1535;2127;17.0;0.15
1535;203;17.0;0.05
1536;40;30.0;""
1536;471;21.0;""
1536;1082;17.0;100.0
1536;1774;15.0;""
1536;772;50.0;""
1537;690;17.0;100.0
1538;1731;44.0;""
1538;1944;17.0;100.0
1539;1852;17.0;100.0
1539;1956;40.0;""
1540;1673;17.0;100.0
1541;2096;17.0;99.0
1541;142;17.0;1.0
1542;600;17.0;100.0
1543;1305;21.0;""
1543;1129;17.0;43.35
1543;2090;17.0;43.35
1543;1777;17.0;13.3
1543;717;40.0;""
1544;2204;17.0;""
1545;1;3.0;""
1545;401;17.0;99.9
1545;1924;17.0;0.1
1546;571;17.0;86.71
1546;1867;17.0;13.29
1547;353;17.0;100.0
1548;1605;17.0;50.0
1548;48;17.0;50.0
1549;1911;17.0;50.0
1549;511;17.0;4.25
1549;925;17.0;35.75
1549;159;17.0;10.0
1549;1942;36.0;""
1550;1778;17.0;99.0
1550;1730;17.0;1.0
1551;1391;17.0;99.0
1551;1393;17.0;1.0
1552;1940;17.0;97.0
1552;937;17.0;3.0
1552;309;3.0;""
1553;740;17.0;99.0
1553;428;17.0;1.0
1554;923;17.0;100.0
1555;748;17.0;50.0
1555;2161;17.0;25.0
1555;2164;17.0;25.0
1555;346;12.0;""
1556;750;17.0;87.51
1556;222;17.0;12.49
1556;1654;2.0;""
1557;1775;17.0;51.0
1557;2259;17.0;49.0
1558;344;17.0;97.0
1558;1060;17.0;1.0
1558;728;17.0;1.0
1558;1088;17.0;1.0
1559;1030;17.0;100.0
1560;580;17.0;56.0
1560;1365;17.0;24.0
1560;1297;17.0;10.0
1560;1689;17.0;10.0
1561;318;17.0;50.0
1561;602;17.0;50.0
1562;186;17.0;33.34
1562;1963;17.0;33.33
1562;946;17.0;33.33
1563;1890;17.0;69.82
1563;1243;17.0;3.5
1563;60;17.0;25.18
1563;1106;17.0;1.5
1564;1055;17.0;100.0
1565;1363;17.0;95.27
1565;729;17.0;2.73
1565;2194;17.0;1.0
1565;945;17.0;1.0
1566;1703;17.0;100.0
1567;1711;17.0;98.0
1567;1318;17.0;1.0
1567;1291;17.0;1.0
1567;294;40.0;""
1568;1608;17.0;99.0
1568;201;17.0;0.63
1568;371;17.0;0.27
1568;1156;17.0;0.1
1568;12;19.0;""
1569;2110;17.0;100.0
1570;1616;17.0;100.0
1570;274;45.0;""
1571;2126;17.0;100.0
1572;1767;17.0;100.0
1573;156;17.0;55.0
1573;1583;17.0;45.0
1574;1142;17.0;95.0
1574;2161;17.0;5.0
1575;123;17.0;99.5
1575;584;17.0;0.35
1575;985;17.0;0.15
1575;610;40.0;""
1576;1535;17.0;50.0
1576;2030;17.0;50.0
1577;1806;17.0;99.0
1577;1679;17.0;1.0
1578;1295;17.0;66.67
1578;28;17.0;33.33
1579;1975;17.0;97.0
1579;2240;17.0;2.0
1579;1331;17.0;0.9
1579;293;17.0;0.1
1579;1382;21.0;""
1580;1348;17.0;""
1581;1215;17.0;100.0
1581;294;40.0;""
1582;2123;17.0;100.0
1583;1993;17.0;69.0
1583;39;17.0;31.0
1583;1799;40.0;""
1584;995;17.0;0.0
1584;943;17.0;0.0
1585;1281;17.0;100.0
1586;768;17.0;80.0
1586;1755;17.0;20.0
1587;131;17.0;90.0
1587;118;17.0;10.0
1588;1272;17.0;90.0
1588;257;17.0;9.5
1588;727;17.0;0.5
1590;1673;17.0;50.0
1590;1747;17.0;50.0
1591;2160;17.0;98.33
1591;1488;17.0;1.67
1591;1415;3.0;""
1591;1569;3.0;""
1592;651;17.0;50.0
1592;2122;17.0;50.0
1593;985;17.0;50.0
1593;195;17.0;50.0
1593;2187;21.0;""
1593;1859;52.0;""
1594;1392;17.0;99.0
1594;1393;17.0;1.0
1595;1229;17.0;98.86
1595;1865;17.0;1.14
1596;2277;17.0;75.0
1596;144;17.0;25.0
1598;2240;17.0;70.0
1598;1170;17.0;5.0
1598;371;17.0;15.0
1598;117;17.0;10.0
1599;1117;17.0;99.0
1599;257;17.0;0.5
1599;17;17.0;0.5
1600;504;17.0;100.0
1601;544;17.0;84.0
1601;1246;17.0;15.0
1601;1720;17.0;0.5
1601;1749;17.0;0.5
1601;2075;8.0;""
1602;2135;17.0;97.5
1602;257;17.0;0.5
1602;1342;17.0;0.5
1602;2056;17.0;0.5
1602;1696;17.0;0.5
1602;289;17.0;0.5
1603;485;17.0;100.0
1604;1749;17.0;50.0
1604;489;17.0;50.0
1605;1285;17.0;50.0
1605;1555;17.0;20.0
1605;1147;17.0;20.0
1605;2166;17.0;10.0
1606;881;44.0;""
1606;1278;17.0;100.0
1607;1557;17.0;81.0
1607;1867;17.0;19.0
1608;918;21.0;""
1608;161;17.0;100.0
1608;1843;1.0;""
1608;1685;40.0;""
1609;1002;17.0;50.0
1609;2115;17.0;30.0
1609;1593;17.0;20.0
1610;124;17.0;100.0
1611;1599;17.0;99.0
1611;1991;17.0;1.0
1611;1544;21.0;""
1612;511;17.0;100.0
1613;558;17.0;100.0
1614;693;17.0;100.0
1615;1706;17.0;63.95
1615;1776;17.0;36.05
1616;1519;17.0;62.0
1616;1501;17.0;37.0
1616;206;17.0;1.0
1616;1382;21.0;""
1616;723;21.0;""
1617;2010;17.0;100.0
1618;1950;17.0;46.4
1618;497;17.0;43.36
1618;1611;17.0;10.24
1619;974;17.0;100.0
1620;2078;17.0;100.0
1621;1749;17.0;65.0
1621;1065;17.0;35.0
1622;74;3.0;""
1622;1325;3.0;""
1622;1332;17.0;100.0
1622;312;33.0;""
1623;540;17.0;33.33
1623;2212;17.0;33.33
1623;1718;17.0;33.33
1624;2145;17.0;95.0
1624;2122;17.0;5.0
1625;1350;17.0;50.0
1625;1022;17.0;25.0
1625;517;17.0;25.0
1626;479;17.0;0.0
1627;2085;17.0;98.75
1627;572;17.0;1.25
1627;2070;46.0;""
1628;101;17.0;100.0
1629;549;17.0;100.0
1630;750;17.0;50.0
1630;2017;17.0;50.0
1631;357;17.0;93.08
1631;1324;17.0;6.92
1632;1386;17.0;99.0
1632;1679;17.0;1.0
1633;1981;17.0;100.0
1634;739;17.0;93.0
1634;233;17.0;7.0
1635;1781;17.0;40.0
1635;1237;17.0;40.0
1635;268;17.0;20.0
1635;434;33.0;""
1636;1145;17.0;90.0
1636;1218;17.0;10.0
1637;1826;17.0;99.0
1637;2132;17.0;1.0
1638;1103;21.0;""
1638;1104;21.0;""
1638;2062;1.0;""
1638;971;17.0;100.0
1638;262;10.0;""
1638;2074;8.0;""
1639;328;17.0;99.0
1639;1840;17.0;1.0
1639;1071;3.0;""
1639;601;3.0;""
1640;836;17.0;100.0
1641;628;17.0;100.0
1642;782;17.0;100.0
1643;93;17.0;99.9
1643;740;17.0;0.05
1643;1924;17.0;0.05
1643;865;3.0;""
1643;100;3.0;""
1643;1182;21.0;""
1644;1470;17.0;33.34
1644;728;17.0;33.33
1644;232;17.0;33.33
1645;1631;17.0;100.0
1646;2244;17.0;97.0
1646;971;17.0;1.0
1646;1321;17.0;1.0
1646;2175;17.0;1.0
1646;1182;21.0;""
1647;1548;17.0;99.0
1647;2040;17.0;0.25
1647;989;17.0;0.25
1647;2264;17.0;0.25
1647;307;17.0;0.25
1648;531;17.0;100.0
1649;273;17.0;50.0
1649;1082;17.0;50.0
1649;378;8.0;""
1650;1207;17.0;40.0
1650;2169;17.0;30.0
1650;1130;17.0;30.0
1651;991;17.0;45.0
1651;349;17.0;25.0
1651;912;17.0;20.0
1651;350;17.0;10.0
1651;336;21.0;""
1652;628;17.0;0.0
1653;1390;17.0;100.0
1654;1164;3.0;""
1654;1040;17.0;92.59
1654;1490;17.0;7.11
1654;572;17.0;0.3
1655;2239;17.0;80.0
1655;53;17.0;20.0
1656;931;17.0;64.29
1656;1470;17.0;5.0
1656;1776;17.0;30.71
1657;2120;17.0;100.0
1657;100;3.0;""
1658;625;17.0;100.0
1659;996;17.0;""
1660;2209;17.0;99.0
1660;1846;17.0;0.75
1660;1923;17.0;0.15
1660;1746;17.0;0.1
1660;1463;3.0;""
1660;941;3.0;""
1660;1667;1.0;""
1661;2099;17.0;100.0
1662;113;17.0;57.45
1662;2172;17.0;25.55
1662;197;17.0;17.0
1663;2181;17.0;85.0
1663;347;17.0;15.0
1664;2218;17.0;99.0
1664;494;17.0;0.5
1664;2175;17.0;0.4
1664;2180;17.0;0.1
1664;747;18.0;""
1665;1674;17.0;99.0
1665;203;17.0;1.0
1666;802;17.0;0.0
1667;193;17.0;100.0
1668;1990;17.0;56.0
1668;1865;17.0;40.0
1668;28;17.0;4.0
1669;748;17.0;80.0
1669;991;17.0;20.0
1670;511;17.0;56.87
1670;838;17.0;21.56
1670;1082;17.0;21.56
1671;943;17.0;75.0
1671;995;17.0;25.0
1672;1847;17.0;100.0
1673;72;17.0;90.34
1673;70;17.0;9.66
1674;1410;17.0;7.0
1674;1754;17.0;55.0
1674;2107;17.0;15.0
1674;153;17.0;12.0
1674;1291;17.0;11.0
1675;1628;17.0;100.0
1676;1388;17.0;99.0
1676;1072;17.0;0.75
1676;2009;17.0;0.25
1677;1720;17.0;45.0
1677;646;17.0;40.0
1677;373;17.0;15.0
1678;584;17.0;70.0
1678;203;17.0;30.0
1679;171;17.0;100.0
1680;2172;17.0;100.0
1681;1418;17.0;81.27
1681;1866;17.0;2.56
1681;1776;17.0;15.17
1681;2052;17.0;1.0
1682;107;17.0;100.0
1683;245;16.0;""
1683;2150;17.0;98.0
1683;2134;17.0;1.0
1683;1270;17.0;1.0
1683;902;12.0;""
1684;1958;17.0;100.0
1685;849;33.0;""
1685;168;33.0;""
1685;2225;17.0;95.0
1685;1924;17.0;5.0
1686;2065;17.0;50.0
1686;2016;17.0;50.0
1686;21;20.0;""
1687;215;17.0;34.0
1687;1573;17.0;33.0
1687;892;17.0;33.0
1688;2195;17.0;98.0
1688;1320;17.0;1.0
1688;797;17.0;1.0
1688;2087;42.0;""
1688;1891;1.0;""
1689;150;17.0;98.5
1689;1620;17.0;0.5
1689;2169;17.0;0.5
1689;1821;17.0;0.5
1690;569;17.0;80.0
1690;2249;17.0;20.0
1691;761;17.0;100.0
1691;2238;21.0;""
1692;1376;17.0;100.0
1693;1353;17.0;35.0
1693;37;17.0;34.0
1693;242;17.0;31.0
1694;1535;17.0;50.0
1694;2030;17.0;50.0
1695;1357;17.0;70.0
1695;2231;17.0;30.0
1697;2161;17.0;50.0
1697;1370;17.0;50.0
1697;1046;40.0;""
1698;2088;17.0;86.33
1698;654;17.0;3.67
1698;2032;17.0;10.0
1699;1801;17.0;100.0
1700;1433;17.0;99.0
1700;2265;17.0;1.0
1701;1043;17.0;100.0
1702;1980;17.0;5.0
1702;1822;17.0;35.0
1702;39;17.0;30.0
1702;2127;17.0;30.0
1702;713;1.0;""
1703;208;17.0;100.0
1704;1126;17.0;90.0
1705;1561;17.0;90.0
1705;1312;17.0;10.0
1706;976;17.0;100.0
1707;133;51.0;""
1707;954;17.0;100.0
1708;1531;33.0;""
1708;78;33.0;""
1708;327;33.0;""
1708;899;33.0;""
1708;1123;33.0;""
1708;1173;17.0;100.0
1709;95;17.0;51.08
1709;1776;17.0;48.92
1710;1357;17.0;78.93
1710;511;17.0;6.78
1710;820;17.0;14.29
1710;873;8.0;""
1710;1230;21.0;""
1711;675;17.0;100.0
1712;952;17.0;100.0
1713;1657;17.0;89.0
1713;954;17.0;10.0
1713;2240;17.0;0.26
1713;2013;17.0;0.25
1713;246;17.0;0.25
1713;528;17.0;0.24
1713;16;21.0;""
1713;1956;40.0;""
1714;693;17.0;50.0
1714;175;17.0;25.0
1714;164;17.0;25.0
1715;1173;17.0;100.0
1716;1749;17.0;89.5
1716;195;17.0;10.0
1716;295;17.0;0.5
1717;2220;17.0;99.0
1717;201;17.0;0.6
1717;273;17.0;0.4
1717;275;45.0;""
1718;1775;17.0;100.0
1719;864;17.0;89.5
1719;1353;17.0;10.4
1719;1644;17.0;0.1
1720;1183;17.0;100.0
1721;1350;17.0;39.97
1721;1978;17.0;39.7
1721;1776;17.0;20.06
1722;1287;17.0;100.0
1723;364;17.0;50.0
1723;1405;17.0;40.0
1723;273;17.0;10.0
1724;271;17.0;97.0
1724;2100;17.0;1.0
1724;788;17.0;1.0
1724;2101;17.0;1.0
1724;1327;45.0;""
1724;1096;42.0;""
1724;1146;42.0;""
1725;2106;17.0;100.0
1726;1020;17.0;100.0
1727;845;17.0;71.44
1727;1036;17.0;14.28
1727;1399;17.0;14.28
1727;1907;1.0;""
1727;2069;37.0;""
1727;702;26.0;""
1728;2153;17.0;100.0
1729;157;17.0;100.0
1730;384;33.0;""
1730;794;17.0;100.0
1731;1324;17.0;85.92
1731;654;17.0;14.08
1732;1768;17.0;99.0
1732;1491;17.0;0.58
1732;2175;17.0;0.31
1732;1846;17.0;0.11
1732;24;18.0;""
1732;160;45.0;""
1733;1144;17.0;100.0
1734;1443;17.0;""
1734;1010;17.0;""
1735;714;17.0;74.0
1735;1165;17.0;26.0
1735;959;1.0;""
1736;1538;17.0;61.35
1736;2175;17.0;6.47
1736;229;17.0;6.47
1736;947;17.0;6.47
1736;1276;17.0;4.3
1736;1689;17.0;14.94
1737;606;17.0;100.0
1738;2249;17.0;100.0
1739;291;17.0;85.0
1739;337;17.0;15.0
1740;2122;17.0;100.0
1741;1775;17.0;50.0
1741;629;17.0;50.0
1742;152;17.0;100.0
1743;1565;3.0;""
1743;526;3.0;""
1743;1505;17.0;50.0
1743;1331;17.0;37.5
1743;293;17.0;12.5
1743;1564;18.0;""
1744;1044;17.0;48.0
1744;2098;17.0;36.0
1744;751;17.0;16.0
1745;1784;3.0;""
1745;1332;17.0;100.0
1746;2252;17.0;99.0
1746;850;17.0;0.5
1746;1696;17.0;0.5
1747;1074;17.0;100.0
1748;2253;17.0;45.0
1748;1497;17.0;45.0
1748;587;17.0;10.0
1749;840;17.0;100.0
1750;954;17.0;100.0
1751;510;17.0;70.0
1751;425;17.0;30.0
1752;1871;17.0;0.0
1753;797;17.0;67.0
1753;540;17.0;33.0
1754;1824;17.0;100.0
1755;1082;17.0;45.0
1755;971;17.0;20.0
1755;1380;17.0;20.0
1755;1171;17.0;15.0
1756;75;17.0;100.0
1757;86;17.0;100.0
1758;2161;17.0;80.0
1758;956;17.0;20.0
1759;2214;17.0;90.0
1759;1634;17.0;10.0
1760;1383;17.0;100.0
1761;1533;17.0;100.0
1762;2217;17.0;80.0
1762;1692;17.0;20.0
1763;279;17.0;100.0
1764;1773;17.0;70.0
1764;2166;17.0;10.0
1764;1035;17.0;10.0
1764;724;17.0;10.0
1765;2231;17.0;32.5
1765;1879;17.0;32.5
1765;1592;17.0;20.0
1765;1944;17.0;10.0
1766;887;17.0;100.0
1767;1941;17.0;44.28
1767;514;17.0;34.72
1767;1716;17.0;21.0
1768;1927;17.0;100.0
1768;924;37.0;""
1769;1864;17.0;50.0
1769;492;17.0;50.0
1770;1875;17.0;73.7
1770;514;17.0;25.3
1770;1601;17.0;1.0
1771;1709;17.0;60.0
1771;64;17.0;40.0
1772;1492;17.0;100.0
1773;212;17.0;100.0
1774;516;17.0;100.0
1775;578;17.0;60.0
1775;1024;17.0;30.0
1775;478;17.0;10.0
1776;362;17.0;99.0
1776;1824;17.0;0.5
1776;2175;17.0;0.5
1777;2235;17.0;100.0
1778;1500;17.0;100.0
1779;1491;17.0;62.5
1779;753;17.0;37.5
1779;1655;26.0;""
1779;1974;33.0;""
