"pelicula_id";"guionista_id";"fuente_credito"
2;1.0;"icaa"
3;2.0;"icaa"
5;3.0;"icaa"
6;4.0;"icaa"
6;5.0;"icaa"
7;6.0;"icaa"
8;7.0;"icaa"
8;8.0;"icaa"
9;9.0;"icaa"
9;10.0;"icaa"
10;11.0;"icaa"
11;12.0;"icaa"
11;13.0;"icaa"
12;14.0;"icaa"
12;15.0;"icaa"
12;16.0;"icaa"
13;13.0;"icaa"
14;17.0;"icaa"
15;18.0;"icaa"
15;19.0;"icaa"
15;20.0;"icaa"
16;21.0;"icaa"
16;22.0;"icaa"
17;23.0;"icaa"
17;24.0;"icaa"
17;25.0;"icaa"
18;26.0;"icaa"
18;27.0;"icaa"
20;28.0;"icaa"
20;29.0;"icaa"
22;30.0;"icaa"
23;31.0;"icaa"
24;32.0;"icaa"
26;33.0;"icaa"
26;34.0;"icaa"
26;35.0;"icaa"
27;36.0;"icaa"
28;37.0;"icaa"
29;38.0;"icaa"
30;39.0;"icaa"
31;12.0;"icaa"
33;40.0;"icaa"
33;41.0;"icaa"
34;42.0;"icaa"
35;43.0;"icaa"
35;44.0;"icaa"
36;45.0;"icaa"
36;46.0;"icaa"
37;47.0;"icaa"
38;48.0;"icaa"
39;49.0;"icaa"
41;50.0;"icaa"
41;51.0;"icaa"
42;52.0;"icaa"
43;53.0;"icaa"
45;54.0;"icaa"
45;55.0;"icaa"
46;56.0;"icaa"
48;57.0;"icaa"
49;58.0;"icaa"
50;59.0;"icaa"
51;60.0;"icaa"
51;61.0;"icaa"
52;62.0;"icaa"
53;63.0;"icaa"
53;64.0;"icaa"
54;65.0;"icaa"
55;63.0;"icaa"
55;66.0;"icaa"
56;67.0;"icaa"
56;68.0;"icaa"
56;69.0;"icaa"
57;70.0;"icaa"
58;71.0;"icaa"
59;72.0;"icaa"
60;73.0;"icaa"
61;74.0;"icaa"
61;75.0;"icaa"
62;76.0;"icaa"
63;77.0;"icaa"
63;78.0;"icaa"
63;79.0;"icaa"
64;80.0;"icaa"
64;81.0;"icaa"
64;82.0;"icaa"
65;83.0;"icaa"
65;84.0;"icaa"
66;85.0;"icaa"
67;86.0;"icaa"
68;87.0;"icaa"
68;88.0;"icaa"
69;89.0;"icaa"
69;90.0;"icaa"
70;91.0;"icaa"
70;92.0;"icaa"
71;93.0;"icaa"
71;94.0;"icaa"
71;95.0;"icaa"
72;96.0;"icaa"
72;97.0;"icaa"
73;98.0;"icaa"
74;99.0;"icaa"
75;100.0;"icaa"
76;101.0;"icaa"
76;102.0;"icaa"
79;103.0;"icaa"
80;104.0;"icaa"
81;105.0;"icaa"
82;106.0;"icaa"
82;107.0;"icaa"
82;108.0;"icaa"
83;109.0;"icaa"
84;110.0;"icaa"
84;111.0;"icaa"
85;112.0;"icaa"
85;113.0;"icaa"
86;114.0;"icaa"
86;115.0;"icaa"
87;116.0;"icaa"
88;117.0;"icaa"
88;118.0;"icaa"
89;119.0;"icaa"
89;120.0;"icaa"
90;121.0;"icaa"
92;122.0;"icaa"
92;123.0;"icaa"
93;124.0;"icaa"
94;125.0;"icaa"
95;126.0;"icaa"
96;65.0;"icaa"
97;127.0;"icaa"
97;128.0;"icaa"
98;129.0;"icaa"
98;130.0;"icaa"
99;131.0;"icaa"
99;132.0;"icaa"
102;133.0;"icaa"
103;134.0;"icaa"
103;135.0;"icaa"
103;136.0;"icaa"
105;137.0;"icaa"
106;138.0;"icaa"
106;139.0;"icaa"
107;140.0;"icaa"
107;141.0;"icaa"
107;142.0;"icaa"
108;143.0;"icaa"
110;144.0;"icaa"
111;145.0;"icaa"
112;146.0;"icaa"
115;147.0;"icaa"
116;148.0;"icaa"
116;149.0;"icaa"
117;150.0;"icaa"
118;151.0;"icaa"
119;152.0;"icaa"
119;153.0;"icaa"
120;154.0;"icaa"
121;155.0;"icaa"
122;156.0;"icaa"
122;157.0;"icaa"
122;158.0;"icaa"
122;159.0;"icaa"
123;160.0;"icaa"
123;161.0;"icaa"
124;162.0;"icaa"
125;5.0;"icaa"
125;163.0;"icaa"
125;164.0;"icaa"
125;165.0;"icaa"
126;166.0;"icaa"
127;167.0;"icaa"
128;168.0;"icaa"
128;169.0;"icaa"
129;170.0;"icaa"
130;171.0;"icaa"
130;172.0;"icaa"
132;173.0;"icaa"
133;174.0;"icaa"
134;175.0;"icaa"
135;76.0;"icaa"
135;23.0;"icaa"
136;176.0;"icaa"
137;177.0;"icaa"
138;178.0;"icaa"
139;179.0;"icaa"
140;180.0;"icaa"
140;181.0;"icaa"
141;182.0;"icaa"
141;183.0;"icaa"
142;154.0;"icaa"
142;184.0;"icaa"
143;185.0;"icaa"
145;186.0;"icaa"
146;187.0;"icaa"
147;150.0;"icaa"
147;188.0;"icaa"
148;189.0;"icaa"
149;190.0;"icaa"
149;60.0;"icaa"
149;191.0;"icaa"
151;192.0;"icaa"
151;193.0;"icaa"
151;194.0;"icaa"
152;195.0;"icaa"
154;196.0;"icaa"
154;197.0;"icaa"
155;198.0;"icaa"
156;199.0;"icaa"
158;200.0;"icaa"
160;201.0;"icaa"
162;202.0;"icaa"
162;203.0;"icaa"
162;204.0;"icaa"
163;205.0;"icaa"
164;206.0;"icaa"
164;95.0;"icaa"
166;207.0;"icaa"
167;208.0;"icaa"
167;209.0;"icaa"
168;210.0;"icaa"
169;211.0;"icaa"
170;212.0;"icaa"
171;115.0;"icaa"
171;213.0;"icaa"
173;214.0;"icaa"
173;140.0;"icaa"
174;215.0;"icaa"
174;216.0;"icaa"
175;217.0;"icaa"
176;218.0;"icaa"
177;96.0;"icaa"
177;145.0;"icaa"
178;219.0;"icaa"
179;220.0;"icaa"
180;170.0;"icaa"
181;221.0;"icaa"
182;222.0;"icaa"
183;223.0;"icaa"
183;224.0;"icaa"
184;225.0;"icaa"
184;226.0;"icaa"
185;227.0;"icaa"
186;228.0;"icaa"
187;76.0;"icaa"
187;229.0;"icaa"
188;230.0;"icaa"
189;231.0;"icaa"
191;232.0;"icaa"
191;233.0;"icaa"
192;234.0;"icaa"
193;235.0;"icaa"
194;236.0;"icaa"
195;237.0;"icaa"
195;238.0;"icaa"
196;239.0;"icaa"
197;240.0;"icaa"
198;241.0;"icaa"
198;242.0;"icaa"
199;243.0;"icaa"
200;244.0;"icaa"
201;245.0;"icaa"
202;246.0;"icaa"
202;247.0;"icaa"
203;248.0;"icaa"
203;249.0;"icaa"
205;250.0;"icaa"
205;251.0;"icaa"
206;252.0;"icaa"
206;253.0;"icaa"
206;254.0;"icaa"
207;255.0;"icaa"
207;256.0;"icaa"
208;257.0;"icaa"
209;258.0;"icaa"
210;259.0;"icaa"
210;260.0;"icaa"
211;261.0;"icaa"
212;262.0;"icaa"
213;263.0;"icaa"
214;264.0;"icaa"
214;265.0;"icaa"
215;266.0;"icaa"
215;267.0;"icaa"
216;132.0;"icaa"
217;54.0;"icaa"
217;268.0;"icaa"
218;269.0;"icaa"
219;270.0;"icaa"
221;271.0;"icaa"
222;272.0;"icaa"
222;273.0;"icaa"
223;274.0;"icaa"
224;63.0;"icaa"
225;275.0;"icaa"
226;276.0;"icaa"
227;277.0;"icaa"
228;278.0;"icaa"
229;279.0;"icaa"
229;280.0;"icaa"
230;218.0;"icaa"
231;281.0;"icaa"
231;282.0;"icaa"
232;283.0;"icaa"
232;284.0;"icaa"
233;285.0;"icaa"
233;199.0;"icaa"
233;286.0;"icaa"
234;287.0;"icaa"
234;288.0;"icaa"
235;289.0;"icaa"
235;290.0;"icaa"
236;291.0;"icaa"
237;292.0;"icaa"
238;293.0;"icaa"
239;180.0;"icaa"
239;294.0;"icaa"
240;295.0;"icaa"
240;115.0;"icaa"
241;296.0;"icaa"
241;297.0;"icaa"
241;298.0;"icaa"
241;299.0;"icaa"
242;300.0;"icaa"
243;301.0;"icaa"
243;302.0;"icaa"
244;303.0;"icaa"
245;304.0;"icaa"
246;305.0;"icaa"
247;306.0;"icaa"
247;307.0;"icaa"
248;308.0;"icaa"
248;309.0;"icaa"
248;310.0;"icaa"
249;311.0;"icaa"
249;312.0;"icaa"
250;313.0;"icaa"
250;314.0;"icaa"
251;315.0;"icaa"
253;316.0;"icaa"
254;317.0;"icaa"
255;318.0;"icaa"
256;319.0;"icaa"
257;320.0;"icaa"
258;321.0;"icaa"
258;322.0;"icaa"
259;323.0;"icaa"
260;324.0;"icaa"
261;325.0;"icaa"
262;326.0;"icaa"
263;327.0;"icaa"
264;328.0;"icaa"
265;329.0;"icaa"
265;330.0;"icaa"
266;331.0;"icaa"
266;332.0;"icaa"
266;216.0;"icaa"
266;333.0;"icaa"
267;334.0;"icaa"
267;335.0;"icaa"
268;336.0;"icaa"
268;337.0;"icaa"
269;338.0;"icaa"
270;63.0;"icaa"
271;339.0;"icaa"
271;340.0;"icaa"
272;341.0;"icaa"
272;342.0;"icaa"
273;343.0;"icaa"
274;344.0;"icaa"
274;345.0;"icaa"
275;346.0;"icaa"
276;347.0;"icaa"
277;348.0;"icaa"
277;349.0;"icaa"
277;350.0;"icaa"
277;351.0;"icaa"
277;352.0;"icaa"
278;353.0;"icaa"
278;354.0;"icaa"
279;355.0;"icaa"
280;182.0;"icaa"
281;356.0;"icaa"
281;357.0;"icaa"
282;358.0;"icaa"
283;359.0;"icaa"
283;360.0;"icaa"
284;255.0;"icaa"
285;361.0;"icaa"
286;331.0;"icaa"
286;332.0;"icaa"
286;362.0;"icaa"
286;333.0;"icaa"
287;363.0;"icaa"
288;364.0;"icaa"
288;365.0;"icaa"
289;296.0;"icaa"
290;366.0;"icaa"
291;91.0;"icaa"
293;367.0;"icaa"
294;368.0;"icaa"
295;369.0;"icaa"
296;251.0;"icaa"
296;370.0;"icaa"
297;371.0;"icaa"
297;372.0;"icaa"
298;373.0;"icaa"
299;374.0;"icaa"
300;375.0;"icaa"
301;376.0;"icaa"
302;370.0;"icaa"
302;377.0;"icaa"
303;378.0;"icaa"
304;379.0;"icaa"
305;380.0;"icaa"
305;381.0;"icaa"
306;382.0;"icaa"
306;362.0;"icaa"
307;383.0;"icaa"
307;384.0;"icaa"
308;250.0;"icaa"
308;251.0;"icaa"
309;385.0;"icaa"
310;386.0;"icaa"
311;387.0;"icaa"
312;201.0;"icaa"
312;273.0;"icaa"
313;388.0;"icaa"
314;389.0;"icaa"
315;390.0;"icaa"
316;391.0;"icaa"
317;392.0;"icaa"
318;393.0;"icaa"
319;394.0;"icaa"
319;395.0;"icaa"
319;396.0;"icaa"
320;397.0;"icaa"
321;398.0;"icaa"
322;399.0;"icaa"
322;400.0;"icaa"
323;401.0;"icaa"
324;263.0;"icaa"
325;359.0;"icaa"
325;402.0;"icaa"
326;403.0;"icaa"
327;404.0;"icaa"
328;405.0;"icaa"
329;406.0;"icaa"
329;407.0;"icaa"
330;383.0;"icaa"
331;408.0;"icaa"
332;409.0;"icaa"
333;54.0;"icaa"
333;268.0;"icaa"
334;410.0;"icaa"
335;411.0;"icaa"
336;412.0;"icaa"
337;413.0;"icaa"
338;414.0;"icaa"
338;415.0;"icaa"
339;416.0;"icaa"
340;417.0;"icaa"
341;100.0;"icaa"
342;367.0;"icaa"
342;418.0;"icaa"
343;390.0;"icaa"
343;419.0;"icaa"
344;420.0;"icaa"
345;186.0;"icaa"
346;421.0;"icaa"
347;422.0;"icaa"
347;407.0;"icaa"
348;423.0;"icaa"
349;424.0;"icaa"
350;425.0;"icaa"
351;426.0;"icaa"
352;279.0;"icaa"
354;427.0;"icaa"
354;428.0;"icaa"
355;354.0;"icaa"
357;250.0;"icaa"
357;429.0;"icaa"
358;417.0;"icaa"
359;430.0;"icaa"
359;431.0;"icaa"
359;432.0;"icaa"
359;433.0;"icaa"
359;293.0;"icaa"
360;434.0;"icaa"
360;435.0;"icaa"
361;436.0;"icaa"
362;267.0;"icaa"
363;437.0;"icaa"
364;438.0;"icaa"
365;439.0;"icaa"
366;440.0;"icaa"
367;441.0;"icaa"
368;442.0;"icaa"
368;443.0;"icaa"
369;14.0;"icaa"
369;444.0;"icaa"
369;445.0;"icaa"
369;446.0;"icaa"
370;447.0;"icaa"
371;448.0;"icaa"
371;449.0;"icaa"
372;450.0;"icaa"
374;451.0;"icaa"
375;452.0;"icaa"
375;368.0;"icaa"
376;237.0;"icaa"
376;91.0;"icaa"
377;453.0;"icaa"
379;454.0;"icaa"
379;455.0;"icaa"
380;456.0;"icaa"
380;457.0;"icaa"
381;458.0;"icaa"
382;459.0;"icaa"
383;460.0;"icaa"
383;461.0;"icaa"
383;462.0;"icaa"
383;463.0;"icaa"
383;464.0;"icaa"
383;465.0;"icaa"
383;466.0;"icaa"
383;467.0;"icaa"
384;468.0;"icaa"
385;469.0;"icaa"
385;470.0;"icaa"
386;471.0;"icaa"
387;472.0;"icaa"
387;473.0;"icaa"
388;474.0;"icaa"
389;475.0;"icaa"
390;476.0;"icaa"
391;251.0;"icaa"
391;477.0;"icaa"
391;478.0;"icaa"
392;479.0;"icaa"
392;322.0;"icaa"
393;480.0;"icaa"
394;481.0;"icaa"
394;482.0;"icaa"
395;483.0;"icaa"
396;484.0;"icaa"
396;485.0;"icaa"
396;486.0;"icaa"
397;487.0;"icaa"
397;488.0;"icaa"
398;212.0;"icaa"
399;489.0;"icaa"
400;490.0;"icaa"
400;491.0;"icaa"
400;492.0;"icaa"
401;493.0;"icaa"
402;494.0;"icaa"
402;140.0;"icaa"
403;495.0;"icaa"
404;496.0;"icaa"
405;497.0;"icaa"
405;498.0;"icaa"
406;499.0;"icaa"
406;500.0;"icaa"
406;501.0;"icaa"
407;502.0;"icaa"
408;503.0;"icaa"
409;504.0;"icaa"
410;505.0;"icaa"
411;126.0;"icaa"
413;126.0;"icaa"
416;506.0;"icaa"
416;507.0;"icaa"
416;508.0;"icaa"
417;509.0;"icaa"
417;510.0;"icaa"
417;511.0;"icaa"
419;211.0;"icaa"
419;512.0;"icaa"
420;513.0;"icaa"
420;151.0;"icaa"
421;514.0;"icaa"
421;515.0;"icaa"
421;516.0;"icaa"
422;517.0;"icaa"
423;518.0;"icaa"
423;519.0;"icaa"
424;520.0;"icaa"
425;521.0;"icaa"
426;522.0;"icaa"
427;523.0;"icaa"
428;213.0;"icaa"
428;524.0;"icaa"
429;109.0;"icaa"
431;525.0;"icaa"
432;237.0;"icaa"
433;526.0;"icaa"
434;527.0;"icaa"
434;528.0;"icaa"
435;63.0;"icaa"
435;529.0;"icaa"
435;530.0;"icaa"
436;531.0;"icaa"
436;532.0;"icaa"
437;533.0;"icaa"
437;534.0;"icaa"
437;535.0;"icaa"
438;536.0;"icaa"
440;413.0;"icaa"
441;537.0;"icaa"
441;538.0;"icaa"
442;539.0;"icaa"
442;91.0;"icaa"
443;540.0;"icaa"
444;541.0;"icaa"
444;542.0;"icaa"
445;543.0;"icaa"
445;544.0;"icaa"
446;545.0;"icaa"
447;546.0;"icaa"
447;547.0;"icaa"
448;548.0;"icaa"
448;549.0;"icaa"
448;550.0;"icaa"
448;551.0;"icaa"
448;552.0;"icaa"
448;535.0;"icaa"
449;553.0;"icaa"
449;539.0;"icaa"
451;554.0;"icaa"
452;555.0;"icaa"
452;556.0;"icaa"
453;187.0;"icaa"
454;557.0;"icaa"
455;554.0;"icaa"
455;558.0;"icaa"
456;559.0;"icaa"
457;560.0;"icaa"
458;561.0;"icaa"
458;562.0;"icaa"
459;563.0;"icaa"
459;564.0;"icaa"
460;565.0;"icaa"
462;566.0;"icaa"
463;567.0;"icaa"
464;568.0;"icaa"
464;94.0;"icaa"
465;569.0;"icaa"
465;570.0;"icaa"
466;201.0;"icaa"
467;571.0;"icaa"
467;572.0;"icaa"
468;573.0;"icaa"
469;574.0;"icaa"
470;575.0;"icaa"
470;576.0;"icaa"
471;577.0;"icaa"
472;250.0;"icaa"
472;578.0;"icaa"
473;495.0;"icaa"
474;579.0;"icaa"
474;580.0;"icaa"
475;581.0;"icaa"
475;582.0;"icaa"
475;583.0;"icaa"
475;584.0;"icaa"
476;63.0;"icaa"
477;585.0;"icaa"
477;586.0;"icaa"
478;587.0;"icaa"
478;588.0;"icaa"
479;589.0;"icaa"
479;145.0;"icaa"
479;590.0;"icaa"
480;54.0;"icaa"
480;55.0;"icaa"
481;579.0;"icaa"
481;580.0;"icaa"
482;335.0;"icaa"
482;591.0;"icaa"
482;592.0;"icaa"
483;593.0;"icaa"
483;594.0;"icaa"
484;595.0;"icaa"
484;596.0;"icaa"
485;597.0;"icaa"
486;598.0;"icaa"
487;599.0;"icaa"
487;600.0;"icaa"
488;601.0;"icaa"
488;602.0;"icaa"
489;603.0;"icaa"
490;604.0;"icaa"
491;285.0;"icaa"
491;381.0;"icaa"
492;430.0;"icaa"
492;431.0;"icaa"
492;293.0;"icaa"
492;433.0;"icaa"
492;605.0;"icaa"
493;606.0;"icaa"
493;607.0;"icaa"
494;608.0;"icaa"
495;609.0;"icaa"
495;610.0;"icaa"
496;611.0;"icaa"
498;301.0;"icaa"
498;302.0;"icaa"
499;579.0;"icaa"
499;580.0;"icaa"
500;612.0;"icaa"
501;613.0;"icaa"
501;614.0;"icaa"
502;615.0;"icaa"
503;616.0;"icaa"
504;617.0;"icaa"
505;618.0;"icaa"
505;619.0;"icaa"
506;117.0;"icaa"
507;620.0;"icaa"
507;621.0;"icaa"
508;622.0;"icaa"
508;623.0;"icaa"
509;453.0;"icaa"
510;579.0;"icaa"
510;580.0;"icaa"
511;569.0;"icaa"
511;570.0;"icaa"
512;601.0;"icaa"
512;602.0;"icaa"
513;624.0;"icaa"
514;263.0;"icaa"
515;143.0;"icaa"
516;54.0;"icaa"
516;55.0;"icaa"
517;625.0;"icaa"
518;626.0;"icaa"
519;586.0;"icaa"
520;20.0;"icaa"
521;627.0;"icaa"
521;628.0;"icaa"
522;118.0;"icaa"
523;176.0;"icaa"
523;629.0;"icaa"
524;630.0;"icaa"
524;631.0;"icaa"
525;632.0;"icaa"
526;633.0;"icaa"
527;634.0;"icaa"
528;13.0;"icaa"
528;165.0;"icaa"
529;635.0;"icaa"
529;636.0;"icaa"
530;495.0;"icaa"
531;296.0;"icaa"
531;146.0;"icaa"
532;637.0;"icaa"
534;638.0;"icaa"
534;639.0;"icaa"
535;640.0;"icaa"
535;632.0;"icaa"
536;641.0;"icaa"
537;642.0;"icaa"
538;643.0;"icaa"
538;644.0;"icaa"
540;645.0;"icaa"
541;646.0;"icaa"
542;647.0;"icaa"
543;648.0;"icaa"
545;649.0;"icaa"
545;650.0;"icaa"
547;651.0;"icaa"
547;652.0;"icaa"
548;653.0;"icaa"
549;654.0;"icaa"
550;655.0;"icaa"
551;656.0;"icaa"
551;657.0;"icaa"
551;658.0;"icaa"
551;659.0;"icaa"
552;660.0;"icaa"
553;661.0;"icaa"
553;662.0;"icaa"
554;663.0;"icaa"
554;664.0;"icaa"
554;665.0;"icaa"
555;666.0;"icaa"
555;667.0;"icaa"
557;668.0;"icaa"
558;669.0;"icaa"
558;670.0;"icaa"
559;300.0;"icaa"
559;309.0;"icaa"
559;671.0;"icaa"
561;109.0;"icaa"
562;211.0;"icaa"
562;672.0;"icaa"
563;673.0;"icaa"
564;674.0;"icaa"
564;675.0;"icaa"
565;676.0;"icaa"
566;677.0;"icaa"
567;678.0;"icaa"
569;309.0;"icaa"
570;519.0;"icaa"
570;145.0;"icaa"
571;679.0;"icaa"
572;680.0;"icaa"
573;681.0;"icaa"
574;250.0;"icaa"
574;578.0;"icaa"
575;682.0;"icaa"
576;546.0;"icaa"
577;683.0;"icaa"
577;684.0;"icaa"
578;685.0;"icaa"
579;413.0;"icaa"
580;273.0;"icaa"
581;686.0;"icaa"
581;687.0;"icaa"
582;688.0;"icaa"
583;689.0;"icaa"
583;690.0;"icaa"
583;691.0;"icaa"
583;692.0;"icaa"
583;693.0;"icaa"
583;694.0;"icaa"
583;695.0;"icaa"
584;696.0;"icaa"
584;697.0;"icaa"
585;126.0;"icaa"
586;698.0;"icaa"
587;699.0;"icaa"
588;700.0;"icaa"
589;303.0;"icaa"
590;453.0;"icaa"
590;225.0;"icaa"
591;701.0;"icaa"
592;702.0;"icaa"
593;3.0;"icaa"
594;703.0;"icaa"
596;704.0;"icaa"
597;705.0;"icaa"
599;579.0;"icaa"
599;580.0;"icaa"
600;706.0;"icaa"
601;63.0;"icaa"
602;707.0;"icaa"
602;708.0;"icaa"
602;709.0;"icaa"
604;710.0;"icaa"
606;359.0;"icaa"
608;711.0;"icaa"
608;712.0;"icaa"
610;713.0;"icaa"
611;177.0;"icaa"
611;714.0;"icaa"
612;715.0;"icaa"
613;716.0;"icaa"
614;717.0;"icaa"
615;718.0;"icaa"
616;719.0;"icaa"
616;720.0;"icaa"
617;414.0;"icaa"
617;721.0;"icaa"
619;722.0;"icaa"
622;723.0;"icaa"
623;724.0;"icaa"
624;725.0;"icaa"
624;726.0;"icaa"
624;727.0;"icaa"
625;728.0;"icaa"
626;729.0;"icaa"
627;730.0;"icaa"
627;731.0;"icaa"
627;732.0;"icaa"
628;733.0;"icaa"
628;734.0;"icaa"
629;735.0;"icaa"
630;736.0;"icaa"
631;737.0;"icaa"
632;738.0;"icaa"
633;739.0;"icaa"
633;740.0;"icaa"
634;741.0;"icaa"
635;742.0;"icaa"
636;743.0;"icaa"
636;744.0;"icaa"
637;745.0;"icaa"
638;746.0;"icaa"
639;747.0;"icaa"
639;748.0;"icaa"
639;749.0;"icaa"
640;750.0;"icaa"
640;751.0;"icaa"
641;752.0;"icaa"
641;753.0;"icaa"
642;103.0;"icaa"
643;754.0;"icaa"
644;755.0;"icaa"
645;756.0;"icaa"
646;371.0;"icaa"
647;519.0;"icaa"
648;757.0;"icaa"
648;758.0;"icaa"
648;759.0;"icaa"
649;760.0;"icaa"
650;761.0;"icaa"
651;762.0;"icaa"
652;322.0;"icaa"
652;321.0;"icaa"
653;763.0;"icaa"
653;764.0;"icaa"
653;703.0;"icaa"
655;765.0;"icaa"
655;766.0;"icaa"
656;767.0;"icaa"
657;768.0;"icaa"
658;769.0;"icaa"
659;770.0;"icaa"
659;322.0;"icaa"
660;336.0;"icaa"
660;337.0;"icaa"
661;54.0;"icaa"
662;771.0;"icaa"
663;772.0;"icaa"
664;773.0;"icaa"
664;356.0;"icaa"
664;774.0;"icaa"
665;370.0;"icaa"
666;91.0;"icaa"
667;775.0;"icaa"
668;56.0;"icaa"
669;776.0;"icaa"
670;777.0;"icaa"
670;778.0;"icaa"
671;469.0;"icaa"
671;779.0;"icaa"
672;780.0;"icaa"
674;579.0;"icaa"
674;580.0;"icaa"
675;781.0;"icaa"
676;645.0;"icaa"
677;782.0;"icaa"
679;783.0;"icaa"
680;784.0;"icaa"
680;327.0;"icaa"
681;785.0;"icaa"
681;786.0;"icaa"
682;363.0;"icaa"
682;787.0;"icaa"
684;788.0;"icaa"
685;789.0;"icaa"
685;790.0;"icaa"
686;791.0;"icaa"
687;55.0;"icaa"
687;54.0;"icaa"
688;389.0;"icaa"
689;792.0;"icaa"
690;793.0;"icaa"
690;794.0;"icaa"
691;795.0;"icaa"
691;796.0;"icaa"
694;381.0;"icaa"
695;380.0;"icaa"
695;797.0;"icaa"
696;798.0;"icaa"
696;799.0;"icaa"
697;800.0;"icaa"
698;180.0;"icaa"
699;801.0;"icaa"
700;802.0;"icaa"
701;309.0;"icaa"
702;495.0;"icaa"
703;69.0;"icaa"
703;803.0;"icaa"
704;804.0;"icaa"
705;805.0;"icaa"
705;806.0;"icaa"
705;807.0;"icaa"
707;808.0;"icaa"
707;809.0;"icaa"
709;129.0;"icaa"
710;572.0;"icaa"
710;381.0;"icaa"
711;810.0;"icaa"
712;811.0;"icaa"
712;812.0;"icaa"
713;813.0;"icaa"
715;814.0;"icaa"
716;815.0;"icaa"
717;816.0;"icaa"
718;817.0;"icaa"
719;818.0;"icaa"
719;819.0;"icaa"
719;820.0;"icaa"
719;821.0;"icaa"
719;822.0;"icaa"
720;823.0;"icaa"
721;824.0;"icaa"
723;825.0;"icaa"
724;826.0;"icaa"
726;827.0;"icaa"
727;828.0;"icaa"
727;829.0;"icaa"
728;830.0;"icaa"
729;831.0;"icaa"
730;832.0;"icaa"
731;833.0;"icaa"
731;834.0;"icaa"
732;835.0;"icaa"
732;836.0;"icaa"
732;837.0;"icaa"
733;838.0;"icaa"
735;839.0;"icaa"
736;579.0;"icaa"
736;580.0;"icaa"
737;840.0;"icaa"
738;489.0;"icaa"
740;359.0;"icaa"
741;199.0;"icaa"
741;841.0;"icaa"
742;237.0;"icaa"
742;238.0;"icaa"
743;842.0;"icaa"
743;843.0;"icaa"
744;844.0;"icaa"
745;845.0;"icaa"
746;846.0;"icaa"
746;847.0;"icaa"
747;116.0;"icaa"
747;848.0;"icaa"
748;849.0;"icaa"
749;185.0;"icaa"
750;850.0;"icaa"
750;851.0;"icaa"
750;852.0;"icaa"
752;853.0;"icaa"
752;854.0;"icaa"
753;341.0;"icaa"
753;342.0;"icaa"
753;855.0;"icaa"
754;249.0;"icaa"
755;856.0;"icaa"
755;857.0;"icaa"
756;858.0;"icaa"
757;176.0;"icaa"
757;629.0;"icaa"
758;859.0;"icaa"
758;860.0;"icaa"
759;861.0;"icaa"
759;862.0;"icaa"
760;863.0;"icaa"
760;621.0;"icaa"
761;864.0;"icaa"
763;645.0;"icaa"
764;865.0;"icaa"
766;115.0;"icaa"
766;866.0;"icaa"
767;331.0;"icaa"
768;867.0;"icaa"
769;868.0;"icaa"
770;869.0;"icaa"
770;870.0;"icaa"
771;579.0;"icaa"
771;580.0;"icaa"
772;871.0;"icaa"
772;872.0;"icaa"
774;873.0;"icaa"
775;874.0;"icaa"
775;875.0;"icaa"
776;117.0;"icaa"
776;876.0;"icaa"
777;571.0;"icaa"
777;572.0;"icaa"
778;877.0;"icaa"
779;878.0;"icaa"
779;879.0;"icaa"
779;880.0;"icaa"
780;610.0;"icaa"
780;413.0;"icaa"
782;881.0;"icaa"
783;201.0;"icaa"
783;273.0;"icaa"
785;882.0;"icaa"
785;883.0;"icaa"
786;682.0;"icaa"
787;566.0;"icaa"
787;291.0;"icaa"
787;769.0;"icaa"
788;884.0;"icaa"
789;885.0;"icaa"
790;886.0;"icaa"
791;98.0;"icaa"
792;524.0;"icaa"
792;559.0;"icaa"
793;887.0;"icaa"
793;888.0;"icaa"
795;889.0;"icaa"
795;890.0;"icaa"
796;891.0;"icaa"
796;892.0;"icaa"
797;182.0;"icaa"
799;893.0;"icaa"
800;894.0;"icaa"
800;895.0;"icaa"
801;896.0;"icaa"
802;897.0;"icaa"
803;210.0;"icaa"
803;898.0;"icaa"
805;51.0;"icaa"
806;602.0;"icaa"
807;899.0;"icaa"
808;900.0;"icaa"
809;901.0;"icaa"
810;902.0;"icaa"
812;903.0;"icaa"
813;645.0;"icaa"
814;327.0;"icaa"
815;904.0;"icaa"
815;905.0;"icaa"
815;906.0;"icaa"
816;907.0;"icaa"
816;908.0;"icaa"
817;909.0;"icaa"
818;680.0;"icaa"
819;301.0;"icaa"
819;302.0;"icaa"
821;910.0;"icaa"
822;911.0;"icaa"
823;643.0;"icaa"
824;291.0;"icaa"
824;912.0;"icaa"
824;913.0;"icaa"
824;914.0;"icaa"
824;915.0;"icaa"
824;916.0;"icaa"
824;120.0;"icaa"
825;917.0;"icaa"
826;918.0;"icaa"
828;919.0;"icaa"
828;920.0;"icaa"
829;921.0;"icaa"
829;922.0;"icaa"
830;923.0;"icaa"
831;401.0;"icaa"
831;924.0;"icaa"
832;612.0;"icaa"
833;925.0;"icaa"
834;324.0;"icaa"
836;926.0;"icaa"
836;927.0;"icaa"
836;928.0;"icaa"
836;929.0;"icaa"
837;126.0;"icaa"
838;930.0;"icaa"
839;931.0;"icaa"
839;932.0;"icaa"
840;933.0;"icaa"
840;934.0;"icaa"
842;877.0;"icaa"
843;935.0;"icaa"
844;936.0;"icaa"
845;392.0;"icaa"
845;937.0;"icaa"
846;938.0;"icaa"
846;939.0;"icaa"
847;940.0;"icaa"
848;941.0;"icaa"
849;942.0;"icaa"
849;943.0;"icaa"
850;944.0;"icaa"
850;945.0;"icaa"
851;946.0;"icaa"
852;947.0;"icaa"
853;948.0;"icaa"
854;949.0;"icaa"
855;309.0;"icaa"
855;308.0;"icaa"
856;143.0;"icaa"
857;950.0;"icaa"
858;951.0;"icaa"
858;952.0;"icaa"
858;953.0;"icaa"
858;954.0;"icaa"
859;955.0;"icaa"
860;3.0;"icaa"
861;956.0;"icaa"
862;957.0;"icaa"
862;958.0;"icaa"
863;959.0;"icaa"
864;960.0;"icaa"
864;961.0;"icaa"
865;367.0;"icaa"
865;962.0;"icaa"
866;963.0;"icaa"
866;964.0;"icaa"
867;965.0;"icaa"
870;966.0;"icaa"
870;967.0;"icaa"
870;968.0;"icaa"
870;969.0;"icaa"
870;970.0;"icaa"
871;971.0;"icaa"
872;972.0;"icaa"
872;973.0;"icaa"
874;974.0;"icaa"
874;970.0;"icaa"
875;975.0;"icaa"
877;976.0;"icaa"
878;977.0;"icaa"
878;978.0;"icaa"
880;324.0;"icaa"
884;979.0;"icaa"
884;980.0;"icaa"
884;981.0;"icaa"
885;982.0;"icaa"
885;983.0;"icaa"
885;984.0;"icaa"
886;985.0;"icaa"
887;207.0;"icaa"
889;986.0;"icaa"
890;987.0;"icaa"
890;988.0;"icaa"
891;989.0;"icaa"
893;990.0;"icaa"
894;991.0;"icaa"
894;992.0;"icaa"
894;993.0;"icaa"
895;994.0;"icaa"
896;995.0;"icaa"
897;996.0;"icaa"
897;997.0;"icaa"
898;516.0;"icaa"
898;514.0;"icaa"
899;643.0;"icaa"
900;998.0;"icaa"
901;999.0;"icaa"
902;1000.0;"icaa"
903;1001.0;"icaa"
904;1002.0;"icaa"
904;1003.0;"icaa"
906;1004.0;"icaa"
907;717.0;"icaa"
908;126.0;"icaa"
909;928.0;"icaa"
909;13.0;"icaa"
909;1005.0;"icaa"
909;1006.0;"icaa"
910;126.0;"icaa"
911;1007.0;"icaa"
911;1008.0;"icaa"
912;1009.0;"icaa"
913;1010.0;"icaa"
913;159.0;"icaa"
914;1011.0;"icaa"
914;1012.0;"icaa"
915;219.0;"icaa"
915;1013.0;"icaa"
916;620.0;"icaa"
917;1014.0;"icaa"
917;1015.0;"icaa"
919;72.0;"icaa"
920;1016.0;"icaa"
921;1017.0;"icaa"
921;1018.0;"icaa"
921;1019.0;"icaa"
921;1020.0;"icaa"
922;1021.0;"icaa"
922;1022.0;"icaa"
922;1023.0;"icaa"
923;1024.0;"icaa"
923;1025.0;"icaa"
923;1026.0;"icaa"
924;481.0;"icaa"
924;1027.0;"icaa"
924;1028.0;"icaa"
925;361.0;"icaa"
925;248.0;"icaa"
926;1029.0;"icaa"
927;1030.0;"icaa"
927;454.0;"icaa"
927;455.0;"icaa"
927;1031.0;"icaa"
928;1032.0;"icaa"
929;1033.0;"icaa"
929;1034.0;"icaa"
930;1035.0;"icaa"
931;1036.0;"icaa"
931;498.0;"icaa"
932;1030.0;"icaa"
933;781.0;"icaa"
934;1037.0;"icaa"
935;867.0;"icaa"
937;1038.0;"icaa"
938;730.0;"icaa"
938;731.0;"icaa"
939;645.0;"icaa"
940;977.0;"icaa"
940;1039.0;"icaa"
941;669.0;"icaa"
942;1040.0;"icaa"
945;303.0;"icaa"
945;297.0;"icaa"
946;1041.0;"icaa"
947;1042.0;"icaa"
947;1043.0;"icaa"
947;1044.0;"icaa"
947;1045.0;"icaa"
947;1046.0;"icaa"
948;1047.0;"icaa"
949;1048.0;"icaa"
950;1049.0;"icaa"
950;1050.0;"icaa"
951;296.0;"icaa"
951;297.0;"icaa"
952;237.0;"icaa"
953;296.0;"icaa"
954;1051.0;"icaa"
954;1052.0;"icaa"
954;1053.0;"icaa"
955;1054.0;"icaa"
955;1055.0;"icaa"
955;1056.0;"icaa"
956;359.0;"icaa"
957;1057.0;"icaa"
957;1058.0;"icaa"
957;1059.0;"icaa"
957;1060.0;"icaa"
958;1061.0;"icaa"
958;1062.0;"icaa"
958;1063.0;"icaa"
958;1064.0;"icaa"
960;1065.0;"icaa"
961;1057.0;"icaa"
961;1066.0;"icaa"
961;1059.0;"icaa"
961;1060.0;"icaa"
962;1067.0;"icaa"
963;1068.0;"icaa"
964;1069.0;"icaa"
965;1070.0;"icaa"
966;1071.0;"icaa"
966;1072.0;"icaa"
967;1073.0;"icaa"
967;1074.0;"icaa"
968;1075.0;"icaa"
969;1076.0;"icaa"
970;919.0;"icaa"
970;838.0;"icaa"
971;1077.0;"icaa"
972;1078.0;"icaa"
973;1079.0;"icaa"
974;1080.0;"icaa"
974;1081.0;"icaa"
975;370.0;"icaa"
976;1082.0;"icaa"
977;3.0;"icaa"
978;1083.0;"icaa"
979;1084.0;"icaa"
980;1078.0;"icaa"
981;1085.0;"icaa"
982;1086.0;"icaa"
982;1087.0;"icaa"
983;1088.0;"icaa"
983;1089.0;"icaa"
984;612.0;"icaa"
985;1090.0;"icaa"
986;1091.0;"icaa"
987;1092.0;"icaa"
990;1093.0;"icaa"
990;13.0;"icaa"
991;1094.0;"icaa"
992;1095.0;"icaa"
993;1096.0;"icaa"
994;1097.0;"icaa"
995;1098.0;"icaa"
996;1099.0;"icaa"
996;421.0;"icaa"
996;1100.0;"icaa"
996;1101.0;"icaa"
998;1102.0;"icaa"
999;1103.0;"icaa"
1000;1104.0;"icaa"
1001;12.0;"icaa"
1004;1105.0;"icaa"
1004;1106.0;"icaa"
1005;700.0;"icaa"
1005;1107.0;"icaa"
1005;1108.0;"icaa"
1006;1109.0;"icaa"
1007;1110.0;"icaa"
1007;1111.0;"icaa"
1008;1109.0;"icaa"
1009;730.0;"icaa"
1010;1112.0;"icaa"
1010;1113.0;"icaa"
1010;1114.0;"icaa"
1010;1115.0;"icaa"
1011;1116.0;"icaa"
1013;297.0;"icaa"
1015;1117.0;"icaa"
1015;590.0;"icaa"
1015;999.0;"icaa"
1015;547.0;"icaa"
1016;1118.0;"icaa"
1017;1119.0;"icaa"
1017;1120.0;"icaa"
1018;1121.0;"icaa"
1019;1122.0;"icaa"
1020;1123.0;"icaa"
1020;262.0;"icaa"
1021;1124.0;"icaa"
1022;1125.0;"icaa"
1023;1126.0;"icaa"
1024;1127.0;"icaa"
1025;1128.0;"icaa"
1025;1129.0;"icaa"
1026;1130.0;"icaa"
1027;1131.0;"icaa"
1028;553.0;"icaa"
1028;1132.0;"icaa"
1029;405.0;"icaa"
1030;296.0;"icaa"
1030;297.0;"icaa"
1030;298.0;"icaa"
1032;1133.0;"icaa"
1032;1134.0;"icaa"
1033;967.0;"icaa"
1033;1135.0;"icaa"
1034;1136.0;"icaa"
1034;1137.0;"icaa"
1035;1138.0;"icaa"
1036;1139.0;"icaa"
1036;1140.0;"icaa"
1037;1141.0;"icaa"
1037;1142.0;"icaa"
1038;1143.0;"icaa"
1038;1144.0;"icaa"
1039;1145.0;"icaa"
1040;1146.0;"icaa"
1041;74.0;"icaa"
1042;3.0;"icaa"
1043;1147.0;"icaa"
1044;1148.0;"icaa"
1045;730.0;"icaa"
1045;731.0;"icaa"
1046;1149.0;"icaa"
1049;1150.0;"icaa"
1050;1151.0;"icaa"
1051;1152.0;"icaa"
1052;237.0;"icaa"
1053;1153.0;"icaa"
1054;1154.0;"icaa"
1054;1155.0;"icaa"
1055;1084.0;"icaa"
1057;1156.0;"icaa"
1059;1157.0;"icaa"
1059;574.0;"icaa"
1059;1158.0;"icaa"
1060;543.0;"icaa"
1061;1159.0;"icaa"
1062;384.0;"icaa"
1063;1160.0;"icaa"
1064;1161.0;"icaa"
1065;928.0;"icaa"
1065;1109.0;"icaa"
1066;1162.0;"icaa"
1067;1163.0;"icaa"
1067;1164.0;"icaa"
1068;1165.0;"icaa"
1070;1166.0;"icaa"
1071;12.0;"icaa"
1072;1167.0;"icaa"
1072;1168.0;"icaa"
1072;1169.0;"icaa"
1072;1170.0;"icaa"
1073;1171.0;"icaa"
1074;5.0;"icaa"
1074;1172.0;"icaa"
1074;1173.0;"icaa"
1076;1174.0;"icaa"
1076;1175.0;"icaa"
1077;645.0;"icaa"
1078;923.0;"icaa"
1079;1176.0;"icaa"
1079;1177.0;"icaa"
1079;1178.0;"icaa"
1080;1179.0;"icaa"
1081;1180.0;"icaa"
1082;1181.0;"icaa"
1083;1182.0;"icaa"
1083;1183.0;"icaa"
1083;1184.0;"icaa"
1084;1185.0;"icaa"
1085;1186.0;"icaa"
1086;1187.0;"icaa"
1087;687.0;"icaa"
1088;63.0;"icaa"
1088;1188.0;"icaa"
1089;1189.0;"icaa"
1090;1190.0;"icaa"
1091;1191.0;"icaa"
1091;938.0;"icaa"
1092;12.0;"icaa"
1092;1192.0;"icaa"
1093;1193.0;"icaa"
1094;1194.0;"icaa"
1095;1195.0;"icaa"
1095;1196.0;"icaa"
1096;1197.0;"icaa"
1096;1198.0;"icaa"
1097;1199.0;"icaa"
1098;1200.0;"icaa"
1099;1201.0;"icaa"
1099;1202.0;"icaa"
1099;1203.0;"icaa"
1100;1204.0;"icaa"
1100;967.0;"icaa"
1101;1205.0;"icaa"
1102;1206.0;"icaa"
1103;1207.0;"icaa"
1103;1208.0;"icaa"
1103;1209.0;"icaa"
1104;1210.0;"icaa"
1105;126.0;"icaa"
1106;1211.0;"icaa"
1107;454.0;"icaa"
1107;1212.0;"icaa"
1109;1213.0;"icaa"
1109;469.0;"icaa"
1110;1214.0;"icaa"
1110;1215.0;"icaa"
1111;1216.0;"icaa"
1112;1217.0;"icaa"
1112;120.0;"icaa"
1112;1218.0;"icaa"
1114;872.0;"icaa"
1114;1219.0;"icaa"
1114;1220.0;"icaa"
1115;1221.0;"icaa"
1116;546.0;"icaa"
1116;547.0;"icaa"
1117;1222.0;"icaa"
1118;165.0;"icaa"
1118;1223.0;"icaa"
1119;1224.0;"icaa"
1120;1225.0;"icaa"
1123;1226.0;"icaa"
1124;1227.0;"icaa"
1125;1228.0;"icaa"
1125;438.0;"icaa"
1127;1229.0;"icaa"
1128;950.0;"icaa"
1128;1230.0;"icaa"
1129;1231.0;"icaa"
1131;1232.0;"icaa"
1132;1233.0;"icaa"
1133;1234.0;"icaa"
1134;1235.0;"icaa"
1135;1236.0;"icaa"
1135;1237.0;"icaa"
1136;1238.0;"icaa"
1136;1239.0;"icaa"
1138;13.0;"icaa"
1138;165.0;"icaa"
1139;213.0;"icaa"
1139;96.0;"icaa"
1139;1240.0;"icaa"
1140;1241.0;"icaa"
1141;1032.0;"icaa"
1141;1137.0;"icaa"
1142;1242.0;"icaa"
1142;1243.0;"icaa"
1143;1244.0;"icaa"
1144;1245.0;"icaa"
1144;1246.0;"icaa"
1144;975.0;"icaa"
1144;1247.0;"icaa"
1145;1248.0;"icaa"
1146;13.0;"icaa"
1146;12.0;"icaa"
1148;1249.0;"icaa"
1148;1250.0;"icaa"
1149;1251.0;"icaa"
1150;743.0;"icaa"
1150;1252.0;"icaa"
1152;1253.0;"icaa"
1153;168.0;"icaa"
1153;169.0;"icaa"
1153;350.0;"icaa"
1154;1254.0;"icaa"
1155;1255.0;"icaa"
1155;364.0;"icaa"
1157;1256.0;"icaa"
1158;1257.0;"icaa"
1158;1258.0;"icaa"
1159;1259.0;"icaa"
1160;1260.0;"icaa"
1160;560.0;"icaa"
1161;351.0;"icaa"
1162;117.0;"icaa"
1163;1261.0;"icaa"
1164;1262.0;"icaa"
1164;1263.0;"icaa"
1165;1264.0;"icaa"
1166;1265.0;"icaa"
1167;1266.0;"icaa"
1167;1267.0;"icaa"
1168;272.0;"icaa"
1169;1268.0;"icaa"
1169;1269.0;"icaa"
1170;1270.0;"icaa"
1171;81.0;"icaa"
1172;327.0;"icaa"
1173;1271.0;"icaa"
1174;1272.0;"icaa"
1175;1273.0;"icaa"
1175;1274.0;"icaa"
1176;1275.0;"icaa"
1177;427.0;"icaa"
1177;428.0;"icaa"
1178;1030.0;"icaa"
1179;100.0;"icaa"
1180;928.0;"icaa"
1180;13.0;"icaa"
1181;1276.0;"icaa"
1182;1277.0;"icaa"
1182;1278.0;"icaa"
1183;1279.0;"icaa"
1183;1280.0;"icaa"
1185;13.0;"icaa"
1186;321.0;"icaa"
1186;322.0;"icaa"
1187;248.0;"icaa"
1187;1281.0;"icaa"
1187;1282.0;"icaa"
1187;1283.0;"icaa"
1188;1284.0;"icaa"
1189;1285.0;"icaa"
1190;1286.0;"icaa"
1193;1287.0;"icaa"
1194;212.0;"icaa"
1195;1288.0;"icaa"
1196;783.0;"icaa"
1196;1289.0;"icaa"
1197;361.0;"icaa"
1198;1290.0;"icaa"
1199;1291.0;"icaa"
1199;1292.0;"icaa"
1200;640.0;"icaa"
1201;1293.0;"icaa"
1202;1294.0;"icaa"
1203;1295.0;"icaa"
1204;1296.0;"icaa"
1204;1297.0;"icaa"
1204;1298.0;"icaa"
1205;1299.0;"icaa"
1206;1291.0;"icaa"
1206;1292.0;"icaa"
1206;1300.0;"icaa"
1207;1301.0;"icaa"
1207;1302.0;"icaa"
1208;13.0;"icaa"
1208;12.0;"icaa"
1209;1303.0;"icaa"
1209;1088.0;"icaa"
1210;1304.0;"icaa"
1211;1305.0;"icaa"
1211;1306.0;"icaa"
1212;1196.0;"icaa"
1212;1307.0;"icaa"
1213;751.0;"icaa"
1213;1308.0;"icaa"
1214;1251.0;"icaa"
1214;919.0;"icaa"
1214;1309.0;"icaa"
1215;1310.0;"icaa"
1216;1240.0;"icaa"
1217;1173.0;"icaa"
1218;1311.0;"icaa"
1218;928.0;"icaa"
1219;1312.0;"icaa"
1220;1313.0;"icaa"
1220;1314.0;"icaa"
1221;1315.0;"icaa"
1222;1316.0;"icaa"
1223;1317.0;"icaa"
1224;1260.0;"icaa"
1225;1318.0;"icaa"
1225;1319.0;"icaa"
1226;1320.0;"icaa"
1226;1321.0;"icaa"
1227;1322.0;"icaa"
1228;1323.0;"icaa"
1228;1324.0;"icaa"
1229;1325.0;"icaa"
1230;1326.0;"icaa"
1231;1327.0;"icaa"
1232;1328.0;"icaa"
1232;1329.0;"icaa"
1233;830.0;"icaa"
1236;1330.0;"icaa"
1237;211.0;"icaa"
1238;1331.0;"icaa"
1239;548.0;"icaa"
1240;452.0;"icaa"
1240;586.0;"icaa"
1241;1332.0;"icaa"
1243;1333.0;"icaa"
1243;1334.0;"icaa"
1244;1335.0;"icaa"
1245;1336.0;"icaa"
1245;1337.0;"icaa"
1246;1338.0;"icaa"
1247;331.0;"icaa"
1248;1339.0;"icaa"
1249;626.0;"icaa"
1250;830.0;"icaa"
1251;1340.0;"icaa"
1252;1341.0;"icaa"
1253;581.0;"icaa"
1253;1342.0;"icaa"
1253;1343.0;"icaa"
1254;1344.0;"icaa"
1255;1345.0;"icaa"
1255;1346.0;"icaa"
1256;1347.0;"icaa"
1256;1348.0;"icaa"
1257;1349.0;"icaa"
1258;102.0;"icaa"
1259;18.0;"icaa"
1259;1350.0;"icaa"
1260;1351.0;"icaa"
1260;33.0;"icaa"
1262;42.0;"icaa"
1263;653.0;"icaa"
1264;1352.0;"icaa"
1264;1353.0;"icaa"
1264;1354.0;"icaa"
1266;1355.0;"icaa"
1267;1356.0;"icaa"
1268;1357.0;"icaa"
1269;1358.0;"icaa"
1269;1359.0;"icaa"
1270;1360.0;"icaa"
1270;251.0;"icaa"
1271;1301.0;"icaa"
1271;1302.0;"icaa"
1272;999.0;"icaa"
1273;117.0;"icaa"
1274;1361.0;"icaa"
1275;640.0;"icaa"
1276;1362.0;"icaa"
1276;1363.0;"icaa"
1277;1364.0;"icaa"
1278;1365.0;"icaa"
1280;1366.0;"icaa"
1281;1367.0;"icaa"
1281;1368.0;"icaa"
1283;1369.0;"icaa"
1284;1370.0;"icaa"
1286;1371.0;"icaa"
1287;1372.0;"icaa"
1288;1373.0;"icaa"
1288;1374.0;"icaa"
1289;1375.0;"icaa"
1290;42.0;"icaa"
1291;213.0;"icaa"
1291;96.0;"icaa"
1291;1240.0;"icaa"
1292;278.0;"icaa"
1293;1376.0;"icaa"
1294;390.0;"icaa"
1294;1377.0;"icaa"
1294;1378.0;"icaa"
1294;1379.0;"icaa"
1294;434.0;"icaa"
1294;368.0;"icaa"
1294;1380.0;"icaa"
1294;1381.0;"icaa"
1294;1382.0;"icaa"
1295;1383.0;"icaa"
1296;1384.0;"icaa"
1296;1385.0;"icaa"
1297;1386.0;"icaa"
1298;1387.0;"icaa"
1298;1388.0;"icaa"
1299;1389.0;"icaa"
1300;1390.0;"icaa"
1300;1391.0;"icaa"
1301;1312.0;"icaa"
1302;1392.0;"icaa"
1302;1393.0;"icaa"
1302;1394.0;"icaa"
1303;1395.0;"icaa"
1304;557.0;"icaa"
1305;294.0;"icaa"
1305;180.0;"icaa"
1306;590.0;"icaa"
1307;109.0;"icaa"
1308;1396.0;"icaa"
1308;1397.0;"icaa"
1309;1398.0;"icaa"
1309;1399.0;"icaa"
1310;1400.0;"icaa"
1311;1401.0;"icaa"
1312;1402.0;"icaa"
1313;1403.0;"icaa"
1313;1404.0;"icaa"
1313;1405.0;"icaa"
1313;1406.0;"icaa"
1314;1407.0;"icaa"
1314;1408.0;"icaa"
1315;1409.0;"icaa"
1316;250.0;"icaa"
1317;533.0;"icaa"
1318;1410.0;"icaa"
1318;1411.0;"icaa"
1318;1412.0;"icaa"
1319;1260.0;"icaa"
1320;100.0;"icaa"
1321;1413.0;"icaa"
1323;1414.0;"icaa"
1325;1415.0;"icaa"
1325;349.0;"icaa"
1326;1416.0;"icaa"
1327;1417.0;"icaa"
1328;1418.0;"icaa"
1329;1419.0;"icaa"
1330;120.0;"icaa"
1332;1420.0;"icaa"
1332;1421.0;"icaa"
1333;1422.0;"icaa"
1333;433.0;"icaa"
1333;293.0;"icaa"
1336;1423.0;"icaa"
1337;1424.0;"icaa"
1338;1425.0;"icaa"
1338;1426.0;"icaa"
1339;1427.0;"icaa"
1339;1428.0;"icaa"
1340;1429.0;"icaa"
1341;1430.0;"icaa"
1342;1431.0;"icaa"
1343;63.0;"icaa"
1344;1432.0;"icaa"
1345;569.0;"icaa"
1346;1433.0;"icaa"
1346;1434.0;"icaa"
1346;1435.0;"icaa"
1347;250.0;"icaa"
1348;1436.0;"icaa"
1348;1437.0;"icaa"
1349;1438.0;"icaa"
1351;1248.0;"icaa"
1352;63.0;"icaa"
1353;1439.0;"icaa"
1354;1440.0;"icaa"
1356;1441.0;"icaa"
1357;1100.0;"icaa"
1358;925.0;"icaa"
1359;1442.0;"icaa"
1361;1354.0;"icaa"
1362;1443.0;"icaa"
1362;1062.0;"icaa"
1363;612.0;"icaa"
1364;1444.0;"icaa"
1365;1323.0;"icaa"
1366;1445.0;"icaa"
1366;1446.0;"icaa"
1367;580.0;"icaa"
1368;1397.0;"icaa"
1369;1447.0;"icaa"
1370;1448.0;"icaa"
1370;142.0;"icaa"
1372;1449.0;"icaa"
1373;1450.0;"icaa"
1373;1408.0;"icaa"
1373;1451.0;"icaa"
1374;1452.0;"icaa"
1374;1453.0;"icaa"
1375;109.0;"icaa"
1376;742.0;"icaa"
1376;1454.0;"icaa"
1376;145.0;"icaa"
1377;928.0;"icaa"
1377;13.0;"icaa"
1378;919.0;"icaa"
1379;211.0;"icaa"
1379;1455.0;"icaa"
1380;1312.0;"icaa"
1380;73.0;"icaa"
1380;1456.0;"icaa"
1381;743.0;"icaa"
1382;1457.0;"icaa"
1383;1458.0;"icaa"
1384;1459.0;"icaa"
1384;1460.0;"icaa"
1385;1461.0;"icaa"
1385;857.0;"icaa"
1386;300.0;"icaa"
1387;1462.0;"icaa"
1387;1463.0;"icaa"
1388;1464.0;"icaa"
1388;174.0;"icaa"
1389;1465.0;"icaa"
1390;267.0;"icaa"
1391;1466.0;"icaa"
1392;1467.0;"icaa"
1392;1468.0;"icaa"
1393;1469.0;"icaa"
1394;1470.0;"icaa"
1394;1471.0;"icaa"
1395;1472.0;"icaa"
1396;619.0;"icaa"
1396;1473.0;"icaa"
1397;250.0;"icaa"
1397;1320.0;"icaa"
1398;1474.0;"icaa"
1398;1475.0;"icaa"
1399;1476.0;"icaa"
1401;1174.0;"icaa"
1401;1477.0;"icaa"
1401;1478.0;"icaa"
1402;1479.0;"icaa"
1402;1480.0;"icaa"
1403;217.0;"icaa"
1404;143.0;"icaa"
1405;1481.0;"icaa"
1405;542.0;"icaa"
1407;1482.0;"icaa"
1407;1483.0;"icaa"
1408;1484.0;"icaa"
1408;1485.0;"icaa"
1410;1486.0;"icaa"
1411;1338.0;"icaa"
1411;145.0;"icaa"
1412;1487.0;"icaa"
1412;1488.0;"icaa"
1414;1489.0;"icaa"
1414;1004.0;"icaa"
1415;601.0;"icaa"
1415;1490.0;"icaa"
1415;1491.0;"icaa"
1416;1492.0;"icaa"
1417;203.0;"icaa"
1418;559.0;"icaa"
1419;1493.0;"icaa"
1420;645.0;"icaa"
1421;1494.0;"icaa"
1422;1495.0;"icaa"
1422;1496.0;"icaa"
1423;1497.0;"icaa"
1424;434.0;"icaa"
1425;590.0;"icaa"
1425;201.0;"icaa"
1426;1498.0;"icaa"
1427;380.0;"icaa"
1427;1499.0;"icaa"
1428;1500.0;"icaa"
1428;1501.0;"icaa"
1428;1502.0;"icaa"
1429;1503.0;"icaa"
1429;1504.0;"icaa"
1430;1505.0;"icaa"
1431;1506.0;"icaa"
1432;1507.0;"icaa"
1432;1088.0;"icaa"
1434;1508.0;"icaa"
1435;1509.0;"icaa"
1436;1510.0;"icaa"
1437;1511.0;"icaa"
1437;1512.0;"icaa"
1438;603.0;"icaa"
1439;1513.0;"icaa"
1440;434.0;"icaa"
1441;217.0;"icaa"
1442;1514.0;"icaa"
1443;481.0;"icaa"
1443;482.0;"icaa"
1446;1515.0;"icaa"
1447;1516.0;"icaa"
1448;1085.0;"icaa"
1449;1517.0;"icaa"
1449;1518.0;"icaa"
1450;1519.0;"icaa"
1451;1520.0;"icaa"
1451;1521.0;"icaa"
1452;1522.0;"icaa"
1452;1523.0;"icaa"
1452;1524.0;"icaa"
1453;1525.0;"icaa"
1454;1526.0;"icaa"
1454;1527.0;"icaa"
1455;1528.0;"icaa"
1455;1529.0;"icaa"
1456;1530.0;"icaa"
1457;126.0;"icaa"
1458;126.0;"icaa"
1459;568.0;"icaa"
1459;54.0;"icaa"
1460;1531.0;"icaa"
1460;1532.0;"icaa"
1463;1533.0;"icaa"
1464;1534.0;"icaa"
1464;1535.0;"icaa"
1465;1536.0;"icaa"
1466;1537.0;"icaa"
1466;1538.0;"icaa"
1467;1539.0;"icaa"
1468;1540.0;"icaa"
1469;1541.0;"icaa"
1470;1542.0;"icaa"
1471;79.0;"icaa"
1471;1543.0;"icaa"
1472;1544.0;"icaa"
1473;152.0;"icaa"
1473;153.0;"icaa"
1474;14.0;"icaa"
1474;1545.0;"icaa"
1475;368.0;"icaa"
1475;1546.0;"icaa"
1475;1547.0;"icaa"
1476;1548.0;"icaa"
1476;1292.0;"icaa"
1476;1549.0;"icaa"
1477;548.0;"icaa"
1478;1550.0;"icaa"
1479;1551.0;"icaa"
1480;1552.0;"icaa"
1482;1109.0;"icaa"
1482;928.0;"icaa"
1482;1553.0;"icaa"
1483;1554.0;"icaa"
1483;1555.0;"icaa"
1484;1556.0;"icaa"
1484;1557.0;"icaa"
1484;1558.0;"icaa"
1485;213.0;"icaa"
1486;1559.0;"icaa"
1487;1305.0;"icaa"
1487;1560.0;"icaa"
1487;618.0;"icaa"
1488;1561.0;"icaa"
1488;1562.0;"icaa"
1488;1166.0;"icaa"
1489;1563.0;"icaa"
1489;1564.0;"icaa"
1490;867.0;"icaa"
1491;1565.0;"icaa"
1491;1566.0;"icaa"
1492;1567.0;"icaa"
1493;1568.0;"icaa"
1493;1569.0;"icaa"
1494;126.0;"icaa"
1496;1570.0;"icaa"
1497;972.0;"icaa"
1498;1571.0;"icaa"
1499;1572.0;"icaa"
1500;1573.0;"icaa"
1500;1574.0;"icaa"
1501;1575.0;"icaa"
1502;830.0;"icaa"
1503;1576.0;"icaa"
1504;1577.0;"icaa"
1505;1578.0;"icaa"
1506;1579.0;"icaa"
1507;1580.0;"icaa"
1508;1581.0;"icaa"
1509;1582.0;"icaa"
1510;1583.0;"icaa"
1510;1584.0;"icaa"
1511;1585.0;"icaa"
1512;1586.0;"icaa"
1513;674.0;"icaa"
1514;1587.0;"icaa"
1515;1043.0;"icaa"
1515;1044.0;"icaa"
1516;1588.0;"icaa"
1516;1589.0;"icaa"
1516;1531.0;"icaa"
1517;1590.0;"icaa"
1517;1591.0;"icaa"
1517;1592.0;"icaa"
1518;1593.0;"icaa"
1519;185.0;"icaa"
1520;324.0;"icaa"
1520;1594.0;"icaa"
1522;1595.0;"icaa"
1523;783.0;"icaa"
1524;1596.0;"icaa"
1524;481.0;"icaa"
1524;1597.0;"icaa"
1526;1598.0;"icaa"
1526;1599.0;"icaa"
1527;218.0;"icaa"
1528;1600.0;"icaa"
1528;339.0;"icaa"
1529;626.0;"icaa"
1529;1601.0;"icaa"
1530;1602.0;"icaa"
1531;1603.0;"icaa"
1531;1326.0;"icaa"
1532;1604.0;"icaa"
1532;1605.0;"icaa"
1533;1606.0;"icaa"
1534;783.0;"icaa"
1535;1607.0;"icaa"
1536;96.0;"icaa"
1536;1608.0;"icaa"
1537;48.0;"icaa"
1538;1609.0;"icaa"
1539;1610.0;"icaa"
1540;1611.0;"icaa"
1540;1612.0;"icaa"
1540;1613.0;"icaa"
1541;385.0;"icaa"
1542;77.0;"icaa"
1542;79.0;"icaa"
1543;1614.0;"icaa"
1543;705.0;"icaa"
1545;415.0;"icaa"
1545;1615.0;"icaa"
1546;1616.0;"icaa"
1546;1617.0;"icaa"
1548;1618.0;"icaa"
1548;1619.0;"icaa"
1549;1620.0;"icaa"
1550;887.0;"icaa"
1550;888.0;"icaa"
1551;422.0;"icaa"
1551;1621.0;"icaa"
1552;519.0;"icaa"
1552;518.0;"icaa"
1553;1622.0;"icaa"
1553;1579.0;"icaa"
1555;1154.0;"icaa"
1555;1623.0;"icaa"
1556;1624.0;"icaa"
1558;339.0;"icaa"
1558;340.0;"icaa"
1559;1625.0;"icaa"
1560;1626.0;"icaa"
1560;1627.0;"icaa"
1561;1628.0;"icaa"
1561;1629.0;"icaa"
1562;1630.0;"icaa"
1563;717.0;"icaa"
1563;250.0;"icaa"
1564;1631.0;"icaa"
1565;1632.0;"icaa"
1566;1633.0;"icaa"
1566;1634.0;"icaa"
1567;1635.0;"icaa"
1568;100.0;"icaa"
1569;1636.0;"icaa"
1570;96.0;"icaa"
1570;984.0;"icaa"
1571;1637.0;"icaa"
1571;1638.0;"icaa"
1571;1639.0;"icaa"
1572;1640.0;"icaa"
1573;1641.0;"icaa"
1574;1642.0;"icaa"
1574;1643.0;"icaa"
1575;81.0;"icaa"
1576;1644.0;"icaa"
1577;1645.0;"icaa"
1577;1646.0;"icaa"
1577;1647.0;"icaa"
1578;63.0;"icaa"
1579;1648.0;"icaa"
1579;380.0;"icaa"
1579;578.0;"icaa"
1581;383.0;"icaa"
1581;384.0;"icaa"
1582;126.0;"icaa"
1583;1649.0;"icaa"
1583;1650.0;"icaa"
1584;928.0;"icaa"
1584;13.0;"icaa"
1586;437.0;"icaa"
1586;1651.0;"icaa"
1587;1652.0;"icaa"
1588;232.0;"icaa"
1588;1653.0;"icaa"
1588;233.0;"icaa"
1590;1654.0;"icaa"
1591;1655.0;"icaa"
1591;1656.0;"icaa"
1592;1657.0;"icaa"
1593;348.0;"icaa"
1594;1658.0;"icaa"
1595;620.0;"icaa"
1595;1600.0;"icaa"
1596;1659.0;"icaa"
1598;380.0;"icaa"
1598;1648.0;"icaa"
1599;360.0;"icaa"
1600;1660.0;"icaa"
1601;1661.0;"icaa"
1602;367.0;"icaa"
1602;418.0;"icaa"
1603;1662.0;"icaa"
1603;1663.0;"icaa"
1604;1664.0;"icaa"
1604;1665.0;"icaa"
1605;1666.0;"icaa"
1607;640.0;"icaa"
1607;1667.0;"icaa"
1608;1577.0;"icaa"
1609;1668.0;"icaa"
1610;1669.0;"icaa"
1611;54.0;"icaa"
1614;1670.0;"icaa"
1614;1671.0;"icaa"
1615;1500.0;"icaa"
1616;1525.0;"icaa"
1616;1672.0;"icaa"
1617;1569.0;"icaa"
1618;1673.0;"icaa"
1619;1674.0;"icaa"
1619;871.0;"icaa"
1620;1464.0;"icaa"
1621;1675.0;"icaa"
1622;1676.0;"icaa"
1623;1677.0;"icaa"
1623;1141.0;"icaa"
1624;126.0;"icaa"
1625;1185.0;"icaa"
1625;1678.0;"icaa"
1626;1679.0;"icaa"
1627;1680.0;"icaa"
1628;1681.0;"icaa"
1629;1682.0;"icaa"
1630;1162.0;"icaa"
1631;1683.0;"icaa"
1632;1684.0;"icaa"
1633;1109.0;"icaa"
1634;918.0;"icaa"
1635;1685.0;"icaa"
1636;1686.0;"icaa"
1637;1668.0;"icaa"
1638;1687.0;"icaa"
1639;742.0;"icaa"
1639;578.0;"icaa"
1639;1454.0;"icaa"
1640;1530.0;"icaa"
1641;249.0;"icaa"
1641;1688.0;"icaa"
1642;960.0;"icaa"
1643;1689.0;"icaa"
1644;1690.0;"icaa"
1645;1691.0;"icaa"
1646;331.0;"icaa"
1646;286.0;"icaa"
1647;1692.0;"icaa"
1647;1693.0;"icaa"
1647;67.0;"icaa"
1647;69.0;"icaa"
1648;1400.0;"icaa"
1649;96.0;"icaa"
1650;1694.0;"icaa"
1651;1695.0;"icaa"
1651;1475.0;"icaa"
1651;1696.0;"icaa"
1652;1697.0;"icaa"
1652;1698.0;"icaa"
1652;1213.0;"icaa"
1653;1699.0;"icaa"
1654;1318.0;"icaa"
1654;1700.0;"icaa"
1655;1701.0;"icaa"
1655;1702.0;"icaa"
1656;1703.0;"icaa"
1657;1704.0;"icaa"
1657;1705.0;"icaa"
1658;1222.0;"icaa"
1660;1706.0;"icaa"
1661;1707.0;"icaa"
1661;1708.0;"icaa"
1661;1709.0;"icaa"
1662;1242.0;"icaa"
1663;193.0;"icaa"
1663;1710.0;"icaa"
1664;132.0;"icaa"
1664;1711.0;"icaa"
1665;1712.0;"icaa"
1666;1133.0;"icaa"
1667;1713.0;"icaa"
1667;1714.0;"icaa"
1667;1715.0;"icaa"
1668;12.0;"icaa"
1669;1716.0;"icaa"
1669;1717.0;"icaa"
1670;1718.0;"icaa"
1670;1719.0;"icaa"
1670;1720.0;"icaa"
1671;1470.0;"icaa"
1672;1721.0;"icaa"
1673;1722.0;"icaa"
1673;1723.0;"icaa"
1674;1724.0;"icaa"
1676;1725.0;"icaa"
1676;1726.0;"icaa"
1677;899.0;"icaa"
1678;1727.0;"icaa"
1678;1726.0;"icaa"
1680;1728.0;"icaa"
1680;1729.0;"icaa"
1681;1730.0;"icaa"
1684;951.0;"icaa"
1684;953.0;"icaa"
1684;1731.0;"icaa"
1685;1590.0;"icaa"
1686;1345.0;"icaa"
1686;1346.0;"icaa"
1687;1732.0;"icaa"
1687;1733.0;"icaa"
1687;1734.0;"icaa"
1687;1735.0;"icaa"
1688;717.0;"icaa"
1690;1736.0;"icaa"
1690;1737.0;"icaa"
1691;1738.0;"icaa"
1692;1739.0;"icaa"
1693;1740.0;"icaa"
1694;1644.0;"icaa"
1694;1741.0;"icaa"
1694;1742.0;"icaa"
1695;542.0;"icaa"
1695;1743.0;"icaa"
1697;1744.0;"icaa"
1697;1154.0;"icaa"
1697;1745.0;"icaa"
1698;1000.0;"icaa"
1699;1706.0;"icaa"
1699;1746.0;"icaa"
1699;1747.0;"icaa"
1700;1312.0;"icaa"
1700;73.0;"icaa"
1701;1748.0;"icaa"
1702;1749.0;"icaa"
1702;1750.0;"icaa"
1703;1751.0;"icaa"
1704;1558.0;"icaa"
1705;1752.0;"icaa"
1706;1753.0;"icaa"
1707;1754.0;"icaa"
1707;1755.0;"icaa"
1708;1756.0;"icaa"
1708;1757.0;"icaa"
1709;328.0;"icaa"
1709;1758.0;"icaa"
1710;1514.0;"icaa"
1711;68.0;"icaa"
1711;1759.0;"icaa"
1711;1760.0;"icaa"
1713;578.0;"icaa"
1713;1761.0;"icaa"
1713;1762.0;"icaa"
1714;13.0;"icaa"
1714;928.0;"icaa"
1715;12.0;"icaa"
1715;1763.0;"icaa"
1716;385.0;"icaa"
1716;1764.0;"icaa"
1717;1765.0;"icaa"
1719;1333.0;"icaa"
1719;1766.0;"icaa"
1720;1767.0;"icaa"
1721;1768.0;"icaa"
1721;1769.0;"icaa"
1722;793.0;"icaa"
1722;1770.0;"icaa"
1723;1771.0;"icaa"
1724;1772.0;"icaa"
1724;1773.0;"icaa"
1725;1774.0;"icaa"
1726;1775.0;"icaa"
1726;1776.0;"icaa"
1727;1777.0;"icaa"
1728;1778.0;"icaa"
1729;1779.0;"icaa"
1729;260.0;"icaa"
1730;1780.0;"icaa"
1731;1781.0;"icaa"
1732;180.0;"icaa"
1732;294.0;"icaa"
1732;1782.0;"icaa"
1732;1783.0;"icaa"
1733;1784.0;"icaa"
1733;1785.0;"icaa"
1734;1786.0;"icaa"
1736;1787.0;"icaa"
1737;1788.0;"icaa"
1737;1789.0;"icaa"
1738;1737.0;"icaa"
1739;1790.0;"icaa"
1740;126.0;"icaa"
1741;453.0;"icaa"
1742;1791.0;"icaa"
1742;1792.0;"icaa"
1743;1793.0;"icaa"
1744;1661.0;"icaa"
1745;1794.0;"icaa"
1746;1344.0;"icaa"
1747;1795.0;"icaa"
1748;886.0;"icaa"
1750;1796.0;"icaa"
1751;1797.0;"icaa"
1752;1798.0;"icaa"
1752;1799.0;"icaa"
1752;1800.0;"icaa"
1753;1801.0;"icaa"
1754;218.0;"icaa"
1754;1802.0;"icaa"
1755;1803.0;"icaa"
1755;1804.0;"icaa"
1756;874.0;"icaa"
1756;875.0;"icaa"
1758;1805.0;"icaa"
1759;1806.0;"icaa"
1760;1190.0;"icaa"
1761;1807.0;"icaa"
1762;396.0;"icaa"
1763;1808.0;"icaa"
1763;1809.0;"icaa"
1764;1388.0;"icaa"
1764;1810.0;"icaa"
1765;620.0;"icaa"
1766;1086.0;"icaa"
1767;987.0;"icaa"
1769;368.0;"icaa"
1769;1811.0;"icaa"
1770;140.0;"icaa"
1770;142.0;"icaa"
1771;1812.0;"icaa"
1772;440.0;"icaa"
1774;1813.0;"icaa"
1774;1124.0;"icaa"
1775;1814.0;"icaa"
1775;1815.0;"icaa"
1776;1476.0;"icaa"
1777;1816.0;"icaa"
1778;1817.0;"icaa"
1778;1818.0;"icaa"
1779;1819.0;"icaa"
1779;1820.0;"icaa"
1865;1821.0;"tmdb_directo"
1865;1822.0;"tmdb_directo"
1852;1823.0;"tmdb_directo"
1852;1824.0;"tmdb_directo"
1858;1825.0;"tmdb_directo"
1970;1826.0;"tmdb_directo"
1970;1827.0;"tmdb_directo"
2008;1828.0;"tmdb_directo"
2008;1829.0;"tmdb_directo"
2008;1830.0;"tmdb_directo"
1800;1831.0;"tmdb_directo"
2027;1832.0;"tmdb_directo"
2027;1833.0;"tmdb_directo"
2027;1834.0;"tmdb_directo"
1916;1835.0;"tmdb_directo"
1916;1836.0;"tmdb_directo"
1789;1837.0;"tmdb_directo"
1789;1838.0;"tmdb_directo"
1789;1839.0;"tmdb_directo"
1846;1840.0;"tmdb_directo"
2030;1841.0;"tmdb_directo"
2030;1842.0;"tmdb_directo"
827;1843.0;"tmdb_directo"
1836;1844.0;"tmdb_directo"
1836;1845.0;"tmdb_directo"
2004;1846.0;"tmdb_directo"
1885;104.0;"tmdb_directo"
1885;1847.0;"tmdb_directo"
1877;530.0;"tmdb_directo"
1877;398.0;"tmdb_directo"
2017;1848.0;"tmdb_directo"
1840;1849.0;"tmdb_directo"
1840;1850.0;"tmdb_directo"
2009;1851.0;"tmdb_directo"
2034;1852.0;"tmdb_directo"
1808;1853.0;"tmdb_directo"
1973;1497.0;"tmdb_directo"
2028;1854.0;"tmdb_directo"
2028;1855.0;"tmdb_directo"
2028;1856.0;"tmdb_directo"
1826;1857.0;"tmdb_directo"
1977;1858.0;"tmdb_directo"
1977;1859.0;"tmdb_directo"
1950;1860.0;"tmdb_directo"
1950;1861.0;"tmdb_directo"
1955;1454.0;"tmdb_directo"
1955;1088.0;"tmdb_directo"
1944;1862.0;"tmdb_directo"
1934;1863.0;"tmdb_directo"
2040;1864.0;"tmdb_directo"
1961;1865.0;"tmdb_directo"
1961;1866.0;"tmdb_directo"
1961;1867.0;"tmdb_directo"
1961;1868.0;"tmdb_directo"
1920;1869.0;"tmdb_directo"
1920;1870.0;"tmdb_directo"
1990;1871.0;"tmdb_directo"
1990;1872.0;"tmdb_directo"
1971;1873.0;"tmdb_directo"
2039;1874.0;"tmdb_directo"
2019;1875.0;"tmdb_directo"
1828;1876.0;"tmdb_directo"
1828;1877.0;"tmdb_directo"
1905;1878.0;"tmdb_directo"
1905;1879.0;"tmdb_directo"
1992;1880.0;"tmdb_directo"
1838;1881.0;"tmdb_directo"
1939;1882.0;"tmdb_directo"
1939;1883.0;"tmdb_directo"
1939;1884.0;"tmdb_directo"
1785;1885.0;"tmdb_directo"
1917;1886.0;"tmdb_directo"
1917;1887.0;"tmdb_directo"
2024;1888.0;"tmdb_directo"
2024;1889.0;"tmdb_directo"
2049;1890.0;"tmdb_directo"
1953;975.0;"tmdb_directo"
1953;1891.0;"tmdb_directo"
1953;1245.0;"tmdb_directo"
1855;1892.0;"tmdb_directo"
1855;1893.0;"tmdb_directo"
1921;1894.0;"tmdb_directo"
1921;1895.0;"tmdb_directo"
1933;817.0;"tmdb_directo"
1897;1896.0;"tmdb_directo"
1897;1897.0;"tmdb_directo"
2025;1898.0;"tmdb_directo"
1841;1899.0;"tmdb_directo"
1962;1900.0;"tmdb_directo"
2045;1901.0;"tmdb_directo"
2045;1902.0;"tmdb_directo"
2045;1903.0;"tmdb_directo"
1821;1904.0;"tmdb_directo"
1797;1905.0;"tmdb_directo"
1880;147.0;"tmdb_directo"
1974;1906.0;"tmdb_directo"
1974;1418.0;"tmdb_directo"
1791;1907.0;"tmdb_directo"
2033;1908.0;"tmdb_directo"
2044;1909.0;"tmdb_directo"
153;1910.0;"tmdb_directo"
153;1911.0;"tmdb_directo"
1782;1912.0;"tmdb_directo"
1782;1913.0;"tmdb_directo"
1782;1914.0;"tmdb_directo"
1898;1915.0;"tmdb_directo"
1833;1916.0;"tmdb_directo"
1911;120.0;"tmdb_directo"
1872;1917.0;"tmdb_directo"
1856;1918.0;"tmdb_directo"
1856;1919.0;"tmdb_directo"
1900;1683.0;"tmdb_directo"
1848;1920.0;"tmdb_directo"
1862;1921.0;"tmdb_directo"
1862;1922.0;"tmdb_directo"
1850;1923.0;"tmdb_directo"
1850;1924.0;"tmdb_directo"
2052;1925.0;"tmdb_directo"
2052;1926.0;"tmdb_directo"
2052;1927.0;"tmdb_directo"
1975;1928.0;"tmdb_directo"
1780;1929.0;"tmdb_directo"
1780;1930.0;"tmdb_directo"
1783;1931.0;"tmdb_directo"
2042;259.0;"tmdb_directo"
2026;1932.0;"tmdb_directo"
4;1933.0;"icaa"
5;1934.0;"icaa"
16;1935.0;"icaa"
18;1936.0;"icaa"
19;1937.0;"icaa"
21;1938.0;"icaa"
25;1939.0;"icaa"
27;1940.0;"icaa"
30;1941.0;"icaa"
40;1942.0;"icaa"
44;1943.0;"icaa"
47;1944.0;"icaa"
50;1945.0;"icaa"
57;1946.0;"icaa"
67;1947.0;"icaa"
74;1948.0;"icaa"
78;1949.0;"icaa"
80;1950.0;"icaa"
80;1951.0;"icaa"
81;1952.0;"icaa"
82;1953.0;"icaa"
85;1954.0;"icaa"
85;1955.0;"icaa"
100;1956.0;"icaa"
101;1957.0;"icaa"
104;1958.0;"icaa"
106;1959.0;"icaa"
107;1960.0;"icaa"
113;1961.0;"icaa"
114;1962.0;"icaa"
131;1963.0;"icaa"
134;1964.0;"icaa"
135;1965.0;"icaa"
138;1966.0;"icaa"
144;1967.0;"icaa"
148;1968.0;"icaa"
149;1969.0;"icaa"
150;1970.0;"icaa"
156;1971.0;"icaa"
157;1972.0;"icaa"
158;1973.0;"icaa"
161;1974.0;"icaa"
163;1975.0;"icaa"
164;1976.0;"icaa"
165;1977.0;"icaa"
172;1978.0;"icaa"
172;1979.0;"icaa"
181;1980.0;"icaa"
187;1981.0;"icaa"
191;1982.0;"icaa"
200;1983.0;"icaa"
201;1984.0;"icaa"
204;1985.0;"icaa"
216;1986.0;"icaa"
237;1987.0;"icaa"
238;1988.0;"icaa"
238;1989.0;"icaa"
238;1990.0;"icaa"
252;1991.0;"icaa"
255;1992.0;"icaa"
259;1993.0;"icaa"
270;1994.0;"icaa"
281;1995.0;"icaa"
282;1996.0;"icaa"
289;1997.0;"icaa"
292;1998.0;"icaa"
315;1999.0;"icaa"
320;2000.0;"icaa"
320;2001.0;"icaa"
335;2002.0;"icaa"
336;2003.0;"icaa"
336;2004.0;"icaa"
353;2005.0;"icaa"
356;2006.0;"icaa"
367;2007.0;"icaa"
373;2008.0;"icaa"
378;2001.0;"icaa"
383;2009.0;"icaa"
386;2010.0;"icaa"
386;2011.0;"icaa"
400;2012.0;"icaa"
407;2013.0;"icaa"
412;2014.0;"icaa"
414;2015.0;"icaa"
415;2016.0;"icaa"
417;2017.0;"icaa"
418;2018.0;"icaa"
439;2019.0;"icaa"
441;2020.0;"icaa"
441;2021.0;"icaa"
450;2022.0;"icaa"
451;2023.0;"icaa"
454;2024.0;"icaa"
457;2025.0;"icaa"
461;2026.0;"icaa"
463;2027.0;"icaa"
479;2001.0;"icaa"
489;2028.0;"icaa"
497;2029.0;"icaa"
520;2030.0;"icaa"
531;1997.0;"icaa"
532;2031.0;"icaa"
533;2032.0;"icaa"
539;2033.0;"icaa"
544;1944.0;"icaa"
545;2034.0;"icaa"
546;2035.0;"icaa"
550;2036.0;"icaa"
553;2037.0;"icaa"
554;2038.0;"icaa"
556;2039.0;"icaa"
560;2040.0;"icaa"
560;2041.0;"icaa"
568;2042.0;"icaa"
583;2043.0;"icaa"
595;2044.0;"icaa"
598;2045.0;"icaa"
603;2046.0;"icaa"
605;2047.0;"icaa"
605;2048.0;"icaa"
605;2049.0;"icaa"
607;2050.0;"icaa"
609;2051.0;"icaa"
618;2052.0;"icaa"
620;2053.0;"icaa"
621;2054.0;"icaa"
632;2055.0;"icaa"
634;2056.0;"icaa"
644;2057.0;"icaa"
645;2058.0;"icaa"
654;2059.0;"icaa"
654;2060.0;"icaa"
654;2061.0;"icaa"
656;2062.0;"icaa"
656;2063.0;"icaa"
658;2064.0;"icaa"
658;2065.0;"icaa"
673;2026.0;"icaa"
678;2066.0;"icaa"
681;2067.0;"icaa"
683;2068.0;"icaa"
690;2069.0;"icaa"
690;2070.0;"icaa"
691;2071.0;"icaa"
692;2072.0;"icaa"
692;2073.0;"icaa"
693;2074.0;"icaa"
697;2075.0;"icaa"
702;2076.0;"icaa"
702;2077.0;"icaa"
706;2078.0;"icaa"
707;2079.0;"icaa"
708;2080.0;"icaa"
714;2081.0;"icaa"
714;2082.0;"icaa"
715;2083.0;"icaa"
717;2084.0;"icaa"
722;2085.0;"icaa"
724;2086.0;"icaa"
725;2087.0;"icaa"
728;2088.0;"icaa"
729;2089.0;"icaa"
734;2090.0;"icaa"
735;2091.0;"icaa"
739;2092.0;"icaa"
751;2093.0;"icaa"
762;2094.0;"icaa"
765;2095.0;"icaa"
766;2096.0;"icaa"
766;2097.0;"icaa"
772;2098.0;"icaa"
773;2099.0;"icaa"
773;2100.0;"icaa"
776;2101.0;"icaa"
776;2102.0;"icaa"
782;2103.0;"icaa"
794;2026.0;"icaa"
797;2104.0;"icaa"
798;2105.0;"icaa"
801;2106.0;"icaa"
804;2107.0;"icaa"
806;2108.0;"icaa"
808;2109.0;"icaa"
811;2110.0;"icaa"
820;2111.0;"icaa"
835;2112.0;"icaa"
836;2113.0;"icaa"
840;2114.0;"icaa"
846;2115.0;"icaa"
861;2116.0;"icaa"
873;2117.0;"icaa"
873;2118.0;"icaa"
874;2119.0;"icaa"
875;2120.0;"icaa"
875;2121.0;"icaa"
876;2122.0;"icaa"
879;2123.0;"icaa"
881;2124.0;"icaa"
882;2026.0;"icaa"
888;2125.0;"icaa"
888;2126.0;"icaa"
892;2127.0;"icaa"
899;2128.0;"icaa"
902;2129.0;"icaa"
905;2130.0;"icaa"
905;2131.0;"icaa"
906;2132.0;"icaa"
918;2133.0;"icaa"
922;2134.0;"icaa"
923;2135.0;"icaa"
923;2136.0;"icaa"
926;2137.0;"icaa"
931;2138.0;"icaa"
932;2139.0;"icaa"
936;2140.0;"icaa"
943;2141.0;"icaa"
944;2142.0;"icaa"
945;2143.0;"icaa"
946;2144.0;"icaa"
947;2145.0;"icaa"
947;2146.0;"icaa"
953;1997.0;"icaa"
959;2147.0;"icaa"
959;2148.0;"icaa"
971;2149.0;"icaa"
988;2023.0;"icaa"
989;2150.0;"icaa"
997;2151.0;"icaa"
1001;2152.0;"icaa"
1003;2153.0;"icaa"
1012;2154.0;"icaa"
1014;2155.0;"icaa"
1021;2156.0;"icaa"
1028;2157.0;"icaa"
1036;2158.0;"icaa"
1039;2159.0;"icaa"
1044;2160.0;"icaa"
1047;2161.0;"icaa"
1048;2162.0;"icaa"
1054;2163.0;"icaa"
1056;2164.0;"icaa"
1058;2165.0;"icaa"
1063;2166.0;"icaa"
1063;2167.0;"icaa"
1069;2168.0;"icaa"
1070;2169.0;"icaa"
1073;2170.0;"icaa"
1073;2171.0;"icaa"
1073;2172.0;"icaa"
1081;2004.0;"icaa"
1083;2173.0;"icaa"
1083;2174.0;"icaa"
1093;2175.0;"icaa"
1106;2176.0;"icaa"
1108;2177.0;"icaa"
1122;2178.0;"icaa"
1126;2179.0;"icaa"
1130;2180.0;"icaa"
1130;2181.0;"icaa"
1130;2182.0;"icaa"
1130;2183.0;"icaa"
1137;2184.0;"icaa"
1147;2185.0;"icaa"
1151;2186.0;"icaa"
1154;2187.0;"icaa"
1156;2188.0;"icaa"
1165;2189.0;"icaa"
1175;2190.0;"icaa"
1178;2191.0;"icaa"
1184;2192.0;"icaa"
1184;2193.0;"icaa"
1187;2194.0;"icaa"
1191;2195.0;"icaa"
1192;2196.0;"icaa"
1192;2197.0;"icaa"
1199;2198.0;"icaa"
1199;2088.0;"icaa"
1199;2199.0;"icaa"
1203;2200.0;"icaa"
1205;2201.0;"icaa"
1216;2202.0;"icaa"
1223;2203.0;"icaa"
1230;2204.0;"icaa"
1231;2205.0;"icaa"
1234;2206.0;"icaa"
1235;2207.0;"icaa"
1237;2208.0;"icaa"
1242;2209.0;"icaa"
1246;2210.0;"icaa"
1246;2211.0;"icaa"
1246;2191.0;"icaa"
1246;2212.0;"icaa"
1247;2213.0;"icaa"
1256;2214.0;"icaa"
1257;2215.0;"icaa"
1258;2216.0;"icaa"
1261;2217.0;"icaa"
1261;2218.0;"icaa"
1261;2219.0;"icaa"
1265;2220.0;"icaa"
1279;2221.0;"icaa"
1282;2222.0;"icaa"
1285;2223.0;"icaa"
1287;2224.0;"icaa"
1289;2225.0;"icaa"
1294;2226.0;"icaa"
1294;2227.0;"icaa"
1294;2228.0;"icaa"
1303;1949.0;"icaa"
1322;2229.0;"icaa"
1324;2230.0;"icaa"
1324;2231.0;"icaa"
1328;2232.0;"icaa"
1330;2233.0;"icaa"
1334;2234.0;"icaa"
1335;2235.0;"icaa"
1345;2236.0;"icaa"
1348;2237.0;"icaa"
1350;2179.0;"icaa"
1355;2238.0;"icaa"
1360;2239.0;"icaa"
1360;2240.0;"icaa"
1371;2241.0;"icaa"
1371;2242.0;"icaa"
1373;2243.0;"icaa"
1381;2244.0;"icaa"
1383;2245.0;"icaa"
1390;2246.0;"icaa"
1393;2247.0;"icaa"
1395;2248.0;"icaa"
1400;2249.0;"icaa"
1403;2250.0;"icaa"
1405;2251.0;"icaa"
1406;2252.0;"icaa"
1406;2253.0;"icaa"
1409;2254.0;"icaa"
1411;2210.0;"icaa"
1413;2255.0;"icaa"
1425;2256.0;"icaa"
1427;2257.0;"icaa"
1428;2258.0;"icaa"
1433;2259.0;"icaa"
1436;2260.0;"icaa"
1438;2261.0;"icaa"
1442;2262.0;"icaa"
1442;2202.0;"icaa"
1442;2263.0;"icaa"
1444;2264.0;"icaa"
1445;2265.0;"icaa"
1445;2266.0;"icaa"
1452;2267.0;"icaa"
1456;2268.0;"icaa"
1461;2269.0;"icaa"
1462;2270.0;"icaa"
1471;2271.0;"icaa"
1471;2272.0;"icaa"
1474;2273.0;"icaa"
1478;2274.0;"icaa"
1481;2007.0;"icaa"
1490;2275.0;"icaa"
1495;2276.0;"icaa"
1500;2277.0;"icaa"
1503;2278.0;"icaa"
1507;2175.0;"icaa"
1521;2279.0;"icaa"
1525;2280.0;"icaa"
1544;2281.0;"icaa"
1554;2282.0;"icaa"
1554;2283.0;"icaa"
1559;2284.0;"icaa"
1564;2285.0;"icaa"
1569;2286.0;"icaa"
1572;2287.0;"icaa"
1576;2288.0;"icaa"
1589;2289.0;"icaa"
1598;2290.0;"icaa"
1602;2291.0;"icaa"
1606;2292.0;"icaa"
1612;2293.0;"icaa"
1612;2294.0;"icaa"
1613;2295.0;"icaa"
1617;2296.0;"icaa"
1617;2297.0;"icaa"
1623;2298.0;"icaa"
1625;2051.0;"icaa"
1659;2299.0;"icaa"
1662;2300.0;"icaa"
1664;2001.0;"icaa"
1667;2301.0;"icaa"
1675;2302.0;"icaa"
1679;2303.0;"icaa"
1679;2304.0;"icaa"
1682;2305.0;"icaa"
1683;2306.0;"icaa"
1684;2307.0;"icaa"
1685;2308.0;"icaa"
1689;2199.0;"icaa"
1693;2309.0;"icaa"
1703;2310.0;"icaa"
1704;2311.0;"icaa"
1712;2312.0;"icaa"
1712;2313.0;"icaa"
1731;2035.0;"icaa"
1733;2314.0;"icaa"
1735;2315.0;"icaa"
1748;2316.0;"icaa"
1749;1997.0;"icaa"
1749;1991.0;"icaa"
1750;2146.0;"icaa"
1753;2317.0;"icaa"
1757;2318.0;"icaa"
1759;2319.0;"icaa"
1764;2320.0;"icaa"
1766;2321.0;"icaa"
1768;2322.0;"icaa"
1773;2323.0;"icaa"
