"pelicula_id";"genero_id";"orden";"fuente"
2;36;0;"ficha_genero"
3;9;0;"ficha_genero"
3;36;1;"ficha_genero"
4;46;0;"ficha_genero"
5;36;0;"ficha_genero"
6;46;0;"ficha_tipo"
7;25;0;"ficha_genero"
8;25;0;"ficha_genero"
9;9;0;"ficha_genero"
9;36;1;"ficha_genero"
10;24;0;"ficha_genero"
11;46;0;"ficha_tipo"
12;24;0;"ficha_genero"
13;9;0;"ficha_genero"
14;62;0;"ficha_genero"
15;40;0;"ficha_genero"
16;3;0;"ficha_genero"
17;27;0;"ficha_genero"
18;23;0;"ficha_genero"
19;50;0;"ficha_genero"
20;9;0;"ficha_genero"
20;65;1;"ficha_genero"
21;24;0;"ficha_genero"
22;9;0;"ficha_genero"
22;36;1;"ficha_genero"
23;24;0;"ficha_genero"
24;35;0;"ficha_genero"
25;24;0;"ficha_genero"
26;36;0;"ficha_genero"
27;24;0;"ficha_genero"
28;68;0;"ficha_genero"
29;35;0;"ficha_genero"
30;42;0;"ficha_genero"
31;46;0;"ficha_tipo"
32;9;0;"ficha_genero"
33;36;0;"ficha_genero"
34;36;0;"ficha_genero"
35;36;0;"ficha_genero"
36;43;0;"ficha_genero"
37;25;0;"ficha_genero"
38;24;0;"ficha_genero"
39;36;0;"ficha_genero"
40;24;0;"ficha_genero"
41;5;0;"ficha_genero"
42;36;0;"ficha_genero"
43;40;0;"ficha_genero"
44;24;0;"ficha_genero"
45;9;0;"ficha_genero"
46;40;0;"ficha_genero"
47;25;0;"ficha_genero"
48;35;0;"ficha_genero"
49;40;0;"ficha_genero"
50;46;0;"ficha_genero"
51;36;0;"ficha_genero"
52;65;0;"ficha_genero"
52;36;1;"ficha_genero"
53;36;0;"ficha_genero"
54;52;0;"ficha_genero"
55;35;0;"ficha_genero"
56;9;0;"ficha_genero"
57;23;0;"ficha_genero"
58;24;0;"ficha_genero"
59;16;0;"ficha_genero"
60;9;0;"ficha_genero"
60;36;1;"ficha_genero"
61;24;0;"ficha_genero"
62;61;0;"ficha_genero"
63;24;0;"ficha_genero"
64;23;0;"ficha_genero"
65;24;0;"ficha_genero"
66;7;0;"ficha_genero"
67;24;0;"ficha_genero"
68;36;0;"ficha_genero"
69;25;0;"ficha_genero"
70;36;0;"ficha_genero"
71;9;0;"ficha_genero"
72;36;0;"ficha_genero"
73;9;0;"ficha_genero"
74;65;0;"ficha_genero"
75;36;0;"ficha_genero"
76;35;0;"ficha_genero"
77;36;0;"ficha_genero"
78;25;0;"ficha_genero"
79;36;0;"ficha_genero"
80;3;0;"ficha_genero"
81;36;0;"ficha_genero"
82;46;0;"ficha_genero"
82;42;1;"ficha_genero"
83;38;0;"ficha_genero"
84;23;0;"ficha_genero"
85;24;0;"ficha_genero"
86;36;0;"ficha_genero"
87;46;0;"ficha_genero"
88;65;0;"ficha_genero"
89;24;0;"ficha_genero"
90;36;0;"ficha_genero"
91;24;0;"ficha_genero"
92;38;0;"ficha_genero"
93;56;0;"ficha_genero"
94;9;0;"ficha_genero"
95;12;0;"ficha_genero"
96;24;0;"ficha_genero"
97;36;0;"ficha_genero"
98;24;0;"ficha_genero"
99;36;0;"ficha_genero"
100;57;0;"ficha_genero"
101;24;0;"ficha_genero"
102;36;0;"ficha_genero"
103;38;0;"ficha_genero"
104;46;0;"ficha_tipo"
105;63;0;"ficha_genero"
106;7;0;"ficha_genero"
107;7;0;"ficha_genero"
108;7;0;"ficha_genero"
109;65;0;"ficha_genero"
110;36;0;"ficha_genero"
111;9;0;"ficha_genero"
111;36;1;"ficha_genero"
112;22;0;"ficha_genero"
113;24;0;"ficha_genero"
114;17;0;"ficha_genero"
115;24;0;"ficha_genero"
116;59;0;"ficha_genero"
117;24;0;"ficha_genero"
118;36;0;"ficha_genero"
119;36;0;"ficha_genero"
120;36;0;"ficha_genero"
121;27;0;"ficha_genero"
122;24;0;"ficha_genero"
123;24;0;"ficha_genero"
124;45;0;"ficha_genero"
125;36;0;"ficha_genero"
126;36;0;"ficha_genero"
127;24;0;"ficha_genero"
128;46;0;"ficha_genero"
128;42;1;"ficha_genero"
129;47;0;"ficha_genero"
130;36;0;"ficha_genero"
131;6;0;"ficha_genero"
132;46;0;"ficha_genero"
133;36;0;"ficha_genero"
134;65;0;"ficha_genero"
135;24;0;"ficha_genero"
136;9;0;"ficha_genero"
137;24;0;"ficha_genero"
138;7;0;"ficha_genero"
139;7;0;"ficha_genero"
140;24;0;"ficha_genero"
141;3;0;"ficha_genero"
142;36;0;"ficha_genero"
143;65;0;"ficha_genero"
143;36;1;"ficha_genero"
144;24;0;"ficha_genero"
145;39;0;"ficha_genero"
146;24;0;"ficha_genero"
147;24;0;"ficha_genero"
148;10;0;"ficha_genero"
149;24;0;"ficha_genero"
150;26;0;"ficha_genero"
151;63;0;"ficha_genero"
152;24;0;"ficha_tipo"
154;46;0;"ficha_tipo"
155;36;0;"ficha_genero"
156;63;0;"ficha_genero"
157;36;0;"ficha_genero"
158;31;0;"ficha_genero"
159;65;0;"ficha_genero"
159;36;1;"ficha_genero"
160;9;0;"ficha_genero"
161;24;0;"ficha_genero"
162;9;0;"ficha_genero"
163;24;0;"ficha_genero"
164;24;0;"ficha_genero"
165;9;0;"ficha_genero"
166;9;0;"ficha_genero"
167;15;0;"ficha_genero"
168;47;0;"ficha_genero"
169;36;0;"ficha_genero"
170;24;0;"ficha_genero"
171;36;0;"ficha_genero"
172;24;0;"ficha_genero"
173;23;0;"ficha_genero"
174;36;0;"ficha_genero"
175;64;0;"ficha_genero"
176;24;0;"ficha_genero"
177;36;0;"ficha_genero"
178;42;0;"ficha_genero"
179;24;0;"ficha_genero"
180;24;0;"ficha_genero"
181;65;0;"ficha_genero"
182;37;0;"ficha_genero"
183;36;0;"ficha_genero"
184;12;0;"ficha_genero"
185;24;0;"ficha_genero"
186;24;0;"ficha_genero"
187;24;0;"ficha_genero"
188;46;0;"ficha_genero"
189;24;0;"ficha_genero"
190;36;0;"ficha_genero"
191;9;0;"ficha_genero"
192;36;0;"ficha_genero"
193;36;0;"ficha_genero"
194;24;0;"ficha_genero"
195;36;0;"ficha_genero"
196;24;0;"ficha_genero"
197;24;0;"ficha_genero"
198;46;0;"ficha_genero"
199;65;0;"ficha_genero"
200;36;0;"ficha_genero"
201;24;0;"ficha_genero"
202;24;0;"ficha_genero"
203;65;0;"ficha_genero"
203;36;1;"ficha_genero"
204;8;0;"ficha_genero"
205;36;0;"ficha_genero"
206;24;0;"ficha_genero"
207;23;0;"ficha_genero"
208;40;0;"ficha_genero"
209;42;0;"ficha_genero"
210;24;0;"ficha_genero"
211;66;0;"ficha_genero"
212;36;0;"ficha_genero"
213;23;0;"ficha_genero"
214;3;0;"ficha_genero"
215;24;0;"ficha_genero"
216;46;0;"ficha_genero"
217;65;0;"ficha_genero"
218;24;0;"ficha_genero"
219;24;0;"ficha_genero"
220;46;0;"ficha_genero"
221;20;0;"ficha_genero"
222;1;0;"ficha_genero"
223;24;0;"ficha_genero"
224;36;0;"ficha_genero"
225;42;0;"ficha_genero"
226;36;0;"ficha_genero"
227;24;0;"ficha_genero"
228;3;0;"ficha_genero"
229;36;0;"ficha_genero"
230;24;0;"ficha_genero"
231;65;0;"ficha_genero"
231;1;1;"ficha_genero"
232;32;0;"ficha_genero"
233;63;0;"ficha_genero"
234;35;0;"ficha_genero"
235;24;0;"ficha_genero"
236;9;0;"ficha_genero"
237;35;0;"ficha_genero"
238;63;0;"ficha_genero"
239;7;0;"ficha_genero"
240;9;0;"ficha_genero"
241;24;0;"ficha_genero"
242;24;0;"ficha_genero"
243;9;0;"ficha_genero"
244;38;0;"ficha_genero"
245;24;0;"ficha_genero"
246;3;0;"ficha_genero"
247;23;0;"ficha_genero"
248;24;0;"ficha_genero"
249;47;0;"ficha_genero"
250;7;0;"ficha_genero"
251;65;0;"ficha_genero"
251;36;1;"ficha_genero"
252;36;0;"ficha_genero"
253;24;0;"ficha_genero"
254;36;0;"ficha_genero"
255;31;0;"ficha_genero"
256;24;0;"ficha_genero"
257;26;0;"ficha_genero"
258;67;0;"ficha_genero"
259;24;0;"ficha_genero"
260;62;0;"ficha_genero"
261;9;0;"ficha_genero"
262;9;0;"ficha_genero"
262;65;1;"ficha_genero"
263;63;0;"ficha_genero"
264;26;0;"ficha_genero"
265;37;0;"ficha_genero"
266;36;0;"ficha_genero"
267;24;0;"ficha_genero"
268;3;0;"ficha_genero"
269;9;0;"ficha_genero"
270;36;0;"ficha_genero"
271;66;0;"ficha_genero"
272;15;0;"ficha_genero"
273;36;0;"ficha_genero"
274;36;0;"ficha_genero"
275;9;0;"ficha_genero"
276;65;0;"ficha_genero"
277;37;0;"ficha_genero"
278;24;0;"ficha_genero"
279;35;0;"ficha_genero"
280;45;0;"ficha_genero"
281;9;0;"ficha_genero"
282;6;0;"ficha_genero"
283;9;0;"ficha_genero"
283;36;1;"ficha_genero"
284;13;0;"ficha_genero"
285;14;0;"ficha_genero"
286;65;0;"ficha_genero"
287;38;0;"ficha_genero"
288;24;0;"ficha_genero"
289;58;0;"ficha_genero"
290;25;0;"ficha_genero"
291;36;0;"ficha_genero"
292;36;0;"ficha_genero"
293;9;0;"ficha_genero"
294;46;0;"ficha_tipo"
295;36;0;"ficha_genero"
296;36;0;"ficha_genero"
297;17;0;"ficha_genero"
298;46;0;"ficha_genero"
299;47;0;"ficha_genero"
300;36;0;"ficha_genero"
301;46;0;"ficha_genero"
302;36;0;"ficha_genero"
303;36;0;"ficha_genero"
304;12;0;"ficha_genero"
305;9;0;"ficha_genero"
305;36;1;"ficha_genero"
306;36;0;"ficha_genero"
307;36;0;"ficha_genero"
308;9;0;"ficha_genero"
309;6;0;"ficha_genero"
310;11;0;"ficha_genero"
311;36;0;"ficha_genero"
312;14;0;"ficha_genero"
313;26;0;"ficha_genero"
314;9;0;"ficha_genero"
315;24;0;"ficha_genero"
316;36;0;"ficha_genero"
317;38;0;"ficha_genero"
318;24;0;"ficha_genero"
319;8;0;"ficha_genero"
320;9;0;"ficha_genero"
321;9;0;"ficha_genero"
322;24;0;"ficha_genero"
323;9;0;"ficha_genero"
323;36;1;"ficha_genero"
324;9;0;"ficha_genero"
324;36;1;"ficha_genero"
325;24;0;"ficha_genero"
326;9;0;"ficha_genero"
327;32;0;"ficha_genero"
328;47;0;"ficha_genero"
329;66;0;"ficha_genero"
330;66;0;"ficha_genero"
331;24;0;"ficha_genero"
332;24;0;"ficha_genero"
333;1;0;"ficha_genero"
334;24;0;"ficha_genero"
335;9;0;"ficha_genero"
335;36;1;"ficha_genero"
336;36;0;"ficha_genero"
337;15;0;"ficha_genero"
338;36;0;"ficha_genero"
339;35;0;"ficha_genero"
340;65;0;"ficha_genero"
340;36;1;"ficha_genero"
341;63;0;"ficha_genero"
342;26;0;"ficha_genero"
343;9;0;"ficha_genero"
344;24;0;"ficha_genero"
345;39;0;"ficha_genero"
346;65;0;"ficha_genero"
347;36;0;"ficha_genero"
348;36;0;"ficha_genero"
349;15;0;"ficha_genero"
350;36;0;"ficha_genero"
351;65;0;"ficha_genero"
352;65;0;"ficha_genero"
353;24;0;"ficha_genero"
354;24;0;"ficha_genero"
355;54;0;"ficha_genero"
356;33;0;"ficha_genero"
357;46;0;"ficha_genero"
358;65;0;"ficha_genero"
359;36;0;"ficha_genero"
360;62;0;"ficha_genero"
361;47;0;"ficha_genero"
362;24;0;"ficha_genero"
363;25;0;"ficha_genero"
364;24;0;"ficha_genero"
365;36;0;"ficha_genero"
366;24;0;"ficha_genero"
367;24;0;"ficha_genero"
368;37;0;"ficha_genero"
369;26;0;"ficha_genero"
370;24;0;"ficha_genero"
371;24;0;"ficha_genero"
372;35;0;"ficha_genero"
373;23;0;"ficha_genero"
374;24;0;"ficha_genero"
375;9;0;"ficha_genero"
376;36;0;"ficha_genero"
377;31;0;"ficha_genero"
378;24;0;"ficha_genero"
379;62;0;"ficha_genero"
380;36;0;"ficha_genero"
381;24;0;"ficha_genero"
382;24;0;"ficha_genero"
383;3;0;"ficha_genero"
384;24;0;"ficha_genero"
385;39;0;"ficha_genero"
386;36;0;"ficha_genero"
387;24;0;"ficha_genero"
388;46;0;"ficha_genero"
389;36;0;"ficha_genero"
390;36;0;"ficha_genero"
391;9;0;"ficha_genero"
392;63;0;"ficha_genero"
393;46;0;"ficha_tipo"
394;63;0;"ficha_genero"
395;31;0;"ficha_genero"
396;65;0;"ficha_genero"
396;36;1;"ficha_genero"
397;26;0;"ficha_genero"
398;24;0;"ficha_genero"
399;5;0;"ficha_genero"
400;1;0;"ficha_genero"
400;65;1;"ficha_genero"
401;36;0;"ficha_genero"
402;31;0;"ficha_genero"
403;9;0;"ficha_genero"
404;37;0;"ficha_genero"
405;24;0;"ficha_genero"
406;36;0;"ficha_genero"
407;16;0;"ficha_genero"
408;24;0;"ficha_genero"
409;24;0;"ficha_genero"
410;9;0;"ficha_genero"
410;36;1;"ficha_genero"
411;9;0;"ficha_genero"
412;24;0;"ficha_genero"
413;36;0;"ficha_genero"
414;62;0;"ficha_genero"
415;24;0;"ficha_genero"
416;9;0;"ficha_genero"
417;3;0;"ficha_genero"
418;24;0;"ficha_genero"
419;9;0;"ficha_genero"
420;36;0;"ficha_genero"
421;36;0;"ficha_genero"
422;35;0;"ficha_genero"
423;9;0;"ficha_genero"
424;24;0;"ficha_genero"
425;62;0;"ficha_genero"
426;24;0;"ficha_genero"
427;65;0;"ficha_genero"
428;3;0;"ficha_genero"
429;35;0;"ficha_genero"
430;24;0;"ficha_genero"
431;26;0;"ficha_genero"
432;38;0;"ficha_genero"
433;24;0;"ficha_genero"
434;65;0;"ficha_genero"
435;36;0;"ficha_genero"
436;9;0;"ficha_genero"
436;36;1;"ficha_genero"
437;36;0;"ficha_genero"
438;24;0;"ficha_genero"
439;24;0;"ficha_genero"
440;9;0;"ficha_genero"
440;36;1;"ficha_genero"
441;36;0;"ficha_genero"
442;66;0;"ficha_genero"
443;32;0;"ficha_genero"
444;9;0;"ficha_genero"
444;44;1;"ficha_genero"
445;36;0;"ficha_genero"
446;24;0;"ficha_genero"
447;9;0;"ficha_genero"
448;36;0;"ficha_genero"
449;36;0;"ficha_genero"
450;36;0;"ficha_genero"
451;24;0;"ficha_genero"
452;24;0;"ficha_genero"
453;36;0;"ficha_genero"
454;9;0;"ficha_genero"
454;36;1;"ficha_genero"
455;24;0;"ficha_genero"
456;36;0;"ficha_genero"
457;24;0;"ficha_genero"
458;68;0;"ficha_genero"
459;9;0;"ficha_genero"
460;52;0;"ficha_genero"
461;24;0;"ficha_genero"
462;9;0;"ficha_genero"
463;24;0;"ficha_genero"
464;65;0;"ficha_genero"
465;3;0;"ficha_genero"
466;9;0;"ficha_genero"
467;65;0;"ficha_genero"
467;36;1;"ficha_genero"
468;42;0;"ficha_genero"
469;47;0;"ficha_genero"
470;13;0;"ficha_genero"
471;36;0;"ficha_genero"
472;36;0;"ficha_genero"
473;9;0;"ficha_genero"
474;9;0;"ficha_genero"
475;3;0;"ficha_genero"
476;36;0;"ficha_genero"
477;36;0;"ficha_genero"
478;24;0;"ficha_genero"
479;9;0;"ficha_genero"
480;9;0;"ficha_genero"
481;9;0;"ficha_genero"
482;9;0;"ficha_genero"
482;36;1;"ficha_genero"
483;28;0;"ficha_genero"
484;36;0;"ficha_genero"
485;36;0;"ficha_genero"
486;24;0;"ficha_genero"
487;9;0;"ficha_genero"
487;36;1;"ficha_genero"
488;36;0;"ficha_genero"
489;30;0;"ficha_genero"
490;65;0;"ficha_genero"
491;63;0;"ficha_genero"
492;63;0;"ficha_genero"
493;36;0;"ficha_genero"
494;63;0;"ficha_genero"
495;9;0;"ficha_genero"
496;24;0;"ficha_genero"
497;24;0;"ficha_genero"
498;9;0;"ficha_genero"
499;9;0;"ficha_genero"
500;24;0;"ficha_genero"
501;28;0;"ficha_genero"
502;36;0;"ficha_genero"
503;9;0;"ficha_genero"
504;1;0;"ficha_genero"
504;65;1;"ficha_genero"
505;40;0;"ficha_genero"
506;9;0;"ficha_genero"
507;12;0;"ficha_genero"
508;14;0;"ficha_genero"
509;9;0;"ficha_genero"
509;36;1;"ficha_genero"
510;9;0;"ficha_genero"
511;9;0;"ficha_genero"
512;36;0;"ficha_genero"
513;14;0;"ficha_genero"
514;31;0;"ficha_genero"
515;24;0;"ficha_genero"
516;63;0;"ficha_genero"
517;65;0;"ficha_genero"
518;36;0;"ficha_genero"
519;9;0;"ficha_genero"
520;12;0;"ficha_genero"
521;24;0;"ficha_genero"
522;67;0;"ficha_genero"
523;52;0;"ficha_genero"
524;9;0;"ficha_genero"
525;60;0;"ficha_genero"
526;65;0;"ficha_genero"
527;5;0;"ficha_genero"
528;36;0;"ficha_genero"
529;9;0;"ficha_genero"
530;9;0;"ficha_genero"
530;44;1;"ficha_genero"
531;46;0;"ficha_genero"
532;67;0;"ficha_genero"
533;36;0;"ficha_genero"
534;63;0;"ficha_genero"
535;6;0;"ficha_genero"
536;36;0;"ficha_genero"
537;36;0;"ficha_genero"
538;24;0;"ficha_genero"
539;24;0;"ficha_genero"
540;24;0;"ficha_genero"
541;24;0;"ficha_genero"
542;25;0;"ficha_genero"
543;24;0;"ficha_genero"
544;36;0;"ficha_genero"
545;63;0;"ficha_genero"
546;24;0;"ficha_genero"
547;9;0;"ficha_genero"
548;40;0;"ficha_genero"
549;45;0;"ficha_genero"
550;24;0;"ficha_genero"
551;3;0;"ficha_genero"
552;65;0;"ficha_genero"
552;36;1;"ficha_genero"
553;36;0;"ficha_genero"
554;9;0;"ficha_genero"
555;24;0;"ficha_genero"
556;24;0;"ficha_genero"
557;27;0;"ficha_genero"
558;62;0;"ficha_genero"
559;24;0;"ficha_genero"
560;24;0;"ficha_genero"
561;35;0;"ficha_genero"
562;9;0;"ficha_genero"
562;36;1;"ficha_genero"
563;36;0;"ficha_genero"
564;52;0;"ficha_genero"
565;36;0;"ficha_genero"
566;9;0;"ficha_genero"
567;24;0;"ficha_genero"
568;46;0;"ficha_genero"
568;42;1;"ficha_genero"
569;24;0;"ficha_genero"
570;9;0;"ficha_genero"
571;36;0;"ficha_genero"
572;9;0;"ficha_genero"
572;44;1;"ficha_genero"
573;24;0;"ficha_genero"
574;36;0;"ficha_genero"
575;9;0;"ficha_genero"
576;9;0;"ficha_genero"
577;24;0;"ficha_genero"
578;34;0;"ficha_genero"
579;36;0;"ficha_genero"
580;9;0;"ficha_genero"
581;24;0;"ficha_genero"
582;9;0;"ficha_genero"
583;36;0;"ficha_genero"
584;36;0;"ficha_genero"
585;9;0;"ficha_genero"
586;1;0;"ficha_genero"
586;65;1;"ficha_genero"
587;35;0;"ficha_genero"
588;24;0;"ficha_genero"
589;38;0;"ficha_genero"
590;67;0;"ficha_genero"
591;24;0;"ficha_genero"
592;36;0;"ficha_genero"
593;46;0;"ficha_genero"
593;42;1;"ficha_genero"
594;9;0;"ficha_genero"
595;24;0;"ficha_genero"
596;24;0;"ficha_genero"
597;24;0;"ficha_genero"
598;24;0;"ficha_genero"
599;9;0;"ficha_genero"
599;44;1;"ficha_genero"
600;9;0;"ficha_genero"
601;36;0;"ficha_genero"
602;24;0;"ficha_genero"
603;24;0;"ficha_genero"
604;64;0;"ficha_genero"
605;24;0;"ficha_genero"
606;15;0;"ficha_genero"
607;24;0;"ficha_genero"
608;64;0;"ficha_genero"
609;9;0;"ficha_genero"
609;36;1;"ficha_genero"
610;65;0;"ficha_genero"
611;34;0;"ficha_genero"
612;36;0;"ficha_genero"
613;24;0;"ficha_genero"
614;36;0;"ficha_genero"
615;46;0;"ficha_genero"
616;46;0;"ficha_tipo"
617;9;0;"ficha_genero"
618;24;0;"ficha_genero"
619;35;0;"ficha_genero"
620;24;0;"ficha_genero"
621;9;0;"ficha_genero"
622;24;0;"ficha_genero"
623;36;0;"ficha_genero"
624;46;0;"ficha_tipo"
625;3;0;"ficha_genero"
626;36;0;"ficha_genero"
627;24;0;"ficha_genero"
628;7;0;"ficha_genero"
629;46;0;"ficha_tipo"
630;39;0;"ficha_genero"
631;24;0;"ficha_genero"
632;32;0;"ficha_genero"
633;24;0;"ficha_genero"
634;36;0;"ficha_genero"
635;24;0;"ficha_genero"
636;36;0;"ficha_genero"
637;9;0;"ficha_genero"
638;29;0;"ficha_genero"
639;9;0;"ficha_genero"
640;24;0;"ficha_genero"
641;1;0;"ficha_genero"
641;65;1;"ficha_genero"
642;36;0;"ficha_genero"
643;9;0;"ficha_genero"
644;65;0;"ficha_genero"
644;1;1;"ficha_genero"
645;24;0;"ficha_genero"
646;17;0;"ficha_genero"
647;9;0;"ficha_genero"
648;36;0;"ficha_genero"
649;36;0;"ficha_genero"
650;36;0;"ficha_genero"
651;63;0;"ficha_genero"
652;36;0;"ficha_genero"
653;65;0;"ficha_genero"
654;9;0;"ficha_genero"
655;9;0;"ficha_genero"
656;62;0;"ficha_genero"
657;9;0;"ficha_genero"
657;36;1;"ficha_genero"
658;52;0;"ficha_genero"
659;36;0;"ficha_genero"
660;3;0;"ficha_genero"
661;65;0;"ficha_genero"
662;46;0;"ficha_genero"
663;24;0;"ficha_genero"
664;9;0;"ficha_genero"
665;36;0;"ficha_genero"
666;36;0;"ficha_genero"
667;36;0;"ficha_genero"
668;46;0;"ficha_genero"
669;24;0;"ficha_genero"
670;65;0;"ficha_genero"
671;36;0;"ficha_genero"
672;24;0;"ficha_genero"
673;7;0;"ficha_genero"
674;9;0;"ficha_genero"
675;39;0;"ficha_genero"
676;24;0;"ficha_genero"
677;24;0;"ficha_genero"
678;36;0;"ficha_genero"
679;36;0;"ficha_genero"
680;36;0;"ficha_genero"
681;24;0;"ficha_genero"
682;7;0;"ficha_genero"
683;30;0;"ficha_genero"
684;24;0;"ficha_genero"
685;36;0;"ficha_genero"
686;7;0;"ficha_genero"
687;9;0;"ficha_genero"
688;14;0;"ficha_genero"
689;24;0;"ficha_genero"
690;24;0;"ficha_genero"
691;31;0;"ficha_genero"
692;65;0;"ficha_genero"
693;24;0;"ficha_genero"
694;1;0;"ficha_genero"
694;65;1;"ficha_genero"
695;24;0;"ficha_genero"
696;24;0;"ficha_genero"
697;24;0;"ficha_genero"
698;31;0;"ficha_genero"
699;38;0;"ficha_genero"
700;20;0;"ficha_genero"
701;24;0;"ficha_genero"
702;9;0;"ficha_genero"
703;23;0;"ficha_genero"
704;31;0;"ficha_genero"
705;24;0;"ficha_genero"
706;25;0;"ficha_genero"
707;36;0;"ficha_genero"
708;9;0;"ficha_genero"
709;7;0;"ficha_genero"
710;65;0;"ficha_genero"
711;9;0;"ficha_genero"
712;24;0;"ficha_genero"
713;11;0;"ficha_genero"
714;36;0;"ficha_genero"
715;46;0;"ficha_genero"
716;46;0;"ficha_genero"
717;6;0;"ficha_genero"
718;24;0;"ficha_genero"
719;31;0;"ficha_genero"
720;12;0;"ficha_genero"
721;30;0;"ficha_genero"
722;24;0;"ficha_genero"
723;10;0;"ficha_genero"
724;53;0;"ficha_genero"
725;36;0;"ficha_genero"
726;24;0;"ficha_genero"
727;15;0;"ficha_genero"
728;3;0;"ficha_genero"
729;36;0;"ficha_genero"
730;6;0;"ficha_genero"
731;3;0;"ficha_tipo"
732;48;0;"ficha_genero"
733;24;0;"ficha_genero"
734;24;0;"ficha_genero"
735;50;0;"ficha_genero"
736;9;0;"ficha_genero"
736;44;1;"ficha_genero"
737;45;0;"ficha_genero"
738;7;0;"ficha_genero"
739;36;0;"ficha_genero"
740;52;0;"ficha_genero"
741;24;0;"ficha_genero"
742;36;0;"ficha_genero"
743;26;0;"ficha_genero"
744;35;0;"ficha_genero"
745;36;0;"ficha_genero"
746;1;0;"ficha_genero"
746;65;1;"ficha_genero"
747;67;0;"ficha_genero"
748;24;0;"ficha_genero"
749;24;0;"ficha_genero"
750;7;0;"ficha_genero"
751;24;0;"ficha_genero"
752;7;0;"ficha_genero"
753;36;0;"ficha_genero"
754;36;0;"ficha_genero"
755;65;0;"ficha_genero"
755;36;1;"ficha_genero"
756;35;0;"ficha_genero"
757;52;0;"ficha_genero"
758;31;0;"ficha_genero"
759;64;0;"ficha_genero"
760;36;0;"ficha_genero"
761;9;0;"ficha_genero"
762;42;0;"ficha_genero"
763;24;0;"ficha_genero"
764;6;0;"ficha_genero"
765;15;0;"ficha_genero"
766;46;0;"ficha_genero"
767;36;0;"ficha_genero"
768;24;0;"ficha_genero"
769;24;0;"ficha_genero"
770;24;0;"ficha_genero"
771;9;0;"ficha_genero"
772;15;0;"ficha_genero"
773;24;0;"ficha_genero"
774;6;0;"ficha_genero"
774;51;1;"ficha_genero"
774;44;2;"ficha_genero"
775;24;0;"ficha_genero"
776;9;0;"ficha_genero"
777;65;0;"ficha_genero"
777;36;1;"ficha_genero"
778;24;0;"ficha_genero"
779;60;0;"ficha_genero"
780;9;0;"ficha_genero"
781;3;0;"ficha_genero"
782;8;0;"ficha_genero"
783;9;0;"ficha_genero"
784;36;0;"ficha_genero"
785;9;0;"ficha_genero"
786;9;0;"ficha_genero"
787;9;0;"ficha_genero"
787;36;1;"ficha_genero"
788;63;0;"ficha_genero"
789;61;0;"ficha_genero"
790;36;0;"ficha_genero"
791;9;0;"ficha_genero"
791;36;1;"ficha_genero"
792;65;0;"ficha_genero"
792;1;1;"ficha_genero"
793;40;0;"ficha_genero"
794;47;0;"ficha_genero"
795;39;0;"ficha_genero"
796;2;0;"ficha_genero"
797;3;0;"ficha_genero"
798;24;0;"ficha_genero"
799;46;0;"ficha_tipo"
800;36;0;"ficha_genero"
801;36;0;"ficha_genero"
802;24;0;"ficha_genero"
803;24;0;"ficha_genero"
804;24;0;"ficha_genero"
805;24;0;"ficha_genero"
806;36;0;"ficha_genero"
807;36;0;"ficha_genero"
808;39;0;"ficha_genero"
809;36;0;"ficha_genero"
810;22;0;"ficha_genero"
811;28;0;"ficha_genero"
812;24;0;"ficha_genero"
813;1;0;"ficha_genero"
813;65;1;"ficha_genero"
814;21;0;"ficha_genero"
815;1;0;"ficha_genero"
815;65;1;"ficha_genero"
816;4;0;"ficha_genero"
817;23;0;"ficha_genero"
818;9;0;"ficha_genero"
818;44;1;"ficha_genero"
819;9;0;"ficha_genero"
819;44;1;"ficha_genero"
820;24;0;"ficha_genero"
821;24;0;"ficha_genero"
822;9;0;"ficha_genero"
822;36;1;"ficha_genero"
823;15;0;"ficha_genero"
824;63;0;"ficha_genero"
825;47;0;"ficha_genero"
826;24;0;"ficha_genero"
828;24;0;"ficha_genero"
829;36;0;"ficha_genero"
830;28;0;"ficha_genero"
831;9;0;"ficha_genero"
832;24;0;"ficha_genero"
833;40;0;"ficha_genero"
834;36;0;"ficha_genero"
835;36;0;"ficha_genero"
836;46;0;"ficha_tipo"
837;36;0;"ficha_genero"
838;25;0;"ficha_genero"
839;46;0;"ficha_tipo"
840;36;0;"ficha_genero"
841;46;0;"ficha_tipo"
842;22;0;"ficha_genero"
843;24;0;"ficha_genero"
844;9;0;"ficha_genero"
844;36;1;"ficha_genero"
845;38;0;"ficha_genero"
846;46;0;"ficha_tipo"
847;24;0;"ficha_genero"
848;47;0;"ficha_genero"
849;9;0;"ficha_genero"
849;36;1;"ficha_genero"
850;24;0;"ficha_genero"
851;24;0;"ficha_genero"
852;46;0;"ficha_tipo"
853;24;0;"ficha_genero"
854;24;0;"ficha_genero"
855;24;0;"ficha_genero"
856;24;0;"ficha_genero"
857;65;0;"ficha_genero"
858;36;0;"ficha_genero"
859;24;0;"ficha_genero"
860;24;0;"ficha_genero"
861;24;0;"ficha_genero"
862;6;0;"ficha_genero"
863;36;0;"ficha_genero"
864;6;0;"ficha_genero"
865;9;0;"ficha_genero"
866;35;0;"ficha_genero"
867;42;0;"ficha_genero"
868;36;0;"ficha_genero"
869;24;0;"ficha_genero"
870;46;0;"ficha_tipo"
871;36;0;"ficha_genero"
872;24;0;"ficha_genero"
873;36;0;"ficha_genero"
874;46;0;"ficha_tipo"
875;24;0;"ficha_genero"
876;25;0;"ficha_genero"
877;24;0;"ficha_genero"
878;24;0;"ficha_genero"
879;26;0;"ficha_genero"
880;9;0;"ficha_genero"
881;24;0;"ficha_genero"
882;26;0;"ficha_genero"
883;36;0;"ficha_genero"
884;9;0;"ficha_genero"
884;65;1;"ficha_genero"
885;36;0;"ficha_genero"
886;24;0;"ficha_genero"
887;46;0;"ficha_tipo"
888;46;0;"ficha_tipo"
889;9;0;"ficha_genero"
890;7;0;"ficha_genero"
891;65;0;"ficha_genero"
892;36;0;"ficha_genero"
893;35;0;"ficha_genero"
894;9;0;"ficha_genero"
895;24;0;"ficha_genero"
896;40;0;"ficha_genero"
897;36;0;"ficha_genero"
898;36;0;"ficha_genero"
899;24;0;"ficha_genero"
900;30;0;"ficha_genero"
901;6;0;"ficha_genero"
901;51;1;"ficha_genero"
901;44;2;"ficha_genero"
902;36;0;"ficha_genero"
903;65;0;"ficha_genero"
904;26;0;"ficha_genero"
905;24;0;"ficha_genero"
906;24;0;"ficha_genero"
907;36;0;"ficha_genero"
908;36;0;"ficha_genero"
909;46;0;"ficha_tipo"
910;36;0;"ficha_genero"
911;24;0;"ficha_genero"
912;26;0;"ficha_genero"
913;24;0;"ficha_genero"
914;46;0;"ficha_tipo"
915;24;0;"ficha_genero"
916;36;0;"ficha_genero"
917;24;0;"ficha_genero"
918;26;0;"ficha_genero"
919;35;0;"ficha_genero"
920;24;0;"ficha_genero"
921;24;0;"ficha_genero"
922;24;0;"ficha_genero"
923;3;0;"ficha_genero"
924;9;0;"ficha_genero"
925;36;0;"ficha_genero"
926;35;0;"ficha_genero"
927;36;0;"ficha_genero"
928;35;0;"ficha_genero"
929;24;0;"ficha_genero"
930;39;0;"ficha_genero"
931;26;0;"ficha_genero"
932;40;0;"ficha_genero"
933;36;0;"ficha_genero"
934;50;0;"ficha_genero"
935;24;0;"ficha_genero"
936;24;0;"ficha_genero"
937;24;0;"ficha_genero"
938;26;0;"ficha_genero"
939;7;0;"ficha_genero"
940;31;0;"ficha_genero"
941;65;0;"ficha_genero"
942;6;0;"ficha_genero"
943;24;0;"ficha_genero"
944;6;0;"ficha_genero"
944;51;1;"ficha_genero"
944;44;2;"ficha_genero"
945;24;0;"ficha_genero"
946;24;0;"ficha_genero"
947;46;0;"ficha_genero"
948;11;0;"ficha_genero"
949;65;0;"ficha_genero"
949;1;1;"ficha_genero"
949;36;2;"ficha_genero"
950;24;0;"ficha_genero"
951;24;0;"ficha_genero"
952;65;0;"ficha_genero"
953;36;0;"ficha_genero"
954;9;0;"ficha_genero"
955;46;0;"ficha_tipo"
956;9;0;"ficha_genero"
956;36;1;"ficha_genero"
957;42;0;"ficha_genero"
958;24;0;"ficha_genero"
959;9;0;"ficha_genero"
960;3;0;"ficha_genero"
961;42;0;"ficha_genero"
962;24;0;"ficha_genero"
963;24;0;"ficha_genero"
964;9;0;"ficha_genero"
965;29;0;"ficha_genero"
966;65;0;"ficha_genero"
967;24;0;"ficha_genero"
968;36;0;"ficha_genero"
969;24;0;"ficha_genero"
970;40;0;"ficha_genero"
971;36;0;"ficha_genero"
972;46;0;"ficha_tipo"
973;24;0;"ficha_genero"
974;26;0;"ficha_genero"
975;67;0;"ficha_genero"
976;24;0;"ficha_genero"
977;35;0;"ficha_genero"
978;63;0;"ficha_genero"
979;24;0;"ficha_genero"
980;46;0;"ficha_tipo"
981;13;0;"ficha_genero"
982;24;0;"ficha_genero"
983;3;0;"ficha_genero"
984;9;0;"ficha_genero"
984;36;1;"ficha_genero"
985;24;0;"ficha_genero"
986;9;0;"ficha_genero"
987;24;0;"ficha_genero"
988;35;0;"ficha_genero"
989;6;0;"ficha_genero"
990;46;0;"ficha_tipo"
991;63;0;"ficha_genero"
992;24;0;"ficha_genero"
993;36;0;"ficha_genero"
994;24;0;"ficha_genero"
995;49;0;"ficha_genero"
996;46;0;"ficha_genero"
997;24;0;"ficha_genero"
998;24;0;"ficha_genero"
999;67;0;"ficha_genero"
1000;20;0;"ficha_genero"
1001;36;0;"ficha_genero"
1002;65;0;"ficha_genero"
1003;36;0;"ficha_genero"
1004;40;0;"ficha_genero"
1005;24;0;"ficha_genero"
1006;46;0;"ficha_tipo"
1007;24;0;"ficha_genero"
1008;46;0;"ficha_tipo"
1009;36;0;"ficha_genero"
1010;46;0;"ficha_tipo"
1011;24;0;"ficha_genero"
1012;24;0;"ficha_genero"
1013;24;0;"ficha_genero"
1014;9;0;"ficha_genero"
1015;9;0;"ficha_genero"
1016;36;0;"ficha_genero"
1017;24;0;"ficha_genero"
1018;36;0;"ficha_genero"
1019;36;0;"ficha_genero"
1020;36;0;"ficha_genero"
1021;24;0;"ficha_genero"
1022;46;0;"ficha_tipo"
1023;38;0;"ficha_genero"
1024;65;0;"ficha_genero"
1024;36;1;"ficha_genero"
1025;24;0;"ficha_genero"
1026;24;0;"ficha_genero"
1027;24;0;"ficha_genero"
1028;31;0;"ficha_genero"
1029;7;0;"ficha_genero"
1030;24;0;"ficha_genero"
1031;52;0;"ficha_genero"
1032;46;0;"ficha_tipo"
1033;46;0;"ficha_tipo"
1034;40;0;"ficha_genero"
1035;42;0;"ficha_genero"
1036;24;0;"ficha_genero"
1037;46;0;"ficha_tipo"
1038;24;0;"ficha_genero"
1039;47;0;"ficha_genero"
1040;46;0;"ficha_tipo"
1041;24;0;"ficha_genero"
1042;35;0;"ficha_genero"
1043;31;0;"ficha_genero"
1044;9;0;"ficha_genero"
1045;36;0;"ficha_genero"
1046;24;0;"ficha_genero"
1047;36;0;"ficha_genero"
1048;9;0;"ficha_genero"
1049;24;0;"ficha_genero"
1050;9;0;"ficha_genero"
1051;7;0;"ficha_genero"
1052;36;0;"ficha_genero"
1053;24;0;"ficha_genero"
1054;38;0;"ficha_genero"
1055;24;0;"ficha_genero"
1056;48;0;"ficha_genero"
1057;5;0;"ficha_genero"
1058;36;0;"ficha_genero"
1059;36;0;"ficha_genero"
1060;36;0;"ficha_genero"
1061;36;0;"ficha_genero"
1062;36;0;"ficha_genero"
1063;24;0;"ficha_genero"
1064;45;0;"ficha_genero"
1065;46;0;"ficha_tipo"
1066;24;0;"ficha_genero"
1067;26;0;"ficha_genero"
1068;9;0;"ficha_genero"
1068;36;1;"ficha_genero"
1069;63;0;"ficha_genero"
1070;46;0;"ficha_tipo"
1071;36;0;"ficha_genero"
1072;24;0;"ficha_genero"
1073;46;0;"ficha_tipo"
1074;46;0;"ficha_tipo"
1075;42;0;"ficha_genero"
1076;36;0;"ficha_genero"
1077;24;0;"ficha_genero"
1078;27;0;"ficha_genero"
1079;36;0;"ficha_genero"
1080;46;0;"ficha_genero"
1080;42;1;"ficha_genero"
1081;36;0;"ficha_genero"
1082;35;0;"ficha_genero"
1083;3;0;"ficha_genero"
1084;9;0;"ficha_genero"
1085;24;0;"ficha_genero"
1086;65;0;"ficha_genero"
1087;24;0;"ficha_genero"
1088;36;0;"ficha_genero"
1089;26;0;"ficha_genero"
1090;24;0;"ficha_genero"
1091;46;0;"ficha_tipo"
1092;46;0;"ficha_tipo"
1093;24;0;"ficha_genero"
1094;26;0;"ficha_genero"
1095;1;0;"ficha_genero"
1095;65;1;"ficha_genero"
1096;36;0;"ficha_genero"
1097;23;0;"ficha_genero"
1098;24;0;"ficha_genero"
1099;24;0;"ficha_genero"
1100;46;0;"ficha_tipo"
1101;24;0;"ficha_genero"
1102;36;0;"ficha_genero"
1103;24;0;"ficha_genero"
1104;24;0;"ficha_genero"
1105;36;0;"ficha_genero"
1106;9;0;"ficha_genero"
1107;36;0;"ficha_genero"
1108;24;0;"ficha_genero"
1109;36;0;"ficha_genero"
1110;46;0;"ficha_tipo"
1111;24;0;"ficha_genero"
1112;7;0;"ficha_genero"
1114;9;0;"ficha_genero"
1115;60;0;"ficha_genero"
1116;9;0;"ficha_genero"
1117;31;0;"ficha_genero"
1118;46;0;"ficha_tipo"
1119;22;0;"ficha_genero"
1120;36;0;"ficha_genero"
1121;24;0;"ficha_genero"
1122;24;0;"ficha_genero"
1123;26;0;"ficha_genero"
1124;36;0;"ficha_genero"
1125;24;0;"ficha_genero"
1126;36;0;"ficha_genero"
1127;69;0;"ficha_genero"
1128;36;0;"ficha_genero"
1129;36;0;"ficha_genero"
1130;24;0;"ficha_genero"
1131;36;0;"ficha_genero"
1132;42;0;"ficha_genero"
1133;24;0;"ficha_genero"
1134;24;0;"ficha_genero"
1135;24;0;"ficha_genero"
1136;63;0;"ficha_genero"
1137;15;0;"ficha_genero"
1138;46;0;"ficha_tipo"
1139;36;0;"ficha_genero"
1140;66;0;"ficha_genero"
1141;35;0;"ficha_genero"
1142;14;0;"ficha_genero"
1143;24;0;"ficha_genero"
1144;24;0;"ficha_genero"
1145;36;0;"ficha_genero"
1146;46;0;"ficha_tipo"
1147;24;0;"ficha_genero"
1148;62;0;"ficha_genero"
1149;42;0;"ficha_genero"
1150;46;0;"ficha_tipo"
1151;52;0;"ficha_genero"
1152;36;0;"ficha_genero"
1153;64;0;"ficha_genero"
1154;24;0;"ficha_genero"
1155;3;0;"ficha_genero"
1156;65;0;"ficha_genero"
1156;36;1;"ficha_genero"
1157;36;0;"ficha_genero"
1158;31;0;"ficha_genero"
1159;24;0;"ficha_genero"
1160;24;0;"ficha_genero"
1161;42;0;"ficha_genero"
1162;9;0;"ficha_genero"
1163;24;0;"ficha_genero"
1164;65;0;"ficha_genero"
1165;36;0;"ficha_genero"
1166;35;0;"ficha_genero"
1167;24;0;"ficha_genero"
1168;65;0;"ficha_genero"
1169;24;0;"ficha_genero"
1170;24;0;"ficha_genero"
1171;36;0;"ficha_genero"
1172;12;0;"ficha_genero"
1173;36;0;"ficha_genero"
1174;46;0;"ficha_tipo"
1175;24;0;"ficha_genero"
1176;24;0;"ficha_genero"
1177;24;0;"ficha_genero"
1178;13;0;"ficha_genero"
1179;36;0;"ficha_genero"
1180;9;0;"ficha_genero"
1181;25;0;"ficha_genero"
1182;65;0;"ficha_genero"
1183;13;0;"ficha_genero"
1184;12;0;"ficha_genero"
1185;36;0;"ficha_genero"
1186;65;0;"ficha_genero"
1187;6;0;"ficha_genero"
1188;36;0;"ficha_genero"
1189;24;0;"ficha_genero"
1190;24;0;"ficha_genero"
1191;9;0;"ficha_genero"
1192;24;0;"ficha_genero"
1193;36;0;"ficha_genero"
1194;24;0;"ficha_genero"
1195;24;0;"ficha_genero"
1196;46;0;"ficha_tipo"
1197;36;0;"ficha_genero"
1198;36;0;"ficha_genero"
1199;3;0;"ficha_genero"
1200;9;0;"ficha_genero"
1201;46;0;"ficha_tipo"
1202;24;0;"ficha_genero"
1203;24;0;"ficha_genero"
1204;65;0;"ficha_genero"
1204;36;1;"ficha_genero"
1205;24;0;"ficha_genero"
1206;63;0;"ficha_genero"
1207;9;0;"ficha_genero"
1208;46;0;"ficha_tipo"
1209;3;0;"ficha_genero"
1210;46;0;"ficha_genero"
1210;42;1;"ficha_genero"
1211;9;0;"ficha_genero"
1212;63;0;"ficha_genero"
1213;24;0;"ficha_genero"
1214;24;0;"ficha_genero"
1215;52;0;"ficha_genero"
1216;36;0;"ficha_genero"
1217;50;0;"ficha_genero"
1218;9;0;"ficha_genero"
1219;9;0;"ficha_genero"
1219;36;1;"ficha_genero"
1220;36;0;"ficha_genero"
1221;3;0;"ficha_genero"
1222;24;0;"ficha_genero"
1223;24;0;"ficha_genero"
1224;24;0;"ficha_genero"
1225;24;0;"ficha_genero"
1226;36;0;"ficha_genero"
1227;65;0;"ficha_genero"
1227;36;1;"ficha_genero"
1228;36;0;"ficha_genero"
1229;24;0;"ficha_genero"
1230;65;0;"ficha_genero"
1231;7;0;"ficha_genero"
1232;36;0;"ficha_genero"
1233;36;0;"ficha_genero"
1234;9;0;"ficha_genero"
1235;24;0;"ficha_genero"
1236;5;0;"ficha_genero"
1237;9;0;"ficha_genero"
1238;24;0;"ficha_genero"
1239;24;0;"ficha_genero"
1240;36;0;"ficha_genero"
1241;24;0;"ficha_genero"
1242;6;0;"ficha_genero"
1243;66;0;"ficha_genero"
1244;9;0;"ficha_genero"
1245;9;0;"ficha_genero"
1246;36;0;"ficha_genero"
1247;36;0;"ficha_genero"
1248;6;0;"ficha_genero"
1249;36;0;"ficha_genero"
1250;36;0;"ficha_genero"
1251;36;0;"ficha_genero"
1252;24;0;"ficha_genero"
1253;26;0;"ficha_genero"
1254;36;0;"ficha_genero"
1255;39;0;"ficha_genero"
1256;1;0;"ficha_genero"
1257;24;0;"ficha_genero"
1258;24;0;"ficha_genero"
1259;63;0;"ficha_genero"
1260;1;0;"ficha_genero"
1260;65;1;"ficha_genero"
1261;7;0;"ficha_genero"
1262;36;0;"ficha_genero"
1263;22;0;"ficha_genero"
1264;65;0;"ficha_genero"
1265;36;0;"ficha_genero"
1266;36;0;"ficha_genero"
1267;36;0;"ficha_genero"
1268;8;0;"ficha_genero"
1269;36;0;"ficha_genero"
1270;24;0;"ficha_genero"
1271;9;0;"ficha_genero"
1272;9;0;"ficha_genero"
1273;9;0;"ficha_genero"
1274;12;0;"ficha_genero"
1275;9;0;"ficha_genero"
1276;67;0;"ficha_genero"
1277;65;0;"ficha_genero"
1278;36;0;"ficha_genero"
1279;24;0;"ficha_genero"
1280;36;0;"ficha_genero"
1281;24;0;"ficha_genero"
1282;40;0;"ficha_genero"
1283;24;0;"ficha_genero"
1284;3;0;"ficha_genero"
1285;36;0;"ficha_genero"
1286;9;0;"ficha_genero"
1287;24;0;"ficha_genero"
1288;3;0;"ficha_genero"
1289;36;0;"ficha_genero"
1290;36;0;"ficha_genero"
1291;36;0;"ficha_genero"
1292;14;0;"ficha_genero"
1293;24;0;"ficha_tipo"
1294;46;0;"ficha_tipo"
1295;9;0;"ficha_genero"
1296;36;0;"ficha_genero"
1297;6;0;"ficha_genero"
1298;24;0;"ficha_genero"
1299;24;0;"ficha_genero"
1300;24;0;"ficha_genero"
1301;46;0;"ficha_genero"
1302;46;0;"ficha_tipo"
1303;39;0;"ficha_genero"
1304;60;0;"ficha_genero"
1305;24;0;"ficha_genero"
1306;9;0;"ficha_genero"
1307;35;0;"ficha_genero"
1308;36;0;"ficha_genero"
1309;24;0;"ficha_genero"
1310;36;0;"ficha_genero"
1311;32;0;"ficha_genero"
1312;36;0;"ficha_genero"
1313;24;0;"ficha_genero"
1314;41;0;"ficha_genero"
1315;37;0;"ficha_genero"
1316;24;0;"ficha_genero"
1317;24;0;"ficha_genero"
1318;46;0;"ficha_tipo"
1319;24;0;"ficha_genero"
1320;36;0;"ficha_genero"
1321;24;0;"ficha_genero"
1322;24;0;"ficha_genero"
1323;9;0;"ficha_genero"
1324;36;0;"ficha_genero"
1325;36;0;"ficha_genero"
1326;65;0;"ficha_genero"
1327;8;0;"ficha_genero"
1328;24;0;"ficha_genero"
1329;36;0;"ficha_genero"
1330;24;0;"ficha_genero"
1331;36;0;"ficha_genero"
1332;36;0;"ficha_genero"
1333;14;0;"ficha_genero"
1334;24;0;"ficha_genero"
1335;9;0;"ficha_genero"
1336;24;0;"ficha_genero"
1337;9;0;"ficha_genero"
1338;19;0;"ficha_genero"
1339;31;0;"ficha_genero"
1340;14;0;"ficha_genero"
1341;1;0;"ficha_genero"
1342;35;0;"ficha_genero"
1343;36;0;"ficha_genero"
1344;52;0;"ficha_genero"
1345;9;0;"ficha_genero"
1346;45;0;"ficha_genero"
1347;9;0;"ficha_genero"
1348;24;0;"ficha_tipo"
1349;36;0;"ficha_genero"
1350;46;0;"ficha_genero"
1351;23;0;"ficha_genero"
1352;36;0;"ficha_genero"
1353;24;0;"ficha_genero"
1354;46;0;"ficha_tipo"
1355;24;0;"ficha_genero"
1356;36;0;"ficha_genero"
1357;36;0;"ficha_genero"
1358;40;0;"ficha_genero"
1359;46;0;"ficha_tipo"
1360;65;0;"ficha_genero"
1361;63;0;"ficha_genero"
1362;36;0;"ficha_genero"
1363;24;0;"ficha_genero"
1364;24;0;"ficha_genero"
1365;24;0;"ficha_genero"
1366;36;0;"ficha_genero"
1367;9;0;"ficha_genero"
1368;24;0;"ficha_genero"
1369;36;0;"ficha_genero"
1370;24;0;"ficha_genero"
1371;36;0;"ficha_genero"
1372;24;0;"ficha_genero"
1373;9;0;"ficha_genero"
1373;36;1;"ficha_genero"
1374;24;0;"ficha_genero"
1375;24;0;"ficha_genero"
1376;3;0;"ficha_genero"
1377;46;0;"ficha_tipo"
1378;24;0;"ficha_genero"
1379;9;0;"ficha_genero"
1380;9;0;"ficha_genero"
1380;36;1;"ficha_genero"
1381;46;0;"ficha_tipo"
1382;24;0;"ficha_genero"
1383;25;0;"ficha_genero"
1384;24;0;"ficha_genero"
1385;12;0;"ficha_genero"
1386;24;0;"ficha_genero"
1387;3;0;"ficha_genero"
1388;36;0;"ficha_genero"
1389;42;0;"ficha_genero"
1390;24;0;"ficha_genero"
1391;36;0;"ficha_genero"
1392;9;0;"ficha_genero"
1393;24;0;"ficha_genero"
1394;46;0;"ficha_tipo"
1395;24;0;"ficha_genero"
1396;36;0;"ficha_genero"
1397;46;0;"ficha_tipo"
1398;24;0;"ficha_genero"
1399;12;0;"ficha_genero"
1400;24;0;"ficha_tipo"
1401;36;0;"ficha_genero"
1402;12;0;"ficha_genero"
1403;45;0;"ficha_genero"
1404;24;0;"ficha_genero"
1405;36;0;"ficha_genero"
1406;36;0;"ficha_genero"
1407;9;0;"ficha_genero"
1407;36;1;"ficha_genero"
1408;9;0;"ficha_genero"
1409;31;0;"ficha_genero"
1410;24;0;"ficha_genero"
1411;36;0;"ficha_genero"
1412;8;0;"ficha_genero"
1413;36;0;"ficha_genero"
1414;7;0;"ficha_genero"
1415;36;0;"ficha_genero"
1416;24;0;"ficha_genero"
1417;8;0;"ficha_genero"
1418;36;0;"ficha_genero"
1419;36;0;"ficha_genero"
1420;24;0;"ficha_genero"
1421;35;0;"ficha_genero"
1422;24;0;"ficha_genero"
1423;36;0;"ficha_genero"
1424;9;0;"ficha_genero"
1425;9;0;"ficha_genero"
1426;24;0;"ficha_genero"
1427;24;0;"ficha_genero"
1428;24;0;"ficha_genero"
1429;36;0;"ficha_genero"
1430;35;0;"ficha_genero"
1431;36;0;"ficha_genero"
1432;24;0;"ficha_genero"
1433;9;0;"ficha_genero"
1434;24;0;"ficha_genero"
1435;36;0;"ficha_genero"
1436;24;0;"ficha_genero"
1437;36;0;"ficha_genero"
1438;35;0;"ficha_genero"
1439;36;0;"ficha_genero"
1440;3;0;"ficha_genero"
1441;45;0;"ficha_genero"
1442;66;0;"ficha_genero"
1443;18;0;"ficha_genero"
1444;52;0;"ficha_genero"
1445;24;0;"ficha_genero"
1446;24;0;"ficha_genero"
1447;24;0;"ficha_genero"
1448;44;0;"ficha_genero"
1449;3;0;"ficha_genero"
1450;62;0;"ficha_genero"
1451;36;0;"ficha_genero"
1452;36;0;"ficha_genero"
1453;3;0;"ficha_genero"
1454;3;0;"ficha_genero"
1455;24;0;"ficha_genero"
1456;46;0;"ficha_genero"
1457;36;0;"ficha_genero"
1458;46;0;"ficha_genero"
1459;68;0;"ficha_genero"
1460;36;0;"ficha_genero"
1461;24;0;"ficha_genero"
1462;65;0;"ficha_genero"
1463;36;0;"ficha_genero"
1464;7;0;"ficha_genero"
1465;24;0;"ficha_genero"
1466;24;0;"ficha_genero"
1467;65;0;"ficha_genero"
1468;24;0;"ficha_genero"
1469;24;0;"ficha_genero"
1470;15;0;"ficha_genero"
1471;24;0;"ficha_genero"
1472;24;0;"ficha_genero"
1473;36;0;"ficha_genero"
1474;24;0;"ficha_genero"
1475;9;0;"ficha_genero"
1476;48;0;"ficha_genero"
1477;42;0;"ficha_genero"
1478;24;0;"ficha_tipo"
1479;39;0;"ficha_genero"
1480;35;0;"ficha_genero"
1481;24;0;"ficha_tipo"
1482;9;0;"ficha_genero"
1483;65;0;"ficha_genero"
1484;36;0;"ficha_genero"
1485;36;0;"ficha_genero"
1486;40;0;"ficha_genero"
1487;9;0;"ficha_genero"
1488;46;0;"ficha_tipo"
1489;46;0;"ficha_tipo"
1490;24;0;"ficha_genero"
1491;42;0;"ficha_tipo"
1492;24;0;"ficha_genero"
1493;36;0;"ficha_genero"
1494;36;0;"ficha_genero"
1495;24;0;"ficha_genero"
1496;6;0;"ficha_genero"
1497;24;0;"ficha_genero"
1498;46;0;"ficha_tipo"
1499;35;0;"ficha_genero"
1500;36;0;"ficha_genero"
1501;36;0;"ficha_genero"
1502;36;0;"ficha_genero"
1503;36;0;"ficha_genero"
1504;24;0;"ficha_genero"
1505;46;0;"ficha_tipo"
1506;36;0;"ficha_genero"
1507;9;0;"ficha_genero"
1508;36;0;"ficha_genero"
1509;46;0;"ficha_genero"
1509;42;1;"ficha_genero"
1510;25;0;"ficha_genero"
1511;36;0;"ficha_genero"
1512;9;0;"ficha_genero"
1512;36;1;"ficha_genero"
1513;9;0;"ficha_genero"
1514;66;0;"ficha_genero"
1515;36;0;"ficha_genero"
1516;24;0;"ficha_genero"
1517;9;0;"ficha_genero"
1518;24;0;"ficha_genero"
1519;36;0;"ficha_genero"
1520;9;0;"ficha_genero"
1521;24;0;"ficha_genero"
1522;36;0;"ficha_genero"
1523;46;0;"ficha_genero"
1524;9;0;"ficha_genero"
1525;24;0;"ficha_genero"
1526;46;0;"ficha_tipo"
1527;24;0;"ficha_genero"
1528;36;0;"ficha_genero"
1529;36;0;"ficha_genero"
1530;24;0;"ficha_genero"
1531;36;0;"ficha_genero"
1532;24;0;"ficha_genero"
1533;24;0;"ficha_genero"
1534;9;0;"ficha_genero"
1535;9;0;"ficha_genero"
1536;36;0;"ficha_genero"
1537;7;0;"ficha_genero"
1538;36;0;"ficha_genero"
1539;9;0;"ficha_genero"
1540;46;0;"ficha_tipo"
1541;36;0;"ficha_genero"
1542;24;0;"ficha_genero"
1543;25;0;"ficha_genero"
1544;36;0;"ficha_genero"
1545;46;0;"ficha_genero"
1546;24;0;"ficha_genero"
1547;9;0;"ficha_genero"
1548;36;0;"ficha_genero"
1549;3;0;"ficha_genero"
1550;65;0;"ficha_genero"
1551;24;0;"ficha_genero"
1552;36;0;"ficha_genero"
1553;36;0;"ficha_genero"
1554;24;0;"ficha_genero"
1555;47;0;"ficha_genero"
1556;65;0;"ficha_genero"
1556;36;1;"ficha_genero"
1557;65;0;"ficha_genero"
1558;36;0;"ficha_genero"
1559;52;0;"ficha_genero"
1560;24;0;"ficha_genero"
1561;24;0;"ficha_genero"
1562;26;0;"ficha_genero"
1563;36;0;"ficha_genero"
1564;24;0;"ficha_genero"
1565;36;0;"ficha_genero"
1566;24;0;"ficha_genero"
1567;36;0;"ficha_genero"
1568;65;0;"ficha_genero"
1568;36;1;"ficha_genero"
1569;24;0;"ficha_genero"
1570;36;0;"ficha_genero"
1571;1;0;"ficha_genero"
1571;65;1;"ficha_genero"
1572;24;0;"ficha_genero"
1573;35;0;"ficha_genero"
1574;37;0;"ficha_genero"
1575;36;0;"ficha_genero"
1576;24;0;"ficha_genero"
1577;46;0;"ficha_genero"
1578;36;0;"ficha_genero"
1579;36;0;"ficha_genero"
1580;24;0;"ficha_genero"
1581;36;0;"ficha_genero"
1582;36;0;"ficha_genero"
1583;3;0;"ficha_genero"
1584;46;0;"ficha_tipo"
1585;24;0;"ficha_genero"
1586;67;0;"ficha_genero"
1587;35;0;"ficha_genero"
1588;9;0;"ficha_genero"
1589;24;0;"ficha_genero"
1590;24;0;"ficha_genero"
1591;36;0;"ficha_genero"
1592;24;0;"ficha_genero"
1593;8;0;"ficha_genero"
1594;46;0;"ficha_tipo"
1595;36;0;"ficha_genero"
1596;36;0;"ficha_genero"
1597;46;0;"ficha_tipo"
1598;36;0;"ficha_genero"
1599;9;0;"ficha_genero"
1599;36;1;"ficha_genero"
1600;36;0;"ficha_genero"
1601;8;0;"ficha_genero"
1602;9;0;"ficha_genero"
1603;24;0;"ficha_genero"
1604;52;0;"ficha_genero"
1605;42;0;"ficha_genero"
1606;9;0;"ficha_genero"
1607;9;0;"ficha_genero"
1608;50;0;"ficha_genero"
1609;42;0;"ficha_genero"
1610;35;0;"ficha_genero"
1611;65;0;"ficha_genero"
1612;24;0;"ficha_genero"
1613;36;0;"ficha_genero"
1614;36;0;"ficha_genero"
1615;24;0;"ficha_genero"
1616;9;0;"ficha_genero"
1617;36;0;"ficha_genero"
1618;67;0;"ficha_genero"
1619;63;0;"ficha_genero"
1620;35;0;"ficha_genero"
1621;24;0;"ficha_genero"
1622;63;0;"ficha_genero"
1623;24;0;"ficha_genero"
1624;36;0;"ficha_genero"
1625;9;0;"ficha_genero"
1626;46;0;"ficha_tipo"
1627;3;0;"ficha_genero"
1628;25;0;"ficha_genero"
1629;36;0;"ficha_genero"
1630;24;0;"ficha_genero"
1631;35;0;"ficha_genero"
1632;9;0;"ficha_genero"
1633;36;0;"ficha_genero"
1634;3;0;"ficha_genero"
1635;24;0;"ficha_genero"
1636;24;0;"ficha_genero"
1637;65;0;"ficha_genero"
1638;36;0;"ficha_genero"
1639;65;0;"ficha_genero"
1640;9;0;"ficha_genero"
1641;36;0;"ficha_genero"
1642;24;0;"ficha_genero"
1643;36;0;"ficha_genero"
1644;24;0;"ficha_genero"
1645;15;0;"ficha_genero"
1646;46;0;"ficha_genero"
1647;9;0;"ficha_genero"
1647;36;1;"ficha_genero"
1648;42;0;"ficha_genero"
1649;36;0;"ficha_genero"
1650;36;0;"ficha_genero"
1651;24;0;"ficha_genero"
1652;46;0;"ficha_tipo"
1653;36;0;"ficha_genero"
1654;4;0;"ficha_genero"
1655;9;0;"ficha_genero"
1656;47;0;"ficha_genero"
1657;65;0;"ficha_genero"
1658;24;0;"ficha_genero"
1659;45;0;"ficha_genero"
1660;65;0;"ficha_genero"
1661;24;0;"ficha_genero"
1662;36;0;"ficha_genero"
1663;24;0;"ficha_genero"
1664;67;0;"ficha_genero"
1665;40;0;"ficha_genero"
1666;46;0;"ficha_tipo"
1667;24;0;"ficha_genero"
1668;5;0;"ficha_genero"
1669;42;0;"ficha_genero"
1670;36;0;"ficha_genero"
1671;46;0;"ficha_tipo"
1672;39;0;"ficha_genero"
1673;24;0;"ficha_genero"
1674;65;0;"ficha_genero"
1674;36;1;"ficha_genero"
1675;9;0;"ficha_genero"
1676;36;0;"ficha_genero"
1677;36;0;"ficha_genero"
1678;36;0;"ficha_genero"
1679;35;0;"ficha_genero"
1680;65;0;"ficha_genero"
1680;36;1;"ficha_genero"
1681;24;0;"ficha_genero"
1682;52;0;"ficha_genero"
1683;36;0;"ficha_genero"
1684;36;0;"ficha_genero"
1685;9;0;"ficha_genero"
1686;67;0;"ficha_genero"
1687;24;0;"ficha_genero"
1688;36;0;"ficha_genero"
1689;9;0;"ficha_genero"
1690;42;0;"ficha_genero"
1691;24;0;"ficha_genero"
1692;46;0;"ficha_tipo"
1693;69;0;"ficha_genero"
1694;24;0;"ficha_genero"
1695;37;0;"ficha_genero"
1696;36;0;"ficha_genero"
1697;24;0;"ficha_genero"
1698;9;0;"ficha_genero"
1698;65;1;"ficha_genero"
1699;36;0;"ficha_genero"
1700;12;0;"ficha_genero"
1701;35;0;"ficha_genero"
1702;3;0;"ficha_genero"
1703;27;0;"ficha_genero"
1704;36;0;"ficha_genero"
1705;24;0;"ficha_genero"
1706;46;0;"ficha_tipo"
1707;36;0;"ficha_genero"
1708;1;0;"ficha_genero"
1709;24;0;"ficha_genero"
1710;24;0;"ficha_genero"
1711;36;0;"ficha_genero"
1712;24;0;"ficha_genero"
1713;55;0;"ficha_genero"
1714;9;0;"ficha_genero"
1715;25;0;"ficha_genero"
1716;24;0;"ficha_genero"
1717;65;0;"ficha_genero"
1717;36;1;"ficha_genero"
1718;36;0;"ficha_genero"
1719;16;0;"ficha_genero"
1720;23;0;"ficha_genero"
1721;24;0;"ficha_genero"
1722;24;0;"ficha_genero"
1723;17;0;"ficha_genero"
1724;59;0;"ficha_genero"
1725;24;0;"ficha_genero"
1726;24;0;"ficha_genero"
1727;24;0;"ficha_genero"
1728;40;0;"ficha_genero"
1729;7;0;"ficha_genero"
1730;24;0;"ficha_genero"
1731;35;0;"ficha_genero"
1732;36;0;"ficha_genero"
1733;24;0;"ficha_genero"
1734;36;0;"ficha_genero"
1735;31;0;"ficha_genero"
1736;7;0;"ficha_genero"
1737;42;0;"ficha_genero"
1738;42;0;"ficha_genero"
1739;61;0;"ficha_genero"
1740;36;0;"ficha_genero"
1741;46;0;"ficha_tipo"
1742;35;0;"ficha_genero"
1743;65;0;"ficha_genero"
1744;46;0;"ficha_genero"
1745;9;0;"ficha_genero"
1746;36;0;"ficha_genero"
1747;24;0;"ficha_genero"
1748;38;0;"ficha_genero"
1749;36;0;"ficha_genero"
1750;23;0;"ficha_genero"
1751;24;0;"ficha_genero"
1752;46;0;"ficha_tipo"
1753;36;0;"ficha_genero"
1754;7;0;"ficha_genero"
1755;36;0;"ficha_genero"
1756;24;0;"ficha_genero"
1757;9;0;"ficha_genero"
1758;24;0;"ficha_genero"
1759;24;0;"ficha_genero"
1760;31;0;"ficha_genero"
1761;24;0;"ficha_genero"
1762;68;0;"ficha_genero"
1763;42;0;"ficha_genero"
1764;67;0;"ficha_genero"
1765;36;0;"ficha_genero"
1766;25;0;"ficha_genero"
1767;24;0;"ficha_genero"
1768;46;0;"ficha_genero"
1768;42;1;"ficha_genero"
1769;9;0;"ficha_genero"
1770;27;0;"ficha_genero"
1771;9;0;"ficha_genero"
1772;24;0;"ficha_genero"
1773;24;0;"ficha_genero"
1774;5;0;"ficha_genero"
1775;7;0;"ficha_genero"
1776;9;0;"ficha_genero"
1777;15;0;"ficha_genero"
1778;46;0;"ficha_tipo"
1779;36;0;"ficha_genero"
