"pelicula_id";"director_id";"fuente_credito"
2;1;"icaa"
3;2;"icaa"
5;3;"icaa"
6;4;"icaa"
7;5;"icaa"
8;6;"icaa"
9;7;"icaa"
10;8;"icaa"
11;9;"icaa"
12;10;"icaa"
13;11;"icaa"
14;12;"icaa"
15;13;"icaa"
16;14;"icaa"
16;15;"icaa"
17;16;"icaa"
18;17;"icaa"
20;18;"icaa"
22;19;"icaa"
23;20;"icaa"
24;21;"icaa"
26;22;"icaa"
28;23;"icaa"
29;24;"icaa"
29;25;"icaa"
31;9;"icaa"
32;26;"icaa"
33;27;"icaa"
34;28;"icaa"
35;29;"icaa"
36;30;"icaa"
37;31;"icaa"
38;32;"icaa"
39;33;"icaa"
41;34;"icaa"
42;35;"icaa"
43;36;"icaa"
44;37;"icaa"
45;38;"icaa"
46;39;"icaa"
48;40;"icaa"
49;41;"icaa"
50;42;"icaa"
51;43;"icaa"
52;44;"icaa"
53;45;"icaa"
54;46;"icaa"
55;45;"icaa"
56;47;"icaa"
57;48;"icaa"
58;49;"icaa"
58;50;"icaa"
59;51;"icaa"
60;52;"icaa"
61;53;"icaa"
62;54;"icaa"
63;55;"icaa"
63;56;"icaa"
63;57;"icaa"
64;58;"icaa"
65;59;"icaa"
66;60;"icaa"
67;61;"icaa"
68;62;"icaa"
69;63;"icaa"
69;64;"icaa"
70;65;"icaa"
71;66;"icaa"
72;67;"icaa"
73;68;"icaa"
74;69;"icaa"
75;70;"icaa"
76;71;"icaa"
76;72;"icaa"
78;73;"icaa"
79;74;"icaa"
80;75;"icaa"
82;76;"icaa"
82;77;"icaa"
82;78;"icaa"
82;79;"icaa"
83;80;"icaa"
84;81;"icaa"
84;82;"icaa"
85;83;"icaa"
86;84;"icaa"
87;85;"icaa"
88;86;"icaa"
89;87;"icaa"
90;88;"icaa"
91;89;"icaa"
91;90;"icaa"
92;91;"icaa"
93;92;"icaa"
94;93;"icaa"
95;94;"icaa"
96;46;"icaa"
97;95;"icaa"
98;96;"icaa"
98;97;"icaa"
99;98;"icaa"
102;9;"icaa"
103;99;"icaa"
105;100;"icaa"
107;101;"icaa"
108;102;"icaa"
109;103;"icaa"
110;104;"icaa"
111;105;"icaa"
112;106;"icaa"
112;107;"icaa"
115;108;"icaa"
116;109;"icaa"
117;110;"icaa"
118;111;"icaa"
119;112;"icaa"
120;113;"icaa"
121;10;"icaa"
122;114;"icaa"
122;115;"icaa"
123;116;"icaa"
123;117;"icaa"
124;118;"icaa"
125;119;"icaa"
126;120;"icaa"
127;121;"icaa"
128;122;"icaa"
129;123;"icaa"
130;124;"icaa"
133;125;"icaa"
134;126;"icaa"
135;54;"icaa"
136;127;"icaa"
137;128;"icaa"
138;129;"icaa"
139;130;"icaa"
139;131;"icaa"
140;132;"icaa"
141;133;"icaa"
142;134;"icaa"
143;135;"icaa"
145;136;"icaa"
146;137;"icaa"
147;110;"icaa"
148;138;"icaa"
149;43;"icaa"
149;139;"icaa"
151;140;"icaa"
151;141;"icaa"
152;142;"icaa"
154;143;"icaa"
155;144;"icaa"
156;145;"icaa"
157;146;"icaa"
158;147;"icaa"
159;148;"icaa"
161;149;"icaa"
162;150;"icaa"
164;151;"icaa"
166;152;"icaa"
167;153;"icaa"
167;154;"icaa"
168;155;"icaa"
169;156;"icaa"
170;157;"icaa"
171;158;"icaa"
172;114;"icaa"
172;115;"icaa"
173;101;"icaa"
174;159;"icaa"
175;160;"icaa"
176;161;"icaa"
177;162;"icaa"
178;163;"icaa"
178;164;"icaa"
179;165;"icaa"
180;123;"icaa"
181;166;"icaa"
182;167;"icaa"
183;168;"icaa"
184;169;"icaa"
185;170;"icaa"
186;171;"icaa"
187;54;"icaa"
188;172;"icaa"
189;173;"icaa"
190;174;"icaa"
191;175;"icaa"
193;176;"icaa"
194;177;"icaa"
195;178;"icaa"
196;179;"icaa"
197;180;"icaa"
198;181;"icaa"
199;182;"icaa"
200;183;"icaa"
200;184;"icaa"
201;185;"icaa"
202;186;"icaa"
203;187;"icaa"
205;188;"icaa"
206;189;"icaa"
207;190;"icaa"
208;191;"icaa"
209;192;"icaa"
210;193;"icaa"
211;194;"icaa"
212;195;"icaa"
213;196;"icaa"
214;197;"icaa"
215;198;"icaa"
217;199;"icaa"
218;200;"icaa"
219;201;"icaa"
220;202;"icaa"
221;203;"icaa"
222;204;"icaa"
223;205;"icaa"
224;45;"icaa"
225;206;"icaa"
226;207;"icaa"
227;208;"icaa"
228;209;"icaa"
229;210;"icaa"
230;161;"icaa"
231;211;"icaa"
232;212;"icaa"
233;145;"icaa"
233;213;"icaa"
234;214;"icaa"
235;215;"icaa"
235;216;"icaa"
236;217;"icaa"
237;218;"icaa"
238;219;"icaa"
239;132;"icaa"
240;220;"icaa"
241;107;"icaa"
241;221;"icaa"
242;222;"icaa"
243;223;"icaa"
244;107;"icaa"
245;224;"icaa"
246;225;"icaa"
247;226;"icaa"
248;227;"icaa"
249;228;"icaa"
250;229;"icaa"
251;230;"icaa"
253;231;"icaa"
254;232;"icaa"
255;233;"icaa"
256;234;"icaa"
257;235;"icaa"
258;236;"icaa"
259;237;"icaa"
260;238;"icaa"
261;239;"icaa"
262;240;"icaa"
263;241;"icaa"
264;242;"icaa"
265;243;"icaa"
266;244;"icaa"
266;245;"icaa"
267;246;"icaa"
268;247;"icaa"
268;248;"icaa"
269;249;"icaa"
269;250;"icaa"
270;45;"icaa"
271;251;"icaa"
272;252;"icaa"
273;253;"icaa"
274;254;"icaa"
275;255;"icaa"
276;256;"icaa"
277;257;"icaa"
278;258;"icaa"
279;259;"icaa"
280;133;"icaa"
281;260;"icaa"
282;261;"icaa"
283;262;"icaa"
284;190;"icaa"
285;263;"icaa"
286;245;"icaa"
286;244;"icaa"
287;264;"icaa"
288;265;"icaa"
289;221;"icaa"
289;266;"icaa"
290;267;"icaa"
291;268;"icaa"
292;269;"icaa"
293;270;"icaa"
294;240;"icaa"
295;271;"icaa"
296;272;"icaa"
297;273;"icaa"
298;274;"icaa"
299;275;"icaa"
300;276;"icaa"
301;277;"icaa"
302;278;"icaa"
303;279;"icaa"
304;280;"icaa"
305;281;"icaa"
305;282;"icaa"
306;283;"icaa"
307;284;"icaa"
308;188;"icaa"
309;285;"icaa"
310;286;"icaa"
311;287;"icaa"
312;204;"icaa"
313;288;"icaa"
314;289;"icaa"
315;290;"icaa"
316;291;"icaa"
317;292;"icaa"
318;293;"icaa"
319;294;"icaa"
320;105;"icaa"
321;240;"icaa"
322;295;"icaa"
323;296;"icaa"
324;196;"icaa"
325;297;"icaa"
325;262;"icaa"
326;298;"icaa"
327;299;"icaa"
328;300;"icaa"
329;301;"icaa"
330;284;"icaa"
331;302;"icaa"
332;303;"icaa"
333;199;"icaa"
334;304;"icaa"
335;305;"icaa"
337;306;"icaa"
338;307;"icaa"
339;308;"icaa"
340;309;"icaa"
341;145;"icaa"
342;270;"icaa"
343;310;"icaa"
344;311;"icaa"
344;312;"icaa"
345;136;"icaa"
346;313;"icaa"
347;314;"icaa"
348;315;"icaa"
349;306;"icaa"
350;316;"icaa"
351;317;"icaa"
352;210;"icaa"
353;318;"icaa"
354;319;"icaa"
355;320;"icaa"
357;188;"icaa"
358;211;"icaa"
359;321;"icaa"
360;11;"icaa"
361;270;"icaa"
362;198;"icaa"
363;322;"icaa"
364;323;"icaa"
365;269;"icaa"
366;324;"icaa"
367;325;"icaa"
368;326;"icaa"
369;327;"icaa"
369;10;"icaa"
370;328;"icaa"
371;329;"icaa"
371;330;"icaa"
372;331;"icaa"
374;332;"icaa"
375;333;"icaa"
376;178;"icaa"
377;334;"icaa"
379;335;"icaa"
380;336;"icaa"
381;337;"icaa"
382;338;"icaa"
383;339;"icaa"
384;340;"icaa"
385;341;"icaa"
386;342;"icaa"
387;343;"icaa"
388;344;"icaa"
389;345;"icaa"
390;346;"icaa"
391;347;"icaa"
392;348;"icaa"
393;349;"icaa"
394;350;"icaa"
395;351;"icaa"
396;352;"icaa"
397;353;"icaa"
398;157;"icaa"
399;354;"icaa"
400;355;"icaa"
401;356;"icaa"
402;101;"icaa"
403;357;"icaa"
404;358;"icaa"
405;359;"icaa"
405;360;"icaa"
406;361;"icaa"
407;362;"icaa"
408;363;"icaa"
409;364;"icaa"
410;365;"icaa"
411;94;"icaa"
413;94;"icaa"
415;366;"icaa"
416;367;"icaa"
417;368;"icaa"
417;369;"icaa"
419;156;"icaa"
420;111;"icaa"
421;162;"icaa"
422;370;"icaa"
423;371;"icaa"
424;372;"icaa"
425;373;"icaa"
426;374;"icaa"
427;347;"icaa"
428;375;"icaa"
429;370;"icaa"
430;325;"icaa"
431;376;"icaa"
432;178;"icaa"
433;377;"icaa"
434;378;"icaa"
435;379;"icaa"
436;380;"icaa"
437;381;"icaa"
438;382;"icaa"
440;383;"icaa"
441;384;"icaa"
441;385;"icaa"
442;386;"icaa"
443;387;"icaa"
443;388;"icaa"
444;389;"icaa"
445;317;"icaa"
446;390;"icaa"
447;391;"icaa"
448;392;"icaa"
449;386;"icaa"
450;393;"icaa"
451;394;"icaa"
452;395;"icaa"
452;396;"icaa"
453;137;"icaa"
454;397;"icaa"
455;394;"icaa"
456;357;"icaa"
458;398;"icaa"
459;399;"icaa"
460;400;"icaa"
462;391;"icaa"
463;401;"icaa"
464;402;"icaa"
465;403;"icaa"
467;404;"icaa"
468;405;"icaa"
469;406;"icaa"
470;407;"icaa"
471;408;"icaa"
471;105;"icaa"
472;188;"icaa"
473;357;"icaa"
474;409;"icaa"
475;410;"icaa"
475;411;"icaa"
476;45;"icaa"
477;412;"icaa"
477;413;"icaa"
478;414;"icaa"
479;415;"icaa"
480;38;"icaa"
481;409;"icaa"
482;246;"icaa"
483;416;"icaa"
484;417;"icaa"
484;418;"icaa"
485;419;"icaa"
486;420;"icaa"
487;421;"icaa"
488;422;"icaa"
490;423;"icaa"
491;213;"icaa"
492;424;"icaa"
493;425;"icaa"
494;426;"icaa"
495;427;"icaa"
496;428;"icaa"
497;429;"icaa"
497;430;"icaa"
498;223;"icaa"
499;431;"icaa"
500;432;"icaa"
501;433;"icaa"
502;434;"icaa"
503;435;"icaa"
504;436;"icaa"
505;437;"icaa"
506;438;"icaa"
507;439;"icaa"
508;440;"icaa"
508;441;"icaa"
509;334;"icaa"
510;409;"icaa"
511;442;"icaa"
512;422;"icaa"
513;443;"icaa"
514;196;"icaa"
515;102;"icaa"
516;38;"icaa"
517;99;"icaa"
518;444;"icaa"
519;413;"icaa"
521;445;"icaa"
522;446;"icaa"
523;127;"icaa"
524;437;"icaa"
525;447;"icaa"
526;448;"icaa"
527;102;"icaa"
528;119;"icaa"
529;449;"icaa"
530;450;"icaa"
531;221;"icaa"
531;107;"icaa"
532;451;"icaa"
533;452;"icaa"
534;453;"icaa"
535;447;"icaa"
536;454;"icaa"
537;455;"icaa"
538;272;"icaa"
540;456;"icaa"
541;457;"icaa"
542;458;"icaa"
543;459;"icaa"
547;460;"icaa"
548;461;"icaa"
549;462;"icaa"
551;463;"icaa"
552;464;"icaa"
554;465;"icaa"
554;466;"icaa"
555;467;"icaa"
555;468;"icaa"
557;469;"icaa"
557;470;"icaa"
558;471;"icaa"
559;472;"icaa"
561;370;"icaa"
562;156;"icaa"
563;473;"icaa"
564;474;"icaa"
564;475;"icaa"
565;476;"icaa"
566;477;"icaa"
567;478;"icaa"
569;472;"icaa"
570;371;"icaa"
571;479;"icaa"
572;391;"icaa"
573;480;"icaa"
574;188;"icaa"
575;481;"icaa"
576;482;"icaa"
576;483;"icaa"
577;484;"icaa"
577;485;"icaa"
578;486;"icaa"
579;487;"icaa"
580;204;"icaa"
581;488;"icaa"
581;489;"icaa"
582;490;"icaa"
583;491;"icaa"
584;492;"icaa"
584;493;"icaa"
585;94;"icaa"
586;211;"icaa"
587;494;"icaa"
588;495;"icaa"
589;107;"icaa"
590;169;"icaa"
591;496;"icaa"
592;497;"icaa"
593;3;"icaa"
594;105;"icaa"
596;498;"icaa"
597;499;"icaa"
598;500;"icaa"
600;501;"icaa"
601;45;"icaa"
602;502;"icaa"
602;503;"icaa"
604;141;"icaa"
604;140;"icaa"
606;262;"icaa"
608;504;"icaa"
610;505;"icaa"
611;128;"icaa"
612;506;"icaa"
613;507;"icaa"
614;188;"icaa"
615;508;"icaa"
616;509;"icaa"
617;510;"icaa"
618;511;"icaa"
619;512;"icaa"
622;513;"icaa"
623;514;"icaa"
624;515;"icaa"
625;516;"icaa"
626;517;"icaa"
627;518;"icaa"
628;519;"icaa"
629;520;"icaa"
630;521;"icaa"
631;522;"icaa"
632;299;"icaa"
633;523;"icaa"
633;524;"icaa"
634;525;"icaa"
635;526;"icaa"
636;527;"icaa"
637;528;"icaa"
638;529;"icaa"
639;530;"icaa"
640;531;"icaa"
640;532;"icaa"
641;533;"icaa"
642;74;"icaa"
643;534;"icaa"
644;535;"icaa"
646;273;"icaa"
647;371;"icaa"
648;536;"icaa"
649;537;"icaa"
650;538;"icaa"
651;539;"icaa"
652;236;"icaa"
653;540;"icaa"
655;306;"icaa"
656;541;"icaa"
657;542;"icaa"
658;217;"icaa"
658;543;"icaa"
659;544;"icaa"
660;248;"icaa"
661;211;"icaa"
662;141;"icaa"
663;545;"icaa"
664;546;"icaa"
664;260;"icaa"
664;547;"icaa"
665;548;"icaa"
666;268;"icaa"
667;549;"icaa"
668;39;"icaa"
669;550;"icaa"
670;551;"icaa"
671;552;"icaa"
672;553;"icaa"
674;409;"icaa"
675;554;"icaa"
676;456;"icaa"
677;555;"icaa"
679;556;"icaa"
680;557;"icaa"
681;558;"icaa"
681;559;"icaa"
682;465;"icaa"
682;560;"icaa"
682;561;"icaa"
684;562;"icaa"
684;563;"icaa"
685;564;"icaa"
686;565;"icaa"
687;38;"icaa"
688;289;"icaa"
689;566;"icaa"
690;567;"icaa"
694;219;"icaa"
695;568;"icaa"
695;281;"icaa"
696;569;"icaa"
697;570;"icaa"
698;132;"icaa"
699;571;"icaa"
700;572;"icaa"
701;472;"icaa"
702;105;"icaa"
703;573;"icaa"
704;574;"icaa"
705;575;"icaa"
705;576;"icaa"
705;577;"icaa"
707;578;"icaa"
709;96;"icaa"
710;579;"icaa"
711;580;"icaa"
712;581;"icaa"
713;582;"icaa"
713;583;"icaa"
716;584;"icaa"
717;585;"icaa"
718;586;"icaa"
719;587;"icaa"
719;588;"icaa"
720;589;"icaa"
721;590;"icaa"
723;591;"icaa"
724;592;"icaa"
724;593;"icaa"
725;594;"icaa"
726;595;"icaa"
727;596;"icaa"
728;597;"icaa"
729;598;"icaa"
730;599;"icaa"
731;600;"icaa"
732;601;"icaa"
733;602;"icaa"
735;471;"icaa"
736;409;"icaa"
737;603;"icaa"
738;354;"icaa"
740;262;"icaa"
741;145;"icaa"
742;178;"icaa"
743;604;"icaa"
743;605;"icaa"
744;606;"icaa"
745;607;"icaa"
746;608;"icaa"
747;85;"icaa"
748;609;"icaa"
749;135;"icaa"
750;610;"icaa"
750;611;"icaa"
752;612;"icaa"
753;252;"icaa"
754;187;"icaa"
755;613;"icaa"
756;614;"icaa"
757;615;"icaa"
758;616;"icaa"
759;617;"icaa"
760;618;"icaa"
761;619;"icaa"
763;456;"icaa"
764;620;"icaa"
766;621;"icaa"
767;622;"icaa"
767;245;"icaa"
768;623;"icaa"
769;624;"icaa"
770;625;"icaa"
771;409;"icaa"
772;626;"icaa"
774;627;"icaa"
775;628;"icaa"
775;629;"icaa"
776;86;"icaa"
777;404;"icaa"
778;630;"icaa"
779;399;"icaa"
780;427;"icaa"
781;631;"icaa"
782;632;"icaa"
783;633;"icaa"
784;634;"icaa"
785;635;"icaa"
786;481;"icaa"
787;217;"icaa"
788;636;"icaa"
789;637;"icaa"
790;638;"icaa"
791;68;"icaa"
792;357;"icaa"
793;639;"icaa"
795;640;"icaa"
795;641;"icaa"
796;642;"icaa"
797;133;"icaa"
799;643;"icaa"
800;644;"icaa"
801;645;"icaa"
802;646;"icaa"
803;155;"icaa"
803;647;"icaa"
805;34;"icaa"
806;422;"icaa"
807;648;"icaa"
808;649;"icaa"
809;650;"icaa"
810;651;"icaa"
812;652;"icaa"
813;456;"icaa"
813;653;"icaa"
814;557;"icaa"
815;654;"icaa"
816;655;"icaa"
816;656;"icaa"
817;657;"icaa"
818;658;"icaa"
819;223;"icaa"
821;659;"icaa"
822;660;"icaa"
823;272;"icaa"
824;87;"icaa"
824;661;"icaa"
824;662;"icaa"
824;663;"icaa"
824;664;"icaa"
825;665;"icaa"
826;666;"icaa"
828;667;"icaa"
829;119;"icaa"
830;668;"icaa"
831;296;"icaa"
832;432;"icaa"
833;669;"icaa"
834;670;"icaa"
835;671;"icaa"
836;672;"icaa"
837;94;"icaa"
838;673;"icaa"
839;674;"icaa"
840;675;"icaa"
842;630;"icaa"
843;676;"icaa"
844;436;"icaa"
845;292;"icaa"
846;677;"icaa"
847;678;"icaa"
848;679;"icaa"
849;680;"icaa"
850;681;"icaa"
852;682;"icaa"
853;683;"icaa"
854;684;"icaa"
855;472;"icaa"
856;102;"icaa"
857;685;"icaa"
858;266;"icaa"
859;686;"icaa"
860;3;"icaa"
861;687;"icaa"
862;688;"icaa"
863;689;"icaa"
864;690;"icaa"
864;691;"icaa"
865;270;"icaa"
866;692;"icaa"
866;693;"icaa"
867;694;"icaa"
869;695;"icaa"
870;696;"icaa"
871;697;"icaa"
872;193;"icaa"
874;696;"icaa"
875;698;"icaa"
875;699;"icaa"
877;700;"icaa"
878;701;"icaa"
878;702;"icaa"
883;703;"icaa"
884;704;"icaa"
885;705;"icaa"
886;706;"icaa"
887;152;"icaa"
888;707;"icaa"
889;708;"icaa"
890;502;"icaa"
890;503;"icaa"
891;709;"icaa"
892;710;"icaa"
893;711;"icaa"
894;712;"icaa"
894;713;"icaa"
895;714;"icaa"
896;715;"icaa"
897;716;"icaa"
897;717;"icaa"
898;162;"icaa"
899;272;"icaa"
900;718;"icaa"
901;435;"icaa"
902;719;"icaa"
902;720;"icaa"
903;721;"icaa"
904;722;"icaa"
904;723;"icaa"
906;724;"icaa"
907;188;"icaa"
908;94;"icaa"
909;672;"icaa"
910;94;"icaa"
911;725;"icaa"
912;726;"icaa"
913;727;"icaa"
914;728;"icaa"
916;439;"icaa"
917;729;"icaa"
919;51;"icaa"
920;730;"icaa"
921;731;"icaa"
922;732;"icaa"
923;733;"icaa"
923;734;"icaa"
924;350;"icaa"
925;735;"icaa"
926;736;"icaa"
927;315;"icaa"
928;737;"icaa"
929;738;"icaa"
930;739;"icaa"
931;740;"icaa"
931;359;"icaa"
932;315;"icaa"
933;554;"icaa"
934;741;"icaa"
935;623;"icaa"
935;742;"icaa"
936;743;"icaa"
937;744;"icaa"
938;518;"icaa"
939;456;"icaa"
940;701;"icaa"
940;702;"icaa"
941;471;"icaa"
942;745;"icaa"
945;107;"icaa"
945;221;"icaa"
946;746;"icaa"
947;747;"icaa"
948;748;"icaa"
949;749;"icaa"
950;750;"icaa"
951;221;"icaa"
952;178;"icaa"
953;107;"icaa"
954;751;"icaa"
955;752;"icaa"
955;753;"icaa"
956;262;"icaa"
957;754;"icaa"
958;755;"icaa"
960;756;"icaa"
961;754;"icaa"
962;757;"icaa"
963;758;"icaa"
964;759;"icaa"
965;166;"icaa"
966;760;"icaa"
967;761;"icaa"
968;762;"icaa"
969;763;"icaa"
970;602;"icaa"
971;764;"icaa"
972;765;"icaa"
973;766;"icaa"
974;767;"icaa"
974;768;"icaa"
975;769;"icaa"
976;770;"icaa"
977;3;"icaa"
978;771;"icaa"
979;772;"icaa"
980;765;"icaa"
981;773;"icaa"
982;774;"icaa"
982;775;"icaa"
983;776;"icaa"
983;777;"icaa"
984;432;"icaa"
985;778;"icaa"
986;350;"icaa"
987;779;"icaa"
989;780;"icaa"
990;781;"icaa"
991;782;"icaa"
992;783;"icaa"
993;784;"icaa"
994;785;"icaa"
995;786;"icaa"
996;313;"icaa"
998;787;"icaa"
999;788;"icaa"
1000;789;"icaa"
1000;790;"icaa"
1001;9;"icaa"
1002;791;"icaa"
1004;792;"icaa"
1005;793;"icaa"
1005;495;"icaa"
1005;794;"icaa"
1006;795;"icaa"
1007;796;"icaa"
1008;795;"icaa"
1009;518;"icaa"
1010;797;"icaa"
1011;798;"icaa"
1012;799;"icaa"
1013;800;"icaa"
1014;801;"icaa"
1015;415;"icaa"
1016;802;"icaa"
1017;803;"icaa"
1018;804;"icaa"
1019;805;"icaa"
1020;195;"icaa"
1021;806;"icaa"
1022;807;"icaa"
1023;808;"icaa"
1024;809;"icaa"
1025;810;"icaa"
1026;811;"icaa"
1027;812;"icaa"
1028;813;"icaa"
1029;300;"icaa"
1030;221;"icaa"
1031;814;"icaa"
1032;815;"icaa"
1033;816;"icaa"
1034;817;"icaa"
1035;818;"icaa"
1036;819;"icaa"
1036;820;"icaa"
1037;821;"icaa"
1038;822;"icaa"
1039;743;"icaa"
1040;823;"icaa"
1041;824;"icaa"
1042;3;"icaa"
1043;825;"icaa"
1044;826;"icaa"
1045;518;"icaa"
1046;827;"icaa"
1047;828;"icaa"
1049;829;"icaa"
1050;830;"icaa"
1051;831;"icaa"
1052;178;"icaa"
1053;832;"icaa"
1055;772;"icaa"
1057;833;"icaa"
1058;834;"icaa"
1059;835;"icaa"
1060;317;"icaa"
1061;836;"icaa"
1062;837;"icaa"
1063;838;"icaa"
1064;839;"icaa"
1065;672;"icaa"
1065;795;"icaa"
1066;840;"icaa"
1067;841;"icaa"
1068;842;"icaa"
1070;843;"icaa"
1071;9;"icaa"
1072;844;"icaa"
1072;845;"icaa"
1072;846;"icaa"
1073;847;"icaa"
1074;848;"icaa"
1075;849;"icaa"
1076;850;"icaa"
1077;456;"icaa"
1078;668;"icaa"
1079;851;"icaa"
1080;852;"icaa"
1081;853;"icaa"
1082;854;"icaa"
1083;855;"icaa"
1084;22;"icaa"
1085;856;"icaa"
1086;857;"icaa"
1087;489;"icaa"
1088;45;"icaa"
1089;858;"icaa"
1090;859;"icaa"
1091;677;"icaa"
1092;9;"icaa"
1093;860;"icaa"
1094;861;"icaa"
1094;862;"icaa"
1095;863;"icaa"
1096;815;"icaa"
1097;864;"icaa"
1098;865;"icaa"
1099;866;"icaa"
1100;696;"icaa"
1101;212;"icaa"
1102;867;"icaa"
1103;868;"icaa"
1104;869;"icaa"
1105;94;"icaa"
1106;870;"icaa"
1107;335;"icaa"
1108;871;"icaa"
1109;872;"icaa"
1110;873;"icaa"
1111;874;"icaa"
1112;875;"icaa"
1112;87;"icaa"
1114;272;"icaa"
1115;876;"icaa"
1116;204;"icaa"
1117;877;"icaa"
1117;754;"icaa"
1118;119;"icaa"
1119;878;"icaa"
1120;879;"icaa"
1121;187;"icaa"
1123;880;"icaa"
1124;881;"icaa"
1125;882;"icaa"
1125;323;"icaa"
1127;883;"icaa"
1128;685;"icaa"
1129;848;"icaa"
1131;884;"icaa"
1132;885;"icaa"
1133;886;"icaa"
1134;887;"icaa"
1135;888;"icaa"
1136;264;"icaa"
1138;119;"icaa"
1139;889;"icaa"
1140;876;"icaa"
1141;890;"icaa"
1142;891;"icaa"
1142;219;"icaa"
1143;892;"icaa"
1144;893;"icaa"
1145;894;"icaa"
1146;9;"icaa"
1147;895;"icaa"
1148;896;"icaa"
1148;897;"icaa"
1149;898;"icaa"
1150;119;"icaa"
1152;346;"icaa"
1153;257;"icaa"
1155;265;"icaa"
1155;899;"icaa"
1156;333;"icaa"
1157;900;"icaa"
1158;901;"icaa"
1158;902;"icaa"
1159;903;"icaa"
1160;904;"icaa"
1160;905;"icaa"
1161;906;"icaa"
1162;86;"icaa"
1163;907;"icaa"
1164;908;"icaa"
1164;909;"icaa"
1166;910;"icaa"
1167;911;"icaa"
1167;912;"icaa"
1168;204;"icaa"
1169;913;"icaa"
1170;914;"icaa"
1171;915;"icaa"
1172;204;"icaa"
1173;916;"icaa"
1174;917;"icaa"
1175;918;"icaa"
1176;919;"icaa"
1176;920;"icaa"
1177;319;"icaa"
1177;921;"icaa"
1178;315;"icaa"
1180;672;"icaa"
1181;922;"icaa"
1182;923;"icaa"
1183;73;"icaa"
1185;349;"icaa"
1186;236;"icaa"
1187;213;"icaa"
1188;924;"icaa"
1189;925;"icaa"
1190;926;"icaa"
1193;927;"icaa"
1194;157;"icaa"
1195;928;"icaa"
1196;556;"icaa"
1197;45;"icaa"
1198;929;"icaa"
1199;930;"icaa"
1200;465;"icaa"
1201;931;"icaa"
1202;932;"icaa"
1203;933;"icaa"
1204;934;"icaa"
1205;935;"icaa"
1206;936;"icaa"
1207;391;"icaa"
1208;9;"icaa"
1210;937;"icaa"
1211;438;"icaa"
1212;938;"icaa"
1213;939;"icaa"
1214;898;"icaa"
1215;940;"icaa"
1216;889;"icaa"
1217;119;"icaa"
1218;672;"icaa"
1219;366;"icaa"
1220;941;"icaa"
1221;942;"icaa"
1222;943;"icaa"
1223;944;"icaa"
1224;904;"icaa"
1225;945;"icaa"
1225;946;"icaa"
1226;947;"icaa"
1227;948;"icaa"
1228;949;"icaa"
1229;950;"icaa"
1231;951;"icaa"
1232;952;"icaa"
1233;953;"icaa"
1236;954;"icaa"
1237;156;"icaa"
1238;955;"icaa"
1239;392;"icaa"
1240;956;"icaa"
1241;957;"icaa"
1243;958;"icaa"
1244;959;"icaa"
1245;960;"icaa"
1245;961;"icaa"
1246;962;"icaa"
1247;622;"icaa"
1247;244;"icaa"
1248;963;"icaa"
1249;444;"icaa"
1250;953;"icaa"
1251;964;"icaa"
1253;411;"icaa"
1254;965;"icaa"
1255;966;"icaa"
1256;621;"icaa"
1256;967;"icaa"
1257;968;"icaa"
1257;969;"icaa"
1258;970;"icaa"
1259;971;"icaa"
1260;22;"icaa"
1262;28;"icaa"
1263;461;"icaa"
1263;972;"icaa"
1264;973;"icaa"
1265;974;"icaa"
1266;975;"icaa"
1267;976;"icaa"
1268;977;"icaa"
1269;978;"icaa"
1270;979;"icaa"
1271;450;"icaa"
1272;980;"icaa"
1273;438;"icaa"
1274;981;"icaa"
1275;982;"icaa"
1276;983;"icaa"
1277;984;"icaa"
1278;985;"icaa"
1280;548;"icaa"
1281;986;"icaa"
1284;987;"icaa"
1284;988;"icaa"
1286;731;"icaa"
1287;989;"icaa"
1288;990;"icaa"
1288;991;"icaa"
1289;992;"icaa"
1290;28;"icaa"
1291;889;"icaa"
1292;209;"icaa"
1293;993;"icaa"
1294;310;"icaa"
1294;994;"icaa"
1294;995;"icaa"
1294;996;"icaa"
1294;240;"icaa"
1294;997;"icaa"
1294;998;"icaa"
1294;999;"icaa"
1294;1000;"icaa"
1295;1001;"icaa"
1296;1002;"icaa"
1297;1003;"icaa"
1298;1004;"icaa"
1299;1005;"icaa"
1300;1006;"icaa"
1301;366;"icaa"
1302;1007;"icaa"
1303;442;"icaa"
1304;397;"icaa"
1305;132;"icaa"
1306;105;"icaa"
1307;370;"icaa"
1308;1008;"icaa"
1309;1009;"icaa"
1310;1010;"icaa"
1311;1011;"icaa"
1312;1012;"icaa"
1313;1013;"icaa"
1313;1014;"icaa"
1314;83;"icaa"
1315;1015;"icaa"
1316;188;"icaa"
1317;381;"icaa"
1318;1016;"icaa"
1319;904;"icaa"
1320;70;"icaa"
1321;269;"icaa"
1323;1017;"icaa"
1325;1018;"icaa"
1326;1019;"icaa"
1327;1020;"icaa"
1328;1021;"icaa"
1329;1022;"icaa"
1330;87;"icaa"
1331;1023;"icaa"
1332;1024;"icaa"
1333;1025;"icaa"
1335;672;"icaa"
1336;1026;"icaa"
1337;1027;"icaa"
1338;1028;"icaa"
1338;308;"icaa"
1339;1029;"icaa"
1340;1030;"icaa"
1341;1031;"icaa"
1341;782;"icaa"
1342;1032;"icaa"
1343;45;"icaa"
1344;1033;"icaa"
1345;1034;"icaa"
1346;1035;"icaa"
1347;188;"icaa"
1348;1036;"icaa"
1349;309;"icaa"
1351;894;"icaa"
1352;45;"icaa"
1353;1037;"icaa"
1354;1038;"icaa"
1356;1039;"icaa"
1357;1040;"icaa"
1358;669;"icaa"
1359;1041;"icaa"
1360;1042;"icaa"
1361;973;"icaa"
1362;1043;"icaa"
1363;432;"icaa"
1364;1044;"icaa"
1365;949;"icaa"
1366;1045;"icaa"
1367;272;"icaa"
1368;1008;"icaa"
1369;1046;"icaa"
1370;1047;"icaa"
1372;1048;"icaa"
1373;1049;"icaa"
1374;1050;"icaa"
1375;370;"icaa"
1376;526;"icaa"
1377;672;"icaa"
1378;667;"icaa"
1379;156;"icaa"
1380;366;"icaa"
1381;527;"icaa"
1382;1051;"icaa"
1383;1052;"icaa"
1384;1053;"icaa"
1384;1054;"icaa"
1385;613;"icaa"
1386;472;"icaa"
1387;1055;"icaa"
1388;1056;"icaa"
1389;1057;"icaa"
1390;198;"icaa"
1391;314;"icaa"
1392;1058;"icaa"
1394;1059;"icaa"
1395;1060;"icaa"
1396;1061;"icaa"
1397;188;"icaa"
1398;1062;"icaa"
1399;1063;"icaa"
1400;1064;"icaa"
1401;850;"icaa"
1402;1065;"icaa"
1403;160;"icaa"
1404;102;"icaa"
1407;1066;"icaa"
1408;1067;"icaa"
1410;1068;"icaa"
1411;962;"icaa"
1412;1069;"icaa"
1413;1070;"icaa"
1414;1071;"icaa"
1415;1072;"icaa"
1416;1073;"icaa"
1417;1074;"icaa"
1418;357;"icaa"
1419;1075;"icaa"
1420;456;"icaa"
1421;1076;"icaa"
1422;1077;"icaa"
1423;1078;"icaa"
1424;11;"icaa"
1425;105;"icaa"
1426;1079;"icaa"
1427;1080;"icaa"
1429;1081;"icaa"
1430;1082;"icaa"
1431;1083;"icaa"
1432;1084;"icaa"
1432;1085;"icaa"
1434;1086;"icaa"
1435;1087;"icaa"
1436;1088;"icaa"
1437;1089;"icaa"
1439;1090;"icaa"
1440;11;"icaa"
1440;1091;"icaa"
1441;160;"icaa"
1442;1092;"icaa"
1443;350;"icaa"
1446;1093;"icaa"
1447;1094;"icaa"
1448;773;"icaa"
1449;1095;"icaa"
1450;1096;"icaa"
1451;733;"icaa"
1452;1097;"icaa"
1452;1098;"icaa"
1453;1099;"icaa"
1454;1100;"icaa"
1454;1101;"icaa"
1455;1102;"icaa"
1456;1103;"icaa"
1457;94;"icaa"
1458;94;"icaa"
1459;402;"icaa"
1460;1104;"icaa"
1462;1105;"icaa"
1463;1106;"icaa"
1464;1107;"icaa"
1465;1108;"icaa"
1466;1109;"icaa"
1466;1110;"icaa"
1467;1111;"icaa"
1468;1112;"icaa"
1469;1113;"icaa"
1470;1114;"icaa"
1471;1115;"icaa"
1472;1116;"icaa"
1473;112;"icaa"
1474;10;"icaa"
1475;240;"icaa"
1476;1117;"icaa"
1477;392;"icaa"
1478;1118;"icaa"
1479;1119;"icaa"
1480;1120;"icaa"
1482;672;"icaa"
1483;1121;"icaa"
1484;1122;"icaa"
1485;974;"icaa"
1486;1123;"icaa"
1487;391;"icaa"
1488;843;"icaa"
1489;1124;"icaa"
1491;1125;"icaa"
1492;1126;"icaa"
1493;1127;"icaa"
1494;94;"icaa"
1495;1128;"icaa"
1496;1129;"icaa"
1497;193;"icaa"
1498;1130;"icaa"
1499;1131;"icaa"
1499;1132;"icaa"
1500;1133;"icaa"
1501;1134;"icaa"
1502;953;"icaa"
1504;1135;"icaa"
1505;1136;"icaa"
1506;1137;"icaa"
1508;1138;"icaa"
1509;1139;"icaa"
1510;1140;"icaa"
1511;1141;"icaa"
1512;1142;"icaa"
1514;1143;"icaa"
1515;1144;"icaa"
1515;1145;"icaa"
1516;1146;"icaa"
1516;1147;"icaa"
1517;1148;"icaa"
1517;1149;"icaa"
1517;1150;"icaa"
1518;1151;"icaa"
1519;135;"icaa"
1520;1152;"icaa"
1522;1153;"icaa"
1523;556;"icaa"
1524;350;"icaa"
1526;1154;"icaa"
1527;161;"icaa"
1528;251;"icaa"
1529;444;"icaa"
1530;1155;"icaa"
1531;710;"icaa"
1532;1156;"icaa"
1532;1157;"icaa"
1533;1158;"icaa"
1534;556;"icaa"
1535;633;"icaa"
1536;1159;"icaa"
1537;32;"icaa"
1538;1160;"icaa"
1539;1161;"icaa"
1540;1162;"icaa"
1540;1163;"icaa"
1541;285;"icaa"
1542;57;"icaa"
1542;56;"icaa"
1543;472;"icaa"
1544;1164;"icaa"
1545;307;"icaa"
1546;1165;"icaa"
1547;1166;"icaa"
1548;1167;"icaa"
1549;1168;"icaa"
1550;639;"icaa"
1551;314;"icaa"
1552;371;"icaa"
1553;1137;"icaa"
1555;1169;"icaa"
1555;1170;"icaa"
1556;1171;"icaa"
1557;178;"icaa"
1558;251;"icaa"
1559;1172;"icaa"
1560;1173;"icaa"
1561;1174;"icaa"
1562;1175;"icaa"
1563;188;"icaa"
1564;1176;"icaa"
1565;1177;"icaa"
1566;1178;"icaa"
1567;1179;"icaa"
1568;70;"icaa"
1570;1180;"icaa"
1571;1181;"icaa"
1572;1182;"icaa"
1574;1183;"icaa"
1575;915;"icaa"
1576;1184;"icaa"
1577;335;"icaa"
1578;45;"icaa"
1579;281;"icaa"
1581;284;"icaa"
1582;94;"icaa"
1583;1185;"icaa"
1584;672;"icaa"
1586;322;"icaa"
1587;1186;"icaa"
1588;175;"icaa"
1589;502;"icaa"
1589;503;"icaa"
1590;1187;"icaa"
1591;1188;"icaa"
1592;1189;"icaa"
1593;1190;"icaa"
1594;1191;"icaa"
1595;439;"icaa"
1596;1192;"icaa"
1598;281;"icaa"
1599;1193;"icaa"
1601;1194;"icaa"
1602;270;"icaa"
1603;1195;"icaa"
1604;1196;"icaa"
1604;1197;"icaa"
1605;1198;"icaa"
1606;1199;"icaa"
1607;1200;"icaa"
1608;1135;"icaa"
1609;1177;"icaa"
1610;1201;"icaa"
1611;465;"icaa"
1612;1202;"icaa"
1614;1203;"icaa"
1615;952;"icaa"
1616;1099;"icaa"
1617;1127;"icaa"
1618;1204;"icaa"
1619;626;"icaa"
1620;1056;"icaa"
1621;1205;"icaa"
1621;1206;"icaa"
1622;1207;"icaa"
1623;821;"icaa"
1624;94;"icaa"
1625;1208;"icaa"
1625;1209;"icaa"
1626;1210;"icaa"
1627;1211;"icaa"
1628;1212;"icaa"
1629;1213;"icaa"
1630;1214;"icaa"
1631;1215;"icaa"
1632;1216;"icaa"
1633;795;"icaa"
1634;666;"icaa"
1635;1217;"icaa"
1636;1218;"icaa"
1637;1177;"icaa"
1638;1219;"icaa"
1639;526;"icaa"
1640;1103;"icaa"
1641;187;"icaa"
1642;690;"icaa"
1643;1220;"icaa"
1644;1221;"icaa"
1645;1222;"icaa"
1646;622;"icaa"
1646;244;"icaa"
1646;245;"icaa"
1647;1223;"icaa"
1648;1010;"icaa"
1649;1224;"icaa"
1650;1225;"icaa"
1651;1226;"icaa"
1651;1227;"icaa"
1652;872;"icaa"
1653;1228;"icaa"
1654;1229;"icaa"
1654;1230;"icaa"
1655;1231;"icaa"
1656;1232;"icaa"
1657;1233;"icaa"
1658;877;"icaa"
1658;754;"icaa"
1659;1234;"icaa"
1660;1235;"icaa"
1661;1236;"icaa"
1661;1237;"icaa"
1661;1238;"icaa"
1662;891;"icaa"
1663;140;"icaa"
1663;1239;"icaa"
1664;1240;"icaa"
1665;1241;"icaa"
1666;815;"icaa"
1667;1242;"icaa"
1667;1243;"icaa"
1667;1244;"icaa"
1668;9;"icaa"
1669;1245;"icaa"
1670;1246;"icaa"
1671;310;"icaa"
1672;1247;"icaa"
1673;1248;"icaa"
1674;1249;"icaa"
1676;1250;"icaa"
1677;648;"icaa"
1678;956;"icaa"
1679;1251;"icaa"
1680;1252;"icaa"
1681;1253;"icaa"
1684;266;"icaa"
1684;1254;"icaa"
1685;1148;"icaa"
1686;966;"icaa"
1687;1255;"icaa"
1687;1256;"icaa"
1687;1257;"icaa"
1687;1258;"icaa"
1688;188;"icaa"
1689;1259;"icaa"
1690;754;"icaa"
1691;1260;"icaa"
1692;1261;"icaa"
1693;1262;"icaa"
1694;1184;"icaa"
1695;1263;"icaa"
1697;1264;"icaa"
1698;1265;"icaa"
1699;1266;"icaa"
1700;366;"icaa"
1701;1267;"icaa"
1702;1268;"icaa"
1703;1269;"icaa"
1704;1122;"icaa"
1705;1270;"icaa"
1705;1271;"icaa"
1706;1272;"icaa"
1707;1273;"icaa"
1708;1274;"icaa"
1709;242;"icaa"
1710;1092;"icaa"
1711;1275;"icaa"
1713;1276;"icaa"
1714;672;"icaa"
1715;9;"icaa"
1716;285;"icaa"
1717;1277;"icaa"
1718;808;"icaa"
1719;958;"icaa"
1720;1278;"icaa"
1721;63;"icaa"
1722;567;"icaa"
1722;1279;"icaa"
1723;1280;"icaa"
1724;1281;"icaa"
1725;1282;"icaa"
1726;1283;"icaa"
1727;1284;"icaa"
1728;1285;"icaa"
1729;1286;"icaa"
1730;1287;"icaa"
1732;132;"icaa"
1733;1288;"icaa"
1733;1289;"icaa"
1734;1290;"icaa"
1735;1291;"icaa"
1736;1292;"icaa"
1737;1293;"icaa"
1738;754;"icaa"
1739;1294;"icaa"
1740;94;"icaa"
1741;334;"icaa"
1742;1295;"icaa"
1742;1296;"icaa"
1743;1297;"icaa"
1744;1194;"icaa"
1745;1298;"icaa"
1746;965;"icaa"
1747;1299;"icaa"
1748;638;"icaa"
1750;1300;"icaa"
1751;1301;"icaa"
1752;1302;"icaa"
1752;1303;"icaa"
1753;927;"icaa"
1754;161;"icaa"
1755;1304;"icaa"
1756;629;"icaa"
1756;628;"icaa"
1758;1305;"icaa"
1759;1306;"icaa"
1760;859;"icaa"
1761;1307;"icaa"
1762;1308;"icaa"
1763;1309;"icaa"
1763;1310;"icaa"
1764;1004;"icaa"
1765;439;"icaa"
1766;774;"icaa"
1767;1311;"icaa"
1769;240;"icaa"
1770;101;"icaa"
1771;1312;"icaa"
1772;324;"icaa"
1773;1313;"icaa"
1774;806;"icaa"
1775;1314;"icaa"
1775;1315;"icaa"
1776;1063;"icaa"
1777;1316;"icaa"
1778;1317;"icaa"
1779;1318;"icaa"
1865;1319;"tmdb_directo"
1852;1320;"tmdb_directo"
1858;1321;"tmdb_directo"
1970;1322;"tmdb_directo"
2008;1323;"tmdb_directo"
1800;1324;"tmdb_directo"
2027;1325;"tmdb_directo"
1916;1326;"tmdb_directo"
1916;1327;"tmdb_directo"
1789;1328;"tmdb_directo"
1789;1329;"tmdb_directo"
1846;1330;"tmdb_directo"
2030;1331;"tmdb_directo"
1892;1332;"tmdb_directo"
1892;1333;"tmdb_directo"
827;1334;"tmdb_directo"
2048;1335;"tmdb_directo"
2048;1336;"tmdb_directo"
1836;1337;"tmdb_directo"
1836;1338;"tmdb_directo"
2004;1339;"tmdb_directo"
2047;1340;"tmdb_directo"
2014;1341;"tmdb_directo"
1885;75;"tmdb_directo"
1885;1342;"tmdb_directo"
1885;1343;"tmdb_directo"
1885;1344;"tmdb_directo"
1885;1345;"tmdb_directo"
1983;110;"tmdb_directo"
1877;427;"tmdb_directo"
2017;1346;"tmdb_directo"
1840;1347;"tmdb_directo"
2009;1348;"tmdb_directo"
1943;1349;"tmdb_directo"
2034;1350;"tmdb_directo"
1808;1351;"tmdb_directo"
1973;1078;"tmdb_directo"
2028;1352;"tmdb_directo"
1826;1353;"tmdb_directo"
2006;1354;"tmdb_directo"
2006;1355;"tmdb_directo"
2006;1356;"tmdb_directo"
1977;503;"tmdb_directo"
1977;502;"tmdb_directo"
1950;252;"tmdb_directo"
1955;776;"tmdb_directo"
1955;777;"tmdb_directo"
1802;1357;"tmdb_directo"
1907;1358;"tmdb_directo"
1944;1359;"tmdb_directo"
1934;1360;"tmdb_directo"
1934;1361;"tmdb_directo"
2051;1362;"tmdb_directo"
2032;1363;"tmdb_directo"
2040;1364;"tmdb_directo"
1965;1365;"tmdb_directo"
1965;1366;"tmdb_directo"
1961;1367;"tmdb_directo"
1920;1368;"tmdb_directo"
1920;1369;"tmdb_directo"
1990;1370;"tmdb_directo"
1817;1371;"tmdb_directo"
1971;1372;"tmdb_directo"
2039;1373;"tmdb_directo"
2019;1374;"tmdb_directo"
1828;1375;"tmdb_directo"
1905;1376;"tmdb_directo"
1992;1377;"tmdb_directo"
1957;1378;"tmdb_directo"
1838;1379;"tmdb_directo"
1939;1380;"tmdb_directo"
1785;1381;"tmdb_directo"
1917;1382;"tmdb_directo"
2024;1383;"tmdb_directo"
2024;1384;"tmdb_directo"
2024;1385;"tmdb_directo"
2049;1386;"tmdb_directo"
1953;893;"tmdb_directo"
1855;1387;"tmdb_directo"
1921;1388;"tmdb_directo"
1921;1389;"tmdb_directo"
1937;1390;"tmdb_directo"
1937;1391;"tmdb_directo"
1933;586;"tmdb_directo"
1997;1392;"tmdb_directo"
1897;1393;"tmdb_directo"
1895;1394;"tmdb_directo"
2025;1395;"tmdb_directo"
1841;1396;"tmdb_directo"
1902;1397;"tmdb_directo"
1962;1363;"tmdb_directo"
2045;1398;"tmdb_directo"
2000;1363;"tmdb_directo"
1851;1363;"tmdb_directo"
1879;1363;"tmdb_directo"
1794;1399;"tmdb_directo"
1794;1400;"tmdb_directo"
1821;1401;"tmdb_directo"
1884;1363;"tmdb_directo"
1797;1402;"tmdb_directo"
1880;108;"tmdb_directo"
1974;1371;"tmdb_directo"
1974;1021;"tmdb_directo"
1791;1403;"tmdb_directo"
2033;1404;"tmdb_directo"
2033;1405;"tmdb_directo"
2044;1406;"tmdb_directo"
153;1407;"tmdb_directo"
1989;1408;"tmdb_directo"
1782;1409;"tmdb_directo"
1898;1406;"tmdb_directo"
1833;1410;"tmdb_directo"
1805;1411;"tmdb_directo"
1805;1412;"tmdb_directo"
1864;1413;"tmdb_directo"
1911;87;"tmdb_directo"
1872;1414;"tmdb_directo"
1922;1415;"tmdb_directo"
1856;1416;"tmdb_directo"
1900;1215;"tmdb_directo"
1900;1417;"tmdb_directo"
1848;1418;"tmdb_directo"
1936;1419;"tmdb_directo"
1936;1420;"tmdb_directo"
1862;1421;"tmdb_directo"
1850;1422;"tmdb_directo"
1850;1423;"tmdb_directo"
1850;1424;"tmdb_directo"
1850;1425;"tmdb_directo"
1850;1426;"tmdb_directo"
1850;1427;"tmdb_directo"
1807;1428;"tmdb_directo"
1807;1429;"tmdb_directo"
2052;1430;"tmdb_directo"
1985;1431;"tmdb_directo"
1975;1432;"tmdb_directo"
1859;1363;"tmdb_directo"
1780;1433;"tmdb_directo"
1783;1434;"tmdb_directo"
2042;1435;"tmdb_directo"
1820;1436;"tmdb_directo"
1883;1437;"tmdb_directo"
2026;1438;"tmdb_directo"
2043;1439;"tmdb_directo"
1792;1440;"tmdb_directo"
4;1441;"icaa"
19;1442;"icaa"
21;1443;"icaa"
21;1444;"icaa"
25;1445;"icaa"
27;1446;"icaa"
30;1447;"icaa"
40;1448;"icaa"
47;1449;"icaa"
57;1450;"icaa"
67;1451;"icaa"
77;1452;"icaa"
77;1453;"icaa"
81;1454;"icaa"
100;1455;"icaa"
101;1456;"icaa"
104;1457;"icaa"
106;1458;"icaa"
107;1459;"icaa"
113;1460;"icaa"
114;1461;"icaa"
131;1462;"icaa"
132;1463;"icaa"
134;1464;"icaa"
144;1465;"icaa"
150;1466;"icaa"
160;1467;"icaa"
163;1468;"icaa"
165;1469;"icaa"
192;1470;"icaa"
201;1471;"icaa"
204;1472;"icaa"
216;1473;"icaa"
243;1474;"icaa"
252;1475;"icaa"
259;1476;"icaa"
313;1477;"icaa"
315;1478;"icaa"
336;1479;"icaa"
356;1480;"icaa"
373;1481;"icaa"
378;1482;"icaa"
378;1483;"icaa"
407;1484;"icaa"
412;1485;"icaa"
414;1486;"icaa"
418;1487;"icaa"
425;1488;"icaa"
439;1489;"icaa"
441;1490;"icaa"
441;1491;"icaa"
451;1492;"icaa"
457;1493;"icaa"
461;1494;"icaa"
463;1495;"icaa"
466;1496;"icaa"
489;1497;"icaa"
520;1498;"icaa"
539;1499;"icaa"
544;1449;"icaa"
545;1500;"icaa"
546;1501;"icaa"
550;1502;"icaa"
553;1503;"icaa"
553;1504;"icaa"
556;1505;"icaa"
560;1506;"icaa"
568;1507;"icaa"
595;1508;"icaa"
599;1509;"icaa"
603;1510;"icaa"
605;1511;"icaa"
605;1512;"icaa"
605;1513;"icaa"
607;1514;"icaa"
609;1515;"icaa"
618;1516;"icaa"
620;1517;"icaa"
621;1518;"icaa"
645;1519;"icaa"
654;1520;"icaa"
654;1521;"icaa"
658;1522;"icaa"
673;1494;"icaa"
678;1523;"icaa"
683;1524;"icaa"
691;1525;"icaa"
692;1526;"icaa"
693;1527;"icaa"
706;1528;"icaa"
708;1529;"icaa"
714;1530;"icaa"
715;1531;"icaa"
722;1532;"icaa"
728;1533;"icaa"
734;1534;"icaa"
739;1535;"icaa"
751;1536;"icaa"
762;1537;"icaa"
765;1538;"icaa"
772;1539;"icaa"
773;1540;"icaa"
794;1541;"icaa"
797;1542;"icaa"
798;1543;"icaa"
799;1544;"icaa"
804;1545;"icaa"
811;1546;"icaa"
820;1470;"icaa"
851;1547;"icaa"
868;1548;"icaa"
873;1549;"icaa"
873;1550;"icaa"
876;1551;"icaa"
879;1459;"icaa"
880;1552;"icaa"
881;1553;"icaa"
882;1494;"icaa"
905;1554;"icaa"
905;1555;"icaa"
906;1556;"icaa"
915;1557;"icaa"
918;1558;"icaa"
926;1559;"icaa"
931;1560;"icaa"
943;1561;"icaa"
944;1562;"icaa"
959;1563;"icaa"
988;1492;"icaa"
997;1564;"icaa"
1003;1565;"icaa"
1010;1566;"icaa"
1012;1567;"icaa"
1014;1568;"icaa"
1044;1569;"icaa"
1048;1570;"icaa"
1054;1571;"icaa"
1056;1572;"icaa"
1069;1573;"icaa"
1087;1574;"icaa"
1093;1575;"icaa"
1122;1576;"icaa"
1126;1577;"icaa"
1130;1578;"icaa"
1137;1579;"icaa"
1151;1580;"icaa"
1154;1581;"icaa"
1165;1582;"icaa"
1179;1583;"icaa"
1184;1584;"icaa"
1191;1585;"icaa"
1192;1586;"icaa"
1192;1587;"icaa"
1209;1588;"icaa"
1213;1589;"icaa"
1230;1590;"icaa"
1234;1591;"icaa"
1235;1592;"icaa"
1242;1593;"icaa"
1252;1594;"icaa"
1258;1595;"icaa"
1261;1596;"icaa"
1279;1597;"icaa"
1282;1598;"icaa"
1283;1599;"icaa"
1285;1600;"icaa"
1287;1601;"icaa"
1293;1602;"icaa"
1322;1603;"icaa"
1324;1604;"icaa"
1328;1605;"icaa"
1334;1606;"icaa"
1348;1607;"icaa"
1350;1577;"icaa"
1355;1608;"icaa"
1371;1609;"icaa"
1371;1610;"icaa"
1383;1611;"icaa"
1393;1612;"icaa"
1395;1613;"icaa"
1405;1614;"icaa"
1406;1615;"icaa"
1406;1616;"icaa"
1406;1617;"icaa"
1409;1618;"icaa"
1428;1619;"icaa"
1433;1620;"icaa"
1438;1621;"icaa"
1444;1622;"icaa"
1445;1623;"icaa"
1461;1624;"icaa"
1478;1625;"icaa"
1478;1626;"icaa"
1481;1627;"icaa"
1489;1628;"icaa"
1490;1629;"icaa"
1496;1630;"icaa"
1503;1631;"icaa"
1507;1575;"icaa"
1513;1632;"icaa"
1521;1633;"icaa"
1525;1634;"icaa"
1530;1635;"icaa"
1554;1636;"icaa"
1569;1637;"icaa"
1572;1638;"icaa"
1573;1639;"icaa"
1585;1640;"icaa"
1600;1475;"icaa"
1613;1641;"icaa"
1623;1642;"icaa"
1675;1643;"icaa"
1682;1644;"icaa"
1683;1645;"icaa"
1705;1646;"icaa"
1712;1647;"icaa"
1731;1501;"icaa"
1749;1475;"icaa"
1757;1648;"icaa"
1768;1649;"icaa"
1773;1589;"icaa"
