"taquilla_id";"pelicula_id";"anio";"recaudacion";"espectadores"
1;1;2025;42.0;12
2;2;2022;83.0;18
3;3;2021;129.0;35
4;4;2021;237.0;60
5;5;2022;1975.0;319
6;5;2023;321.0;38
7;6;2024;9.0;2
8;7;2025;2149.0;364
9;8;2025;552.0;100
10;9;2025;28408.0;4513
11;10;2024;1700.0;266
12;11;2022;50.0;7
13;12;2025;4413.0;677
14;13;2024;262.0;75
15;14;2023;2792.0;422
16;15;2024;14596.0;2634
17;15;2025;10.0;2
18;16;2021;1914.0;390
19;16;2022;324.0;130
20;16;2023;520.0;130
21;16;2024;484.0;121
22;17;2023;371.0;75
23;18;2023;2017.0;504
24;19;2025;502.0;207
25;20;2022;180557.0;27699
26;21;2022;1222.0;181
27;22;2022;7771.0;1424
28;23;2023;494.0;123
29;23;2024;40.0;8
30;24;2023;82.0;14
31;25;2025;198.0;43
32;26;2025;120.0;30
33;27;2024;492.0;118
34;27;2025;3774.0;591
35;28;2025;27668.0;4685
36;29;2022;14.0;24
37;30;2025;6450.0;1195
38;31;2021;129.0;33
39;31;2023;446.0;216
40;32;2022;3686.0;687
41;33;2021;19427.0;3256
42;33;2022;2414.0;589
43;34;2022;186403.0;31584
44;34;2023;30722.0;6963
45;34;2024;45.0;14
46;35;2024;1742.0;294
47;35;2025;286.0;88
48;36;2022;673.0;100
49;36;2025;53.0;19
50;37;2022;574.0;109
51;38;2022;263.0;49
52;39;2024;115336.0;20378
53;39;2025;209.0;102
54;40;2021;1414.0;276
55;41;2022;11143.0;1824
56;41;2023;3779.0;543
57;41;2025;626.0;108
58;42;2024;49010.0;8469
59;42;2025;2828.0;729
60;43;2023;224861.0;40173
61;43;2024;2740.0;693
62;43;2025;120.0;30
63;44;2025;7536.0;1189
64;45;2025;40744.0;6816
65;46;2025;729774.0;122365
66;47;2021;198.0;33
67;47;2022;1073.0;198
68;48;2023;1361.0;310
69;48;2024;352.0;90
70;49;2025;421795.0;64385
71;50;2024;29573.0;5346
72;51;2022;3256.0;777
73;52;2023;33651.0;5799
74;52;2025;184.0;49
75;53;2024;340.0;78
76;54;2024;1246.0;136
77;55;2022;19317.0;3177
78;55;2023;7595.0;1527
79;55;2024;361.0;77
80;56;2025;11356.0;1965
81;57;2022;210.0;105
82;57;2023;404.0;84
83;58;2024;457.0;81
84;59;2025;6688.0;1221
85;60;2023;338267.0;57487
86;60;2024;3840.0;839
87;61;2023;7755.0;1242
88;61;2024;3278.0;588
89;62;2021;1488.0;304
90;62;2022;145.0;60
91;63;2025;47884.0;8427
92;64;2024;1617.0;221
93;64;2025;214.0;36
94;65;2025;1566.0;266
95;66;2025;232860.0;33088
96;67;2021;13077.0;2198
97;67;2022;98.0;14
98;68;2021;3504.0;726
99;69;2023;4856.0;1014
100;70;2021;78.0;33
101;71;2021;97714.0;14683
102;71;2022;70015.0;11095
103;71;2023;77.0;21
104;71;2024;484.0;121
105;72;2023;203950.0;34865
106;72;2024;20712.0;3608
107;72;2025;10.0;2
108;73;2022;890.0;178
109;74;2021;42095.0;6280
110;74;2022;45.0;11
111;75;2023;157.0;32
112;76;2024;121.0;24
113;76;2025;6384.0;1009
114;77;2025;752.0;105
115;78;2022;1928.0;308
116;78;2023;283.0;88
117;79;2023;2560.0;445
118;79;2024;464.0;86
119;80;2025;27358.0;4569
120;81;2021;186.0;77
121;82;2024;18337.0;3054
122;83;2022;1810.0;355
123;84;2024;6238.0;1124
124;84;2025;491.0;116
125;85;2022;11110.0;2327
126;86;2024;44150.0;8792
127;86;2025;9242.0;2116
128;87;2021;14.0;2
129;88;2024;523487.0;85270
130;88;2025;112.0;32
131;89;2021;320.0;66
132;89;2022;1101.0;160
133;90;2023;905772.0;158206
134;90;2024;124267.0;22075
135;90;2025;809.0;203
136;91;2021;345.0;63
137;91;2025;189.0;27
138;92;2024;18597.0;3001
139;93;2023;2449.0;463
140;94;2024;5310.0;751
141;95;2021;177.0;35
142;95;2024;243.0;79
143;96;2024;2113.0;322
144;97;2025;43309.0;7193
145;98;2021;636.0;150
146;99;2023;122311.0;19598
147;99;2024;121.0;28
148;100;2023;3442.0;604
149;101;2021;106.0;41
150;102;2025;191.0;49
151;103;2025;133129.0;19558
152;104;2024;15.0;3
153;105;2021;190.0;33
154;105;2022;103.0;27
155;106;2025;4857.0;736
156;107;2022;81.0;15
157;108;2023;639.0;133
158;109;2022;10.0;3
159;110;2021;42.0;12
160;111;2024;3068687.0;456805
161;111;2025;23622.0;4348
162;112;2025;9790.0;1406
163;113;2024;1181.0;235
164;113;2025;13.0;3
165;114;2024;35.0;6
166;115;2023;1864.0;365
167;115;2025;81.0;23
168;116;2021;1636.0;296
169;117;2022;1279.0;164
170;117;2023;59.0;17
171;118;2023;207331.0;33735
172;118;2024;1789.0;533
173;119;2024;53777.0;10012
174;120;2022;7777.0;1393
175;120;2023;47.0;11
176;121;2024;21369.0;3838
177;122;2021;1633.0;273
178;123;2023;1845.0;274
179;124;2024;10082.0;1813
180;124;2025;1134.0;184
181;125;2022;143.0;41
182;126;2024;119214.0;20359
183;126;2025;2262.0;611
184;127;2021;66584.0;12128
185;127;2022;98.0;16
186;127;2023;164.0;82
187;128;2023;284.0;52
188;129;2022;24781.0;4094
189;129;2023;2567.0;497
190;129;2025;169.0;49
191;130;2021;821.0;135
192;131;2023;148.0;24
193;132;2021;242260.0;41988
194;132;2022;2318.0;570
195;132;2023;113.0;28
196;133;2021;4562.0;835
197;134;2024;3300.0;529
198;134;2025;291.0;92
199;135;2024;373.0;116
200;136;2023;609.0;101
201;137;2023;572633.0;87063
202;137;2024;183.0;66
203;138;2024;502.0;82
204;139;2025;722.0;186
205;140;2021;3900.0;569
206;141;2025;9959.0;1758
207;142;2025;68716.0;11216
208;143;2023;18675.0;2945
209;144;2024;354.0;61
210;145;2025;946.0;137
211;146;2021;630.0;126
212;147;2025;2145.0;325
213;148;2023;824.0;165
214;149;2024;3745.0;633
215;149;2025;316.0;80
216;150;2025;18405.0;4437
217;151;2023;3349.0;584
218;152;2022;5132.0;847
219;153;2025;199.0;34
220;154;2024;273.0;65
221;155;2023;3688.0;634
222;155;2024;1152.0;317
223;156;2024;946.0;158
224;157;2023;271.0;127
225;158;2023;6511.0;1264
226;159;2022;3586.0;619
227;160;2024;159.0;64
228;161;2023;2437.0;414
229;162;2024;271489.0;41059
230;163;2021;878.0;209
231;164;2022;68752.0;11612
232;164;2023;6877.0;1102
233;164;2024;951.0;168
234;164;2025;67.0;9
235;165;2021;78.0;39
236;166;2021;4434.0;779
237;166;2022;131.0;19
238;167;2024;79896.0;13241
239;168;2024;10521.0;2077
240;169;2022;448.0;112
241;170;2021;62.0;16
242;170;2024;264.0;43
243;171;2021;4665.0;863
244;171;2022;77.0;43
245;171;2023;272.0;69
246;171;2025;1276.0;232
247;172;2024;763.0;214
248;173;2023;7409.0;1350
249;173;2024;2781.0;518
250;174;2025;90364.0;15302
251;175;2025;240044.0;39376
252;176;2021;4917.0;1144
253;176;2022;91.0;43
254;176;2023;78.0;39
255;176;2025;557.0;100
256;177;2022;2497.0;474
257;177;2024;1308046.0;219980
258;178;2023;206.0;36
259;179;2022;1205.0;347
260;179;2023;1082.0;287
261;180;2025;20765.0;3508
262;181;2022;84312.0;14347
263;182;2022;716.0;128
264;183;2025;113470.0;18945
265;184;2021;554.0;116
266;185;2023;6122.0;1130
267;185;2024;100.0;25
268;186;2021;149.0;22
269;187;2022;5561.0;949
270;187;2023;126.0;65
271;188;2021;30233.0;5368
272;189;2022;4459.0;872
273;190;2022;427.0;57
274;191;2024;2546827.0;387581
275;192;2023;51.0;9
276;192;2024;381.0;81
277;193;2023;219.0;49
278;193;2025;420.0;60
279;194;2021;280.0;81
280;195;2024;112.0;32
281;196;2022;2784.0;518
282;196;2023;488.0;92
283;196;2024;17.0;3
284;197;2024;622.0;94
285;198;2021;36213.0;6545
286;198;2025;890.0;180
287;199;2025;70863.0;11766
288;200;2023;113600.0;19115
289;200;2024;1865.0;471
290;201;2021;16.0;3
291;202;2021;2155.0;311
292;203;2023;447834.0;83182
293;203;2024;15498.0;3556
294;203;2025;692.0;132
295;204;2025;175.0;38
296;205;2024;58.0;11
297;206;2021;6449.0;1223
298;206;2022;280.0;52
299;206;2024;83.0;40
300;207;2024;54.0;9
301;208;2025;2191.0;322
302;209;2024;4471.0;631
303;210;2025;28412.0;4485
304;211;2021;414.0;64
305;212;2021;24989.0;4484
306;212;2022;2163.0;483
307;213;2024;1414.0;224
308;214;2021;5.0;5
309;215;2025;70.0;10
310;216;2025;340872.0;54143
311;217;2025;311.0;74
312;218;2021;139.0;31
313;219;2025;45.0;9
314;220;2025;147.0;75
315;221;2023;88.0;22
316;221;2024;3980.0;723
317;222;2025;217875.0;32544
318;223;2024;1078.0;176
319;224;2024;283.0;62
320;225;2021;91.0;37
321;225;2022;197.0;38
322;226;2022;10542.0;1893
323;226;2023;122.0;32
324;227;2021;5752.0;1085
325;227;2022;1513.0;164
326;228;2025;102696.0;16549
327;229;2021;295861.0;45774
328;229;2022;48526.0;8932
329;229;2023;112.0;86
330;230;2022;7480.0;1425
331;230;2023;2193.0;615
332;230;2025;403.0;75
333;231;2024;1643553.0;245738
334;232;2021;570.0;116
335;233;2022;1517.0;275
336;233;2025;1322.0;98
337;234;2021;167.0;46
338;235;2021;4848.0;859
339;235;2023;973.0;167
340;236;2025;3024460.0;437336
341;237;2021;120.0;15
342;238;2021;102.0;17
343;239;2024;254313.0;41267
344;239;2025;36545.0;7261
345;240;2025;478044.0;75469
346;241;2024;92668.0;13264
347;241;2025;462.0;66
348;242;2021;520.0;83
349;242;2022;232.0;46
350;243;2023;2229338.0;363814
351;244;2023;104304.0;17916
352;244;2024;307.0;76
353;245;2025;2546.0;314
354;246;2025;109701.0;19246
355;247;2024;818.0;142
356;248;2021;4584.0;726
357;248;2022;1188.0;297
358;249;2024;274.0;47
359;250;2025;172.0;34
360;251;2022;175.0;26
361;252;2021;426.0;71
362;252;2024;44.0;11
363;253;2025;334.0;133
364;254;2022;84.0;34
365;254;2023;4790.0;924
366;254;2024;213.0;62
367;255;2024;195.0;129
368;256;2023;7342.0;1223
369;257;2025;2880.0;439
370;258;2022;423.0;101
371;259;2021;16.0;3
372;260;2021;19226.0;3275
373;261;2023;618724.0;97633
374;261;2025;724.0;362
375;262;2022;55.0;11
376;263;2023;1440754.0;217150
377;264;2025;1042.0;184
378;265;2024;185.0;32
379;266;2025;54.0;28
380;267;2021;20.0;4
381;267;2022;9.0;2
382;268;2024;5226939.0;837070
383;268;2025;8597.0;1859
384;269;2024;57206.0;9500
385;269;2025;138.0;26
386;270;2023;808904.0;130565
387;270;2024;46215.0;8911
388;270;2025;196.0;96
389;271;2025;22101.0;3828
390;272;2024;138527.0;26690
391;272;2025;252.0;73
392;273;2021;1897.0;381
393;274;2025;24862.0;4520
394;275;2021;240.0;52
395;276;2022;144616.0;24186
396;276;2023;110.0;29
397;277;2025;9288.0;1436
398;278;2025;2437.0;495
399;279;2025;595.0;344
400;280;2022;24461.0;4192
401;280;2023;2603.0;627
402;280;2024;28.0;12
403;281;2024;262519.0;41187
404;282;2025;32957.0;5879
405;283;2023;891881.0;139075
406;283;2024;43982.0;8428
407;284;2021;299215.0;49764
408;284;2022;30204.0;5625
409;284;2023;160.0;32
410;285;2024;162683.0;26724
411;286;2024;1254805.0;206951
412;286;2025;29434.0;5790
413;287;2025;98198.0;18456
414;288;2022;106.0;34
415;289;2021;82.0;21
416;289;2025;554.0;68
417;290;2021;674.0;113
418;291;2024;1673128.0;255190
419;292;2021;530.0;86
420;293;2021;36.0;8
421;293;2022;51.0;17
422;293;2023;1163.0;306
423;294;2025;32.0;9
424;295;2025;719643.0;118455
425;296;2022;37661.0;6317
426;296;2023;145.0;51
427;297;2024;17899.0;3235
428;297;2025;462.0;97
429;298;2023;17744.0;3059
430;298;2024;149.0;26
431;299;2025;25345.0;4087
432;300;2024;1674.0;302
433;301;2023;83.0;17
434;302;2022;2772.0;464
435;303;2023;2644.0;396
436;304;2021;1371.0;273
437;305;2024;332813.0;57334
438;305;2025;9201.0;2039
439;306;2023;104053.0;19808
440;307;2025;341.0;84
441;308;2021;59492.0;10198
442;308;2022;719.0;160
443;308;2024;20.0;4
444;309;2025;9977.0;1618
445;310;2023;7292.0;1198
446;311;2023;4514.0;683
447;312;2022;48229.0;8460
448;312;2023;35047.0;6294
449;313;2024;630.0;459
450;313;2025;2511.0;409
451;314;2023;57314.0;10238
452;314;2024;683.0;232
453;315;2025;494.0;81
454;316;2025;7667.0;1272
455;317;2025;136272.0;21774
456;318;2024;2059.0;397
457;318;2025;12075.0;2328
458;319;2025;125821.0;20159
459;320;2023;228.0;57
460;320;2025;258.0;43
461;321;2021;220887.0;38595
462;321;2022;122.0;26
463;322;2021;34288.0;5522
464;322;2022;99752.0;16075
465;323;2025;195581.0;31712
466;324;2021;1816.0;302
467;325;2021;46.0;12
468;326;2022;419.0;71
469;327;2025;567.0;93
470;328;2024;6964.0;1101
471;328;2025;622.0;133
472;329;2023;966465.0;162798
473;330;2022;9870.0;1738
474;330;2025;308.0;63
475;331;2021;1695.0;397
476;331;2022;739.0;123
477;331;2023;740.0;96
478;332;2022;338.0;53
479;333;2021;662962.0;106359
480;333;2022;3092.0;606
481;333;2025;528.0;132
482;334;2025;1008.0;142
483;335;2023;13966.0;2455
484;336;2025;113011.0;19767
485;337;2022;1007123.0;169561
486;338;2025;57.0;29
487;339;2022;86.0;16
488;340;2025;977770.0;150433
489;341;2022;1818352.0;287214
490;342;2023;110.0;22
491;342;2024;2939.0;625
492;342;2025;27.0;6
493;343;2023;39748.0;7004
494;344;2023;5680.0;892
495;345;2025;248.0;43
496;346;2021;383.0;55
497;346;2022;192.0;45
498;347;2024;3228506.0;501667
499;347;2025;772459.0;127108
500;348;2022;64360.0;10353
501;349;2023;185613.0;39737
502;350;2022;4547.0;808
503;351;2024;76177.0;13665
504;352;2024;662904.0;119575
505;352;2025;748.0;160
506;353;2021;277.0;40
507;353;2023;284.0;44
508;354;2021;329.0;59
509;355;2025;30263.0;6040
510;356;2025;567.0;324
511;357;2024;371.0;71
512;358;2023;961860.0;168672
513;359;2021;166605.0;27017
514;360;2024;252902.0;41896
515;361;2025;136.0;53
516;362;2024;1091.0;183
517;363;2021;551.0;95
518;364;2023;267.0;51
519;365;2022;1378.0;202
520;365;2023;295.0;44
521;366;2022;963.0;157
522;367;2023;1142.0;204
523;368;2021;32401.0;5902
524;369;2022;146990.0;27680
525;369;2023;8426.0;2108
526;370;2025;35162.0;5800
527;371;2021;3977.0;608
528;372;2025;3917.0;734
529;373;2021;576.0;117
530;374;2021;44.0;20
531;375;2025;715.0;143
532;376;2023;95.0;19
533;377;2022;581577.0;93974
534;377;2023;7815.0;1635
535;377;2024;227.0;33
536;377;2025;682.0;98
537;378;2023;215.0;34
538;378;2025;233.0;35
539;379;2023;34543.0;5951
540;380;2021;2437.0;421
541;381;2022;52595.0;8162
542;382;2023;392.0;126
543;383;2024;38456.0;6314
544;384;2021;2446.0;497
545;385;2025;30418.0;5552
546;386;2022;60.0;17
547;387;2025;3128.0;798
548;388;2021;73105.0;12474
549;388;2022;205.0;39
550;389;2022;914.0;171
551;390;2021;557.0;99
552;390;2022;26.0;7
553;391;2021;180269.0;30188
554;391;2022;371.0;216
555;392;2024;199598.0;32401
556;392;2025;598.0;167
557;393;2023;861.0;182
558;393;2025;1304.0;223
559;394;2022;398.0;67
560;395;2022;67.0;10
561;396;2021;343.0;67
562;396;2022;29.0;8
563;397;2025;1049.0;149
564;398;2021;130.0;29
565;398;2022;268.0;54
566;398;2024;165.0;33
567;399;2025;47.0;9
568;400;2023;1398.0;198
569;401;2021;3904.0;718
570;401;2022;49.0;14
571;402;2021;1914.0;369
572;402;2022;47.0;9
573;403;2024;1074029.0;162820
574;404;2023;718.0;132
575;405;2023;66.0;11
576;406;2021;233.0;100
577;407;2021;674.0;115
578;408;2024;613.0;95
579;409;2023;3257.0;578
580;410;2024;1584.0;305
581;411;2023;388.0;76
582;411;2025;189.0;112
583;412;2021;2128.0;392
584;413;2021;2627717.0;426582
585;413;2022;54536.0;9257
586;413;2023;47.0;7
587;414;2025;2071.0;292
588;415;2021;16529.0;2847
589;415;2022;1203.0;210
590;415;2023;36.0;7
591;416;2022;703215.0;112593
592;417;2021;4974.0;979
593;417;2022;1689.0;703
594;417;2023;213.0;61
595;418;2023;108.0;36
596;418;2024;246.0;82
597;418;2025;215.0;43
598;419;2021;10262.0;1851
599;420;2022;316953.0;50932
600;420;2023;2021.0;501
601;421;2023;187262.0;30672
602;421;2024;2515.0;480
603;422;2021;156.0;52
604;423;2022;889992.0;137952
605;423;2023;31388.0;4733
606;424;2023;298.0;46
607;425;2025;1590.0;343
608;426;2024;4656.0;710
609;426;2025;2666.0;463
610;427;2021;127149.0;20673
611;428;2025;80920.0;12664
612;429;2022;434.0;101
613;430;2021;1132.0;221
614;431;2024;4430.0;688
615;431;2025;35.0;127
616;432;2025;5284665.0;792007
617;433;2021;235.0;48
618;433;2023;146.0;32
619;434;2022;427133.0;67856
620;434;2023;12512.0;2187
621;435;2023;269722.0;46088
622;435;2024;1332.0;242
623;436;2023;2581.0;399
624;437;2024;1325.0;211
625;437;2025;1346.0;206
626;438;2024;2778.0;441
627;439;2022;433.0;89
628;440;2023;4005.0;679
629;440;2024;235.0;70
630;441;2025;66.0;22
631;442;2021;233277.0;39640
632;442;2022;11224.0;2191
633;443;2022;341.0;117
634;444;2025;193467.0;31665
635;445;2021;592770.0;100238
636;445;2022;54668.0;10444
637;446;2021;671.0;102
638;447;2024;4067728.0;622534
639;448;2023;7565.0;1284
640;448;2024;3428.0;611
641;448;2025;987.0;182
642;449;2023;49724.0;8610
643;449;2024;2837.0;841
644;449;2025;140.0;33
645;450;2025;9890.0;1623
646;451;2021;285740.0;44622
647;451;2022;2915.0;492
648;451;2023;8051.0;1118
649;451;2024;7310.0;1026
650;451;2025;7456.0;1151
651;452;2023;2505.0;420
652;453;2021;2881.0;519
653;454;2022;1334440.0;228341
654;454;2023;135.0;27
655;455;2023;10513.0;1632
656;456;2023;474742.0;77490
657;456;2024;6439.0;1255
658;456;2025;316.0;96
659;457;2023;11652.0;2260
660;457;2024;6795.0;1331
661;457;2025;116.0;24
662;458;2021;10049.0;1611
663;459;2023;4067952.0;622196
664;460;2022;887.0;186
665;461;2024;37005.0;5422
666;461;2025;482.0;107
667;462;2022;2058519.0;361166
668;462;2023;66.0;11
669;463;2022;1314.0;225
670;463;2023;7.0;2
671;464;2021;124451.0;20668
672;464;2022;1207.0;300
673;465;2022;11802013.0;2031669
674;465;2023;15670.0;3288
675;466;2023;2133099.0;332054
676;466;2024;223.0;383
677;467;2022;2121540.0;387774
678;467;2023;22914.0;4798
679;468;2025;389.0;57
680;469;2023;1402193.0;235056
681;469;2024;334406.0;57146
682;469;2025;3086.0;719
683;470;2025;896327.0;133813
684;471;2022;1023264.0;166872
685;471;2023;1340.0;186
686;472;2021;2828416.0;515293
687;472;2022;68336.0;11966
688;472;2023;104.0;27
689;473;2021;1309944.0;202597
690;473;2022;27292.0;5254
691;474;2021;8493358.0;1500811
692;474;2022;658.0;148
693;475;2023;77.0;22
694;476;2021;52318.0;9009
695;476;2024;250.0;62
696;477;2023;38511.0;6442
697;477;2024;359.0;128
698;478;2023;5157.0;699
699;479;2021;216301.0;35779
700;480;2022;4334214.0;668990
701;480;2023;46678.0;7615
702;481;2022;15606842.0;2707038
703;481;2023;158.0;52
704;482;2022;315.0;60
705;483;2024;510267.0;73040
706;484;2021;381.0;62
707;484;2022;241.0;50
708;485;2021;53117.0;9124
709;485;2022;32995.0;5984
710;486;2024;159.0;23
711;487;2023;549216.0;90712
712;487;2024;5422.0;1434
713;487;2025;1048.0;174
714;488;2021;1074.0;187
715;488;2022;5.0;1
716;488;2025;290.0;43
717;489;2025;215.0;31
718;490;2022;22429.0;4451
719;491;2022;598527.0;88324
720;491;2023;2710.0;521
721;492;2022;1049036.0;159845
722;492;2023;251.0;54
723;493;2025;3274.0;596
724;494;2022;95.0;19
725;495;2022;489250.0;80053
726;495;2023;151.0;47
727;496;2024;9552.0;1890
728;496;2025;84.0;40
729;497;2025;3737.0;595
730;498;2021;1025363.0;176181
731;499;2022;4747528.0;779890
732;499;2023;1149232.0;186719
733;499;2024;46.0;323
734;500;2024;19105.0;2848
735;500;2025;5543.0;846
736;501;2025;9137.0;1168
737;502;2021;80415.0;14154
738;502;2022;315.0;89
739;503;2023;9791499.0;1439146
740;503;2024;3286882.0;483445
741;504;2024;195773.0;33371
742;504;2025;149.0;27
743;505;2024;69077.0;11922
744;505;2025;2324.0;438
745;506;2021;992014.0;171104
746;506;2022;9.0;3
747;507;2023;71618.0;12040
748;508;2023;1346063.0;207719
749;508;2024;1020.0;324
750;509;2021;3336892.0;528523
751;509;2022;945988.0;151474
752;509;2023;29.0;4
753;509;2024;330.0;60
754;510;2021;2439.0;622
755;511;2023;4803875.0;803351
756;511;2024;135.0;351
757;512;2025;2899613.0;438644
758;513;2022;1197.0;171
759;513;2023;225.0;30
760;514;2023;442.0;147
761;515;2025;15925.0;2470
762;516;2022;440228.0;80107
763;517;2023;126364.0;23118
764;518;2025;1783277.0;276083
765;519;2022;119312.0;20066
766;519;2023;430.0;151
767;520;2023;279491.0;46109
768;521;2022;56.0;14
769;522;2025;438951.0;68524
770;523;2022;2096725.0;360169
771;523;2023;359.0;146
772;524;2023;617181.0;100448
773;524;2024;377.0;96
774;525;2025;1122589.0;169651
775;526;2022;61095.0;10057
776;526;2023;118.0;148
777;527;2021;3367.0;569
778;527;2022;572.0;131
779;528;2022;25.0;7
780;529;2022;504736.0;90769
781;530;2025;2925496.0;454350
782;531;2021;20684.0;3428
783;532;2022;5725147.0;907628
784;532;2023;2187.0;554
785;533;2022;1293.0;262
786;534;2025;335027.0;49946
787;535;2023;232628.0;39413
788;536;2023;26070.0;4124
789;536;2024;519.0;81
790;536;2025;99.0;17
791;537;2021;2599.0;376
792;538;2021;69.0;23
793;539;2025;2718.0;522
794;540;2024;33483.0;5245
795;540;2025;87.0;16
796;541;2021;176.0;68
797;542;2023;187.0;26
798;543;2024;3518.0;625
799;544;2025;202625.0;35652
800;545;2025;147.0;41
801;546;2021;297.0;70
802;547;2024;43845.0;8052
803;547;2025;193.0;35
804;548;2023;277.0;89
805;548;2024;817.0;272
806;548;2025;18.0;6
807;549;2024;2082.0;363
808;550;2023;9.0;2
809;551;2024;336656.0;55364
810;551;2025;3601.0;1003
811;552;2021;50.0;10
812;553;2021;1020.0;153
813;554;2021;80.0;20
814;554;2022;266.0;62
815;555;2021;46.0;22
816;556;2022;19.0;4
817;557;2022;4998.0;948
818;557;2023;204.0;149
819;558;2024;8415.0;1271
820;559;2021;532.0;103
821;560;2021;177.0;37
822;561;2021;456.0;92
823;562;2023;11888158.0;1975785
824;562;2024;9318.0;2130
825;563;2023;1203.0;204
826;564;2022;120.0;20
827;564;2024;832.0;137
828;565;2021;32122.0;5030
829;566;2022;3964.0;766
830;566;2023;11959.0;2071
831;566;2024;58.0;10
832;567;2021;3792.0;567
833;568;2022;471.0;66
834;569;2023;2436.0;465
835;570;2025;931571.0;145213
836;571;2024;84.0;20
837;572;2025;3311753.0;489967
838;573;2021;7.0;1
839;574;2024;1412468.0;236505
840;574;2025;2814.0;1189
841;575;2022;555.0;106
842;575;2023;393.0;63
843;576;2024;1499427.0;239178
844;576;2025;129.0;37
845;577;2025;421.0;74
846;578;2023;794.0;148
847;579;2021;26053.0;4652
848;579;2023;248.0;148
849;580;2024;1157179.0;177774
850;580;2025;176965.0;27738
851;581;2025;1262.0;229
852;582;2024;135613.0;23908
853;582;2025;3464.0;988
854;583;2024;1200.0;227
855;583;2025;140.0;46
856;584;2022;410.0;71
857;585;2022;716.0;104
858;585;2023;94.0;19
859;585;2024;195.0;63
860;586;2025;1552358.0;232516
861;587;2024;15757.0;2624
862;588;2025;6680.0;1029
863;589;2021;68567.0;13894
864;589;2022;1667.0;366
865;589;2023;152.0;26
866;589;2024;244.0;61
867;590;2025;122528.0;19162
868;591;2022;162.0;56
869;591;2025;972.0;214
870;592;2021;535.0;125
871;593;2023;1261.0;213
872;594;2022;760807.0;122813
873;595;2023;245.0;75
874;596;2021;3034.0;568
875;597;2023;7293.0;1210
876;597;2024;1949.0;288
877;597;2025;667.0;94
878;598;2021;51.0;15
879;599;2025;13406008.0;2043434
880;600;2022;4.0;107
881;600;2023;1017.0;146
882;601;2024;593.0;135
883;602;2021;465.0;80
884;603;2024;50.0;8
885;604;2022;6429.0;1048
886;604;2023;193.0;48
887;605;2021;208.0;208
888;605;2024;477.0;241
889;605;2025;736.0;163
890;606;2025;877595.0;138313
891;607;2025;1354.0;450
892;608;2025;55399.0;8409
893;609;2024;14.0;8
894;609;2025;304.0;63
895;610;2022;6989.0;1269
896;611;2025;190884.0;26271
897;612;2021;58.0;10
898;613;2021;175.0;35
899;613;2022;3303.0;751
900;613;2023;530.0;105
901;613;2024;1040.0;258
902;613;2025;151.0;69
903;614;2022;872.0;220
904;615;2021;7563.0;1450
905;615;2022;136.0;34
906;616;2022;270.0;176
907;616;2024;628.0;112
908;617;2021;367.0;72
909;618;2021;744.0;109
910;619;2022;1790.0;335
911;619;2023;191.0;176
912;620;2023;1418.0;585
913;621;2021;1491.0;173
914;622;2025;205.0;62
915;623;2021;486.0;135
916;624;2022;1408.0;257
917;625;2022;91509.0;16293
918;625;2023;164154.0;28901
919;626;2024;241.0;35
920;627;2021;602.0;115
921;628;2023;6753.0;1140
922;629;2022;6.0;1
923;630;2023;249.0;175
924;630;2024;16.0;4
925;630;2025;15.0;5
926;631;2022;497.0;71
927;632;2023;475.0;95
928;633;2023;756.0;154
929;633;2024;926.0;147
930;634;2024;5061.0;1228
931;634;2025;1496.0;429
932;635;2023;15642.0;2877
933;635;2024;782.0;137
934;636;2023;175.0;50
935;637;2024;320249.0;51185
936;638;2022;690.0;138
937;639;2025;522.0;106
938;640;2021;165.0;55
939;641;2025;309144.0;46951
940;642;2021;10039.0;1833
941;642;2022;30.0;6
942;643;2023;2261.0;280
943;644;2025;2876.0;425
944;645;2021;62.0;39
945;646;2021;18192.0;3483
946;646;2024;23.0;4
947;647;2021;69584.0;10795
948;648;2022;1850.0;185
949;649;2022;549.0;160
950;650;2022;28.0;4
951;651;2024;9286.0;1473
952;651;2025;315.0;63
953;652;2023;820.0;136
954;653;2021;15106.0;2488
955;654;2025;497.0;71
956;655;2021;109508.0;20167
957;656;2024;195979.0;29215
958;657;2023;5787.0;1043
959;658;2025;63.0;18
960;659;2022;184039.0;29701
961;660;2023;5915965.0;960628
962;660;2024;1537.0;1007
963;661;2021;1021719.0;156723
964;662;2021;314.0;57
965;663;2023;1872.0;450
966;664;2021;641.0;95
967;664;2022;916.0;171
968;665;2025;29683.0;4404
969;666;2021;19557.0;3290
970;666;2022;300.0;100
971;667;2022;10190.0;1701
972;668;2022;865252.0;136976
973;669;2023;175.0;39
974;670;2023;34053.0;5780
975;671;2022;44861.0;7710
976;671;2023;430.0;115
977;672;2022;18695.0;3331
978;673;2023;79.0;20
979;674;2021;1655.0;248
980;675;2024;30316.0;5439
981;676;2021;63.0;7
982;677;2022;113.0;120
983;677;2023;2111.0;843
984;678;2021;930.0;254
985;678;2022;64950.0;11419
986;678;2025;1890.0;134
987;679;2022;21.0;5
988;680;2022;914.0;136
989;680;2023;126.0;38
990;681;2024;844.0;152
991;682;2022;896.0;142
992;683;2024;2011.0;349
993;683;2025;12883.0;2308
994;684;2021;25.0;5
995;685;2021;316.0;45
996;685;2022;106.0;49
997;685;2025;549.0;183
998;686;2022;18.0;6
999;687;2021;8779.0;1596
1000;687;2022;701.0;74
1001;687;2024;244.0;138
1002;687;2025;1103.0;194
1003;688;2025;134062.0;20008
1004;689;2023;1939.0;344
1005;689;2024;82.0;17
1006;690;2021;128.0;26
1007;691;2023;1156.0;220
1008;691;2024;310.0;52
1009;692;2023;39.0;6
1010;692;2024;105.0;18
1011;693;2021;162.0;81
1012;694;2025;1581015.0;236597
1013;695;2025;633741.0;95821
1014;696;2022;493.0;92
1015;697;2021;395.0;92
1016;698;2023;1200.0;150
1017;699;2025;23909.0;4030
1018;700;2024;390.0;60
1019;701;2021;297321.0;46170
1020;701;2022;2329.0;474
1021;702;2021;14.0;6
1022;703;2022;145.0;29
1023;704;2024;169298.0;23937
1024;704;2025;277128.0;41228
1025;705;2023;442292.0;65728
1026;705;2024;5476.0;1123
1027;705;2025;717.0;103
1028;706;2022;689.0;117
1029;707;2025;510.0;102
1030;708;2023;53344.0;8828
1031;709;2023;417.0;81
1032;709;2024;312.0;39
1033;709;2025;200.0;38
1034;710;2025;689219.0;105870
1035;711;2025;55495.0;8704
1036;712;2021;243.0;81
1037;712;2022;112.0;20
1038;713;2022;1003.0;173
1039;714;2025;23.0;3
1040;715;2023;1011.0;215
1041;716;2021;41.0;12
1042;717;2023;441.0;74
1043;717;2024;66.0;22
1044;718;2022;344.0;44
1045;719;2021;2600.0;451
1046;720;2021;119.0;22
1047;721;2025;1406.0;271
1048;722;2022;85167.0;13778
1049;722;2023;1996.0;287
1050;722;2024;1366.0;215
1051;723;2023;1206.0;169
1052;724;2021;706.0;111
1053;724;2023;16.0;3
1054;725;2025;1759.0;338
1055;726;2024;548.0;74
1056;727;2024;2687.0;399
1057;728;2021;2236.0;468
1058;728;2022;301.0;65
1059;728;2023;164.0;41
1060;728;2025;160.0;40
1061;729;2023;650.0;186
1062;729;2025;416.0;99
1063;730;2023;511.0;126
1064;731;2022;12495.0;2148
1065;732;2025;16.0;4
1066;733;2022;561.0;255
1067;733;2023;87.0;27
1068;734;2025;3555.0;866
1069;735;2021;2792.0;516
1070;736;2024;13442979.0;2179045
1071;737;2024;659.0;85
1072;738;2024;412.0;60
1073;738;2025;50.0;8
1074;739;2022;186.0;27
1075;739;2023;694.0;188
1076;740;2021;47.0;22
1077;741;2024;2238.0;356
1078;742;2024;925.0;185
1079;743;2024;82.0;112
1080;744;2022;168.0;24
1081;745;2025;161354.0;25914
1082;746;2023;348.0;58
1083;747;2025;1098.0;161
1084;748;2021;203.0;38
1085;749;2024;746.0;171
1086;750;2025;1055.0;200
1087;751;2025;738.0;124
1088;752;2025;22303.0;3677
1089;753;2025;77019.0;12348
1090;754;2022;192.0;51
1091;754;2023;13246.0;2554
1092;754;2024;1072.0;201
1093;755;2025;175187.0;27208
1094;756;2024;942.0;159
1095;756;2025;450.0;68
1096;757;2025;822109.0;126975
1097;758;2025;253.0;62
1098;759;2023;87.0;16
1099;760;2023;504.0;82
1100;760;2024;90.0;18
1101;761;2024;357.0;84
1102;762;2022;1888.0;398
1103;762;2023;1583.0;301
1104;763;2021;114.0;18
1105;764;2024;1412.0;383
1106;765;2023;89.0;17
1107;766;2025;3974083.0;597938
1108;767;2025;734954.0;122890
1109;768;2021;1898.0;395
1110;768;2022;325.0;49
1111;769;2021;9529.0;1746
1112;769;2022;1248.0;348
1113;770;2022;5830.0;1025
1114;770;2023;469.0;91
1115;771;2023;7417977.0;1245648
1116;771;2024;566.0;177
1117;772;2024;119532.0;19704
1118;773;2025;1295.0;294
1119;774;2025;636712.0;102883
1120;775;2024;2045.0;409
1121;776;2022;4059.0;755
1122;776;2023;12035.0;2248
1123;777;2025;1227314.0;211688
1124;778;2021;546.0;197
1125;778;2023;138.0;41
1126;779;2024;2027017.0;292513
1127;779;2025;69721.0;10301
1128;780;2025;134775.0;21384
1129;781;2021;1181161.0;216848
1130;781;2022;4015.0;1073
1131;781;2023;400.0;70
1132;782;2021;55.0;26
1133;783;2024;540000.0;75615
1134;783;2025;749413.0;111550
1135;784;2023;524.0;89
1136;785;2024;647596.0;91941
1137;785;2025;295681.0;45405
1138;786;2021;2412.0;432
1139;786;2022;2713.0;442
1140;787;2025;3606931.0;587645
1141;788;2024;4115.0;666
1142;789;2023;230.0;71
1143;790;2023;40147.0;7702
1144;790;2024;479.0;84
1145;791;2025;4739.0;759
1146;792;2024;8108000.0;1274000
1147;792;2025;1583340.0;244504
1148;793;2021;8285.0;1654
1149;793;2022;66.0;12
1150;794;2023;182.0;137
1151;794;2024;371.0;65
1152;795;2025;138443.0;20662
1153;796;2025;647170.0;95043
1154;797;2022;81.0;24
1155;798;2021;268.0;35
1156;799;2025;741.0;162
1157;800;2025;1649.0;256
1158;801;2021;1471.0;242
1159;802;2023;2731.0;565
1160;802;2024;1489.0;262
1161;803;2021;7034.0;1162
1162;804;2022;364.0;60
1163;805;2021;718.0;110
1164;805;2022;924.0;162
1165;805;2024;166.0;32
1166;805;2025;203.0;38
1167;806;2021;139.0;23
1168;806;2022;470.0;90
1169;806;2025;534.0;76
1170;807;2025;3946830.0;628500
1171;808;2022;616.0;101
1172;809;2025;66619.0;11055
1173;810;2022;65.0;13
1174;811;2021;407.0;59
1175;811;2022;241.0;39
1176;812;2023;1216.0;216
1177;813;2023;30160.0;4633
1178;813;2024;365.0;81
1179;814;2024;2515.0;435
1180;815;2025;10411.0;1678
1181;816;2023;73286.0;11971
1182;816;2024;284.0;54
1183;817;2024;16288.0;2368
1184;818;2025;9153.0;1283
1185;819;2025;744254.0;127776
1186;820;2021;449.0;85
1187;821;2023;8303.0;1342
1188;821;2024;16646.0;2503
1189;821;2025;725.0;223
1190;822;2022;181.0;122
1191;822;2023;88.0;16
1192;823;2025;531074.0;75353
1193;824;2021;200.0;26
1194;825;2023;6492.0;993
1195;826;2024;382.0;56
1196;827;2021;42.0;14
1197;828;2021;544.0;136
1198;829;2022;38.0;11
1199;830;2025;1453.0;252
1200;831;2024;182.0;28
1201;832;2021;240.0;48
1202;833;2021;859.0;190
1203;833;2022;138.0;181
1204;834;2025;8215.0;1732
1205;835;2022;1387.0;212
1206;836;2021;523.0;125
1207;837;2024;2430999.0;395778
1208;837;2025;10628.0;1976
1209;838;2024;3223.0;582
1210;838;2025;1228.0;204
1211;839;2025;24.0;5
1212;840;2022;7690.0;1306
1213;840;2023;136.0;39
1214;841;2025;254.0;71
1215;842;2025;754.0;164
1216;843;2022;42601.0;7170
1217;843;2024;315.0;44
1218;844;2023;218473.0;35596
1219;844;2024;1097.0;203
1220;845;2021;187.0;29
1221;845;2022;124.0;24
1222;846;2023;693.0;143
1223;846;2025;1977.0;353
1224;847;2021;1292.0;180
1225;848;2023;706.0;154
1226;849;2022;244.0;110
1227;850;2021;1282.0;224
1228;851;2021;14064.0;2541
1229;851;2022;2380.0;388
1230;852;2022;36.0;10
1231;853;2024;168.0;89
1232;854;2021;159789.0;27653
1233;855;2024;478359.0;64378
1234;856;2021;52.0;12
1235;857;2025;2850.0;619
1236;858;2025;45314.0;9353
1237;859;2022;266.0;30
1238;859;2023;565.0;84
1239;860;2022;415.0;67
1240;861;2023;132.0;44
1241;862;2024;3013.0;474
1242;862;2025;432.0;208
1243;863;2023;7000.0;886
1244;864;2023;678.0;107
1245;865;2022;295530.0;50076
1246;866;2022;4618.0;976
1247;866;2024;404.0;79
1248;867;2025;1645.0;240
1249;868;2022;149.0;214
1250;868;2025;362.0;79
1251;869;2021;702.0;137
1252;870;2022;61.0;18
1253;871;2025;111.0;17
1254;872;2022;4495.0;729
1255;872;2023;20.0;10
1256;872;2024;297.0;43
1257;873;2024;980.0;153
1258;874;2025;247.0;133
1259;875;2025;63.0;9
1260;876;2025;696.0;147
1261;877;2023;2034.0;370
1262;877;2024;161.0;167
1263;878;2022;6894.0;1225
1264;878;2023;101.0;29
1265;879;2023;364.0;373
1266;880;2023;1036.0;174
1267;881;2025;816.0;118
1268;882;2025;5.0;1
1269;883;2021;3724.0;632
1270;883;2022;79.0;38
1271;884;2023;8989.0;1485
1272;885;2021;153.0;24
1273;886;2025;1249.0;305
1274;887;2024;1866.0;357
1275;888;2025;5.0;1
1276;889;2023;8517.0;1424
1277;890;2024;1811.0;298
1278;890;2025;320.0;74
1279;891;2025;872.0;133
1280;892;2025;6862.0;1165
1281;893;2025;3092.0;471
1282;894;2022;733288.0;117824
1283;895;2021;224.0;32
1284;895;2022;132.0;41
1285;896;2024;2758.0;503
1286;897;2023;2532.0;389
1287;898;2021;294.0;69
1288;898;2023;598.0;96
1289;898;2024;380.0;69
1290;898;2025;2237.0;357
1291;899;2023;193.0;35
1292;900;2022;7844.0;1460
1293;901;2025;1415112.0;222876
1294;902;2025;255.0;56
1295;903;2023;2978.0;470
1296;903;2024;252.0;74
1297;904;2025;142402.0;19536
1298;905;2023;6758.0;996
1299;906;2021;520.0;89
1300;907;2022;461.0;97
1301;908;2021;286.0;53
1302;909;2021;541.0;128
1303;909;2023;906.0;177
1304;909;2025;1247.0;307
1305;910;2023;223909.0;48442
1306;910;2024;476.0;69
1307;911;2024;13616.0;2447
1308;911;2025;98.0;16
1309;912;2025;3552.0;605
1310;913;2023;136.0;55
1311;913;2024;2901.0;528
1312;913;2025;505.0;129
1313;914;2024;94.0;27
1314;915;2024;273.0;135
1315;916;2023;122.0;31
1316;917;2021;399.0;59
1317;918;2025;14.0;4
1318;919;2023;144.0;69
1319;920;2024;973.0;137
1320;921;2023;140.0;28
1321;921;2024;417.0;74
1322;922;2025;1532.0;310
1323;923;2024;1961118.0;297035
1324;923;2025;2283.0;814
1325;924;2023;622.0;152
1326;924;2024;758.0;120
1327;925;2021;34540.0;5867
1328;926;2025;72.0;13
1329;927;2025;10220.0;1885
1330;928;2022;7430.0;1234
1331;928;2023;1697.0;299
1332;928;2024;510.0;79
1333;929;2021;204.0;38
1334;929;2022;58.0;12
1335;930;2024;30021.0;5139
1336;930;2025;903.0;153
1337;931;2025;81.0;26
1338;932;2022;1376.0;202
1339;933;2023;1389.0;233
1340;934;2023;2006.0;336
1341;934;2024;1252.0;306
1342;935;2024;15.0;3
1343;936;2025;413.0;83
1344;937;2025;2116.0;332
1345;938;2025;16223.0;2307
1346;939;2023;236659.0;38124
1347;939;2024;590.0;118
1348;939;2025;1771.0;269
1349;940;2025;1482.0;287
1350;941;2021;84.0;21
1351;942;2023;483.0;81
1352;943;2024;61.0;13
1353;944;2023;2362.0;483
1354;944;2024;32.0;6
1355;945;2022;31058.0;4806
1356;945;2023;6759.0;931
1357;946;2022;13.0;2
1358;947;2024;762.0;177
1359;947;2025;8032.0;1383
1360;948;2022;71.0;11
1361;949;2025;165.0;51
1362;950;2023;212.0;35
1363;951;2022;85288.0;13044
1364;951;2023;1376.0;197
1365;952;2025;4060.0;616
1366;953;2022;75577.0;12808
1367;953;2024;200.0;40
1368;954;2023;17226.0;2889
1369;955;2025;53.0;16
1370;956;2021;1696.0;434
1371;956;2022;2395.0;601
1372;957;2023;164.0;37
1373;958;2025;93.0;16
1374;959;2023;1431.0;227
1375;959;2024;463.0;102
1376;960;2023;4583.0;774
1377;961;2023;20.0;4
1378;962;2022;117.0;24
1379;962;2023;2448.0;438
1380;963;2022;1694.0;300
1381;964;2022;1188.0;201
1382;964;2023;16.0;3
1383;965;2022;1098.0;206
1384;966;2024;10810.0;1645
1385;966;2025;939.0;291
1386;967;2025;33.0;5
1387;968;2023;322.0;53
1388;969;2025;12288.0;2125
1389;970;2025;175129.0;28423
1390;971;2021;3729.0;605
1391;972;2024;14.0;4
1392;973;2023;262.0;73
1393;973;2024;944.0;147
1394;973;2025;170.0;31
1395;974;2025;3360.0;625
1396;975;2025;301605.0;46700
1397;976;2024;855.0;285
1398;976;2025;547.0;103
1399;977;2022;31.0;5
1400;978;2024;1376.0;249
1401;979;2025;864.0;113
1402;980;2024;25.0;7
1403;981;2024;9527.0;1630
1404;981;2025;6945.0;477
1405;982;2025;3895.0;575
1406;983;2021;36.0;10
1407;984;2022;1176.0;196
1408;984;2023;98.0;15
1409;985;2025;15135.0;3041
1410;986;2023;1019.0;188
1411;987;2024;24.0;4
1412;988;2025;27139.0;3795
1413;989;2024;26527.0;4072
1414;989;2025;792.0;133
1415;990;2021;151.0;25
1416;991;2025;1118.0;162
1417;992;2025;1390.0;226
1418;993;2024;2885.0;509
1419;994;2024;5767.0;1065
1420;995;2025;229.0;50
1421;996;2025;318.0;82
1422;997;2021;227.0;49
1423;998;2025;65.0;8
1424;999;2024;7971.0;1320
1425;1000;2024;1150.0;230
1426;1001;2023;11.0;2
1427;1001;2025;60.0;16
1428;1002;2021;425.0;121
1429;1003;2025;460.0;120
1430;1004;2025;11143.0;1869
1431;1005;2021;1599.0;228
1432;1006;2024;523.0;121
1433;1006;2025;177.0;32
1434;1007;2024;6982.0;1073
1435;1008;2022;91.0;33
1436;1009;2024;49253.0;8392
1437;1009;2025;105.0;21
1438;1010;2024;7.0;2
1439;1011;2022;171.0;29
1440;1012;2024;153.0;31
1441;1013;2025;212923.0;26577
1442;1014;2025;2750.0;407
1443;1015;2022;579773.0;99876
1444;1015;2023;1053.0;207
1445;1016;2021;2330.0;606
1446;1017;2024;5924.0;963
1447;1017;2025;312.0;52
1448;1018;2024;241.0;38
1449;1019;2025;918.0;202
1450;1020;2025;57.0;9
1451;1021;2023;1244.0;209
1452;1022;2022;115.0;21
1453;1023;2025;54400.0;9175
1454;1024;2025;260.0;34
1455;1025;2024;52750.0;7446
1456;1026;2025;4039.0;625
1457;1027;2025;16803.0;2550
1458;1028;2025;25534.0;4355
1459;1029;2023;2943.0;531
1460;1030;2025;922.0;155
1461;1031;2025;120800.0;18134
1462;1032;2021;418.0;107
1463;1033;2025;643.0;145
1464;1034;2025;9875.0;1701
1465;1035;2022;739.0;130
1466;1036;2025;15.0;5
1467;1037;2021;10434.0;2034
1468;1038;2025;5472.0;910
1469;1039;2025;3445.0;580
1470;1040;2024;56.0;16
1471;1041;2025;11.0;20
1472;1042;2025;339.0;47
1473;1043;2025;165.0;23
1474;1044;2021;1796.0;291
1475;1045;2025;10795.0;1769
1476;1046;2024;3974.0;683
1477;1047;2025;105.0;30
1478;1048;2025;641.0;109
1479;1049;2023;35994.0;6337
1480;1049;2024;3263.0;751
1481;1049;2025;884.0;163
1482;1050;2022;1225.0;164
1483;1051;2025;25.0;5
1484;1052;2025;218.0;33
1485;1053;2024;394.0;130
1486;1054;2021;75.0;26
1487;1054;2025;216.0;38
1488;1055;2025;819.0;178
1489;1056;2025;294.0;37
1490;1057;2025;639.0;94
1491;1058;2023;105109.0;17304
1492;1058;2024;176.0;44
1493;1059;2024;1290.0;772
1494;1060;2022;340.0;62
1495;1060;2024;1744.0;431
1496;1061;2025;11.0;5
1497;1062;2023;391703.0;66185
1498;1062;2024;3784.0;959
1499;1062;2025;83.0;15
1500;1063;2025;4035.0;550
1501;1064;2024;338.0;82
1502;1065;2021;464.0;161
1503;1065;2022;93.0;23
1504;1065;2024;139.0;35
1505;1066;2021;53.0;9
1506;1067;2023;854.0;190
1507;1068;2023;258.0;35
1508;1068;2024;644.0;134
1509;1068;2025;64.0;16
1510;1069;2025;471.0;69
1511;1070;2024;42.0;12
1512;1071;2021;2487.0;420
1513;1072;2025;1404.0;268
1514;1073;2024;52.0;15
1515;1074;2021;82.0;15
1516;1074;2024;283.0;45
1517;1074;2025;1011.0;195
1518;1075;2021;336.0;48
1519;1076;2022;174752.0;29236
1520;1076;2023;5337.0;1560
1521;1077;2021;130827.0;21763
1522;1077;2022;406.0;78
1523;1077;2024;37.0;6
1524;1078;2021;829.0;137
1525;1079;2023;1969.0;398
1526;1080;2025;557.0;92
1527;1081;2021;21943.0;3772
1528;1081;2022;378.0;97
1529;1081;2023;165.0;33
1530;1082;2021;114.0;19
1531;1083;2022;347.0;66
1532;1084;2021;120.0;30
1533;1085;2024;552.0;86
1534;1086;2025;8953.0;1625
1535;1087;2025;64.0;11
1536;1088;2025;1186.0;329
1537;1089;2025;111.0;33
1538;1090;2021;93.0;31
1539;1091;2025;461.0;60
1540;1092;2023;289.0;64
1541;1093;2022;112.0;61
1542;1094;2025;6710.0;1044
1543;1095;2025;183152.0;28152
1544;1096;2021;1326.0;350
1545;1096;2022;510.0;99
1546;1097;2023;348.0;99
1547;1098;2023;271.0;51
1548;1099;2025;3002.0;446
1549;1100;2024;98.0;28
1550;1101;2025;9.0;2
1551;1102;2025;25918.0;4205
1552;1103;2023;868.0;127
1553;1103;2024;2008.0;325
1554;1104;2025;6537.0;1058
1555;1105;2021;140.0;27
1556;1106;2025;38229.0;6039
1557;1107;2021;7.0;1
1558;1108;2025;12225.0;2102
1559;1109;2024;256.0;86
1560;1110;2025;116.0;33
1561;1111;2025;2522.0;451
1562;1112;2025;126.0;33
1563;1113;2022;237.0;99
1564;1114;2024;103816.0;18163
1565;1115;2025;15461.0;2693
1566;1116;2025;827576.0;124798
1567;1117;2023;211.0;37
1568;1117;2025;27.0;6
1569;1118;2022;42.0;13
1570;1119;2025;313.0;344
1571;1120;2023;105.0;30
1572;1121;2022;45.0;10
1573;1121;2023;5.0;1
1574;1122;2022;993.0;157
1575;1123;2023;2877.0;638
1576;1124;2024;66763.0;11844
1577;1124;2025;2782.0;662
1578;1125;2024;359.0;55
1579;1126;2021;42.0;44
1580;1127;2024;59.0;8
1581;1128;2024;161.0;53
1582;1129;2022;252.0;53
1583;1130;2021;174.0;33
1584;1131;2025;3656.0;540
1585;1132;2022;432.0;78
1586;1133;2024;2802.0;418
1587;1133;2025;311.0;114
1588;1134;2024;285.0;20
1589;1135;2024;188.0;34
1590;1136;2022;19410.0;3495
1591;1136;2023;2688.0;585
1592;1137;2023;335.0;70
1593;1138;2022;52.0;15
1594;1138;2025;179.0;51
1595;1139;2023;5.0;1
1596;1139;2025;26.0;6
1597;1140;2021;160.0;40
1598;1140;2022;360.0;77
1599;1141;2025;8522.0;1344
1600;1142;2024;252.0;63
1601;1143;2024;7982.0;1632
1602;1144;2023;777.0;174
1603;1145;2024;90304.0;14183
1604;1145;2025;234.0;113
1605;1146;2023;97.0;18
1606;1147;2021;240946.0;37591
1607;1147;2022;8154.0;1245
1608;1148;2022;122.0;35
1609;1149;2025;46.0;13
1610;1150;2022;28.0;8
1611;1151;2025;99.0;33
1612;1152;2022;104.0;18
1613;1153;2024;435.0;92
1614;1154;2021;391.0;72
1615;1155;2025;1062.0;195
1616;1156;2023;37743.0;6570
1617;1157;2022;7205.0;1285
1618;1157;2023;184.0;94
1619;1158;2025;2877.0;939
1620;1159;2025;1777.0;349
1621;1160;2021;242.0;39
1622;1160;2022;197.0;34
1623;1161;2023;459.0;72
1624;1162;2021;53224.0;9456
1625;1163;2025;4026.0;639
1626;1164;2025;249.0;83
1627;1165;2021;41.0;9
1628;1165;2023;174.0;41
1629;1166;2022;737.0;267
1630;1167;2025;1007.0;220
1631;1168;2021;125764.0;22373
1632;1169;2024;507.0;102
1633;1170;2021;77.0;10
1634;1171;2022;242733.0;41806
1635;1171;2023;1751.0;575
1636;1171;2024;205.0;33
1637;1172;2024;11069.0;1858
1638;1173;2021;57061.0;11078
1639;1173;2022;400.0;146
1640;1174;2024;91.0;26
1641;1175;2023;7297.0;1890
1642;1176;2023;1230.0;213
1643;1177;2021;814.0;169
1644;1178;2024;116193.0;19675
1645;1179;2023;475.0;99
1646;1180;2021;6137.0;1084
1647;1180;2022;200.0;29
1648;1180;2023;31.0;8
1649;1180;2024;614.0;189
1650;1181;2021;2107.0;344
1651;1182;2024;118231.0;19470
1652;1182;2025;410.0;90
1653;1183;2024;238123.0;38233
1654;1184;2022;639.0;97
1655;1185;2024;833.0;154
1656;1186;2022;3525771.0;556338
1657;1186;2023;3276371.0;511766
1658;1186;2024;854.0;285
1659;1186;2025;144.0;36
1660;1187;2021;5628247.0;887897
1661;1187;2022;555511.0;85096
1662;1188;2023;235.0;47
1663;1189;2025;1185.0;212
1664;1190;2023;400.0;68
1665;1190;2024;122.0;19
1666;1191;2025;110.0;22
1667;1192;2022;1410.0;294
1668;1193;2022;30842.0;4989
1669;1194;2025;776.0;161
1670;1195;2023;331.0;99
1671;1195;2024;500.0;88
1672;1196;2024;320.0;80
1673;1197;2024;426.0;91
1674;1198;2022;303.0;126
1675;1198;2023;13675.0;2353
1676;1199;2023;51302.0;8712
1677;1199;2024;525.0;358
1678;1200;2023;1101997.0;172426
1679;1201;2023;86.0;16
1680;1202;2021;803.0;153
1681;1203;2025;1676.0;367
1682;1204;2025;26907.0;5913
1683;1205;2022;701.0;111
1684;1205;2023;661.0;121
1685;1205;2024;10.0;2
1686;1206;2024;25333.0;4280
1687;1207;2023;3816303.0;600083
1688;1207;2024;211936.0;32028
1689;1208;2023;68.0;13
1690;1209;2021;2618.0;1676
1691;1210;2022;316.0;48
1692;1211;2024;165301.0;28670
1693;1211;2025;163.0;62
1694;1212;2023;149549.0;24217
1695;1213;2024;7022.0;1226
1696;1214;2021;875.0;185
1697;1214;2022;83.0;62
1698;1215;2025;42.0;16
1699;1216;2023;96.0;15
1700;1216;2024;110.0;54
1701;1217;2022;31.0;9
1702;1218;2021;208.0;49
1703;1219;2022;62039.0;10576
1704;1220;2025;113411.0;18512
1705;1221;2024;18967.0;3196
1706;1221;2025;444.0;97
1707;1222;2025;107.0;27
1708;1223;2023;622.0;95
1709;1224;2025;908.0;183
1710;1225;2025;5902.0;1067
1711;1226;2023;283.0;63
1712;1226;2024;297.0;54
1713;1227;2025;4815.0;834
1714;1228;2022;96416.0;16489
1715;1228;2023;5770.0;1577
1716;1229;2022;10975.0;1844
1717;1229;2023;843.0;154
1718;1230;2023;14081.0;2339
1719;1231;2021;124.0;22
1720;1231;2025;1136.0;192
1721;1232;2025;12505.0;2097
1722;1233;2024;30.0;6
1723;1233;2025;50.0;10
1724;1234;2024;15603.0;2829
1725;1235;2021;471.0;121
1726;1236;2024;4569.0;739
1727;1236;2025;3889.0;676
1728;1237;2021;318.0;53
1729;1238;2024;1176.0;216
1730;1239;2022;344.0;64
1731;1240;2025;145.0;33
1732;1241;2021;560.0;107
1733;1242;2022;784.0;130
1734;1243;2021;6353.0;1243
1735;1243;2022;308.0;77
1736;1244;2021;116.0;19
1737;1245;2024;375.0;52
1738;1246;2021;76.0;38
1739;1246;2024;37.0;5
1740;1246;2025;92.0;23
1741;1247;2024;5.0;2
1742;1248;2025;60.0;17
1743;1249;2022;866.0;233
1744;1249;2023;440.0;118
1745;1249;2025;522.0;74
1746;1250;2025;423539.0;69030
1747;1251;2023;3571.0;687
1748;1251;2024;729.0;137
1749;1252;2023;2600.0;400
1750;1253;2024;44844.0;8241
1751;1254;2025;9868.0;1659
1752;1255;2023;24447.0;4709
1753;1256;2022;1075486.0;170240
1754;1257;2021;1807.0;310
1755;1257;2023;91.0;28
1756;1257;2025;76.0;13
1757;1258;2021;1748.0;306
1758;1259;2024;54475.0;8203
1759;1260;2023;384908.0;64690
1760;1261;2025;2737.0;236
1761;1262;2024;577693.0;97618
1762;1262;2025;7521.0;1999
1763;1263;2024;4212.0;851
1764;1263;2025;1343.0;216
1765;1264;2023;75963.0;12359
1766;1265;2024;288220.0;46522
1767;1266;2021;460.0;75
1768;1267;2021;16452.0;3168
1769;1267;2022;102.0;34
1770;1268;2024;4162.0;830
1771;1269;2023;1375535.0;221975
1772;1270;2021;10.0;63
1773;1270;2022;582.0;107
1774;1271;2024;1060323.0;157659
1775;1271;2025;15627.0;2340
1776;1272;2024;85836.0;13650
1777;1273;2024;5211627.0;818250
1778;1273;2025;84.0;25
1779;1274;2025;37928.0;6404
1780;1275;2024;108332.0;17031
1781;1275;2025;140.0;35
1782;1276;2023;103392.0;15578
1783;1277;2023;383.0;84
1784;1278;2024;550028.0;89305
1785;1278;2025;22969.0;4580
1786;1279;2025;198.0;30
1787;1280;2021;2944.0;477
1788;1280;2022;5367.0;865
1789;1281;2023;12.0;2
1790;1282;2025;5732.0;1034
1791;1283;2022;70.0;18
1792;1284;2025;284104.0;46612
1793;1285;2022;580.0;139
1794;1286;2023;4676.0;820
1795;1286;2024;645.0;140
1796;1287;2025;247.0;59
1797;1288;2024;374108.0;66029
1798;1288;2025;10408.0;2168
1799;1289;2022;1580.0;271
1800;1290;2021;380905.0;66339
1801;1290;2022;1147.0;337
1802;1290;2023;737.0;137
1803;1290;2024;275.0;50
1804;1290;2025;528.0;96
1805;1291;2024;71738.0;12049
1806;1291;2025;6215.0;1375
1807;1292;2022;6378.0;1058
1808;1293;2025;17.0;4
1809;1294;2025;70.0;20
1810;1295;2022;12.0;3
1811;1295;2023;1908.0;436
1812;1296;2022;710.0;128
1813;1297;2024;4836.0;825
1814;1297;2025;2287.0;350
1815;1298;2023;1022.0;205
1816;1299;2024;440623.0;51860
1817;1300;2021;632.0;123
1818;1301;2025;75.0;15
1819;1302;2025;20.0;9
1820;1303;2021;414.0;87
1821;1303;2023;150.0;30
1822;1304;2023;10.0;5
1823;1305;2021;190.0;38
1824;1306;2021;1814261.0;295223
1825;1306;2022;1957482.0;312163
1826;1307;2024;519.0;97
1827;1308;2021;24899.0;4436
1828;1308;2022;76.0;36
1829;1309;2025;2834.0;518
1830;1310;2021;37543.0;6105
1831;1311;2023;8352.0;1497
1832;1311;2024;195.0;39
1833;1311;2025;901.0;118
1834;1312;2025;78252.0;12949
1835;1313;2021;281.0;53
1836;1313;2023;160.0;40
1837;1313;2024;156.0;39
1838;1313;2025;88.0;21
1839;1314;2021;1707.0;387
1840;1315;2025;32.0;7
1841;1316;2022;265.0;62
1842;1317;2022;718.0;119
1843;1318;2023;137.0;27
1844;1319;2021;5466.0;1109
1845;1319;2025;14.0;2
1846;1320;2023;382.0;44
1847;1321;2021;30.0;6
1848;1322;2023;511.0;87
1849;1322;2024;158.0;31
1850;1323;2023;21874.0;3734
1851;1324;2021;546.0;107
1852;1324;2022;45.0;13
1853;1324;2023;10.0;2
1854;1325;2024;50890.0;8479
1855;1326;2021;99.0;19
1856;1326;2022;270.0;64
1857;1327;2025;480.0;80
1858;1328;2021;82958.0;15061
1859;1329;2022;43.0;11
1860;1329;2023;144.0;72
1861;1330;2023;572.0;103
1862;1331;2023;359.0;70
1863;1332;2025;38371.0;6216
1864;1333;2023;26933.0;4508
1865;1334;2021;2892.0;520
1866;1334;2022;106.0;49
1867;1334;2025;534.0;165
1868;1335;2021;551.0;131
1869;1336;2024;3076.0;650
1870;1336;2025;2028.0;490
1871;1337;2022;34485.0;5851
1872;1338;2024;7125.0;1229
1873;1339;2023;2297.0;353
1874;1339;2024;261.0;44
1875;1340;2025;3309.0;684
1876;1341;2023;74.0;43
1877;1341;2024;5972.0;944
1878;1341;2025;32.0;9
1879;1342;2025;196.0;49
1880;1343;2021;72.0;12
1881;1343;2023;1913.0;492
1882;1343;2024;179.0;43
1883;1344;2024;8212.0;1218
1884;1344;2025;1459.0;311
1885;1345;2021;3522415.0;597700
1886;1346;2025;1188.0;214
1887;1347;2022;207.0;47
1888;1347;2024;461.0;79
1889;1348;2021;2045.0;323
1890;1348;2022;22.0;4
1891;1349;2022;182074.0;31647
1892;1350;2024;303.0;152
1893;1350;2025;3541.0;579
1894;1351;2021;4014.0;672
1895;1351;2022;504.0;72
1896;1352;2023;2961.0;299
1897;1352;2024;326.0;71
1898;1353;2024;488.0;104
1899;1354;2025;28.0;21
1900;1355;2022;32.0;9
1901;1356;2023;49635.0;11111
1902;1356;2024;260.0;123
1903;1356;2025;126.0;55
1904;1357;2022;5984.0;1011
1905;1358;2024;1832.0;345
1906;1359;2024;28.0;10
1907;1360;2023;216346.0;35929
1908;1361;2022;377345.0;61463
1909;1361;2023;10029.0;2680
1910;1362;2025;120279.0;21978
1911;1363;2021;264.0;52
1912;1364;2022;324.0;54
1913;1365;2025;7473.0;1490
1914;1366;2021;179.0;30
1915;1366;2023;49.0;14
1916;1367;2023;127570.0;20668
1917;1368;2024;31080.0;5629
1918;1369;2025;55022.0;9765
1919;1370;2025;1037.0;229
1920;1371;2025;13863.0;2393
1921;1372;2022;20912.0;3896
1922;1373;2024;5265.0;1062
1923;1374;2024;751.0;152
1924;1375;2023;706.0;145
1925;1376;2023;418.0;110
1926;1377;2021;387.0;133
1927;1378;2025;184.0;33
1928;1379;2023;121.0;33
1929;1380;2024;421850.0;68957
1930;1380;2025;2736.0;782
1931;1381;2024;410.0;115
1932;1382;2022;415.0;88
1933;1382;2023;27.0;5
1934;1383;2025;4.0;1
1935;1384;2024;162.0;35
1936;1385;2021;1389.0;409
1937;1386;2022;1788.0;284
1938;1386;2023;243.0;43
1939;1386;2024;342.0;54
1940;1386;2025;332.0;63
1941;1387;2022;401.0;78
1942;1387;2023;496.0;321
1943;1388;2022;175.0;33
1944;1389;2023;280.0;53
1945;1390;2025;48.0;7
1946;1391;2021;476277.0;77382
1947;1391;2022;21110.0;4796
1948;1391;2023;515.0;100
1949;1391;2025;74.0;12
1950;1392;2023;27711.0;4548
1951;1392;2024;789.0;201
1952;1393;2022;97.0;17
1953;1394;2021;108.0;39
1954;1394;2025;278.0;51
1955;1395;2021;9066.0;1782
1956;1396;2021;17824.0;2971
1957;1396;2022;1497.0;526
1958;1397;2022;279.0;64
1959;1398;2021;16447.0;2877
1960;1398;2022;213.0;43
1961;1399;2021;53.0;68
1962;1400;2025;1312.0;212
1963;1401;2025;24141.0;4126
1964;1402;2021;108614.0;19058
1965;1403;2023;110.0;55
1966;1403;2024;85.0;85
1967;1404;2021;32.0;8
1968;1405;2025;27515.0;4240
1969;1406;2024;633.0;119
1970;1407;2024;3802.0;730
1971;1407;2025;291.0;86
1972;1408;2025;15245.0;2666
1973;1409;2025;23.0;5
1974;1410;2022;1612.0;199
1975;1410;2023;144.0;118
1976;1411;2022;110893.0;18705
1977;1411;2024;71.0;13
1978;1412;2025;204739.0;31233
1979;1413;2024;95145.0;15093
1980;1414;2024;290.0;51
1981;1415;2022;2582.0;448
1982;1415;2023;835.0;168
1983;1416;2022;49.0;23
1984;1417;2025;216.0;51
1985;1418;2022;259.0;91
1986;1419;2021;583.0;70
1987;1420;2021;3809.0;641
1988;1420;2025;410.0;63
1989;1421;2025;480.0;133
1990;1422;2021;10280.0;1891
1991;1423;2024;21345.0;3577
1992;1423;2025;17.0;6
1993;1424;2023;451.0;154
1994;1425;2021;31.0;10
1995;1426;2021;21.0;8
1996;1426;2022;585.0;90
1997;1427;2024;2983.0;508
1998;1427;2025;522.0;92
1999;1428;2022;10933.0;2045
2000;1428;2023;279.0;57
2001;1429;2025;30037.0;5259
2002;1430;2023;430.0;75
2003;1430;2024;630.0;90
2004;1431;2023;1180.0;182
2005;1432;2022;3369.0;524
2006;1433;2021;263.0;38
2007;1434;2021;82.0;39
2008;1435;2025;130.0;44
2009;1436;2021;10881.0;1993
2010;1436;2022;24.0;6
2011;1437;2022;1092431.0;175158
2012;1437;2023;6127.0;1735
2013;1437;2024;456.0;152
2014;1438;2025;692.0;107
2015;1439;2021;19297.0;3143
2016;1439;2022;686.0;154
2017;1440;2023;154093.0;25022
2018;1440;2024;3017.0;807
2019;1441;2023;956938.0;157586
2020;1441;2025;400.0;80
2021;1442;2021;330.0;88
2022;1443;2025;571.0;90
2023;1444;2021;50.0;11
2024;1445;2023;131.0;29
2025;1446;2025;357.0;78
2026;1447;2023;105.0;34
2027;1448;2025;1472.0;232
2028;1449;2021;174.0;87
2029;1449;2022;678.0;162
2030;1450;2021;412.0;87
2031;1451;2021;132.0;24
2032;1451;2023;24.0;7
2033;1452;2021;11697.0;1951
2034;1453;2023;231022.0;37215
2035;1453;2024;248958.0;41499
2036;1453;2025;1408.0;249
2037;1454;2022;1284.0;180
2038;1454;2024;144.0;30
2039;1455;2021;58.0;18
2040;1456;2024;506596.0;83444
2041;1456;2025;382.0;149
2042;1457;2023;134.0;29
2043;1457;2024;266.0;271
2044;1457;2025;226.0;116
2045;1458;2021;3492.0;777
2046;1459;2022;3.0;1
2047;1460;2023;4156.0;721
2048;1461;2022;140.0;31
2049;1462;2025;110.0;56
2050;1463;2023;11173.0;1906
2051;1463;2024;1227.0;296
2052;1463;2025;30.0;9
2053;1464;2025;100.0;86
2054;1465;2023;963.0;181
2055;1466;2025;1620.0;281
2056;1467;2025;15267.0;2869
2057;1468;2021;28.0;7
2058;1469;2022;2954.0;556
2059;1469;2023;30.0;6
2060;1470;2024;2986.0;461
2061;1471;2021;1472.0;254
2062;1471;2022;235.0;46
2063;1472;2022;12732.0;2129
2064;1472;2023;957.0;225
2065;1472;2025;98.0;17
2066;1473;2021;50495.0;9228
2067;1474;2021;838.0;175
2068;1475;2021;272517.0;45292
2069;1476;2025;44758.0;8018
2070;1477;2022;1235.0;196
2071;1478;2023;17342.0;3049
2072;1479;2023;3991.0;686
2073;1479;2024;221.0;456
2074;1479;2025;207.0;99
2075;1480;2025;4526.0;673
2076;1481;2023;151.0;31
2077;1482;2025;1175.0;205
2078;1483;2021;249.0;134
2079;1483;2022;2393.0;560
2080;1484;2021;156.0;53
2081;1485;2022;9.0;2
2082;1486;2023;1632.0;309
2083;1487;2023;736712.0;119278
2084;1488;2023;88.0;16
2085;1489;2024;144.0;51
2086;1490;2025;930.0;147
2087;1491;2025;291.0;45
2088;1492;2024;471.0;98
2089;1492;2025;987.0;152
2090;1493;2024;717.0;120
2091;1494;2025;1030.0;165
2092;1495;2025;925.0;131
2093;1496;2024;9841.0;619
2094;1496;2025;2700.0;240
2095;1497;2023;5651.0;923
2096;1497;2024;177.0;73
2097;1498;2025;176.0;47
2098;1499;2025;1645.0;213
2099;1500;2025;2007.0;404
2100;1501;2021;54.0;19
2101;1502;2024;190566.0;31520
2102;1502;2025;767.0;229
2103;1503;2021;122.0;25
2104;1503;2023;360.0;60
2105;1504;2025;345230.0;51092
2106;1505;2023;186.0;53
2107;1505;2024;157.0;21
2108;1506;2021;94.0;32
2109;1507;2021;300.0;72
2110;1508;2022;3144.0;517
2111;1509;2024;539.0;107
2112;1510;2024;1627.0;253
2113;1511;2021;635.0;130
2114;1512;2025;2475.0;358
2115;1513;2023;60.0;17
2116;1514;2025;834.0;127
2117;1515;2024;12545.0;2206
2118;1515;2025;133.0;42
2119;1516;2024;183.0;61
2120;1517;2023;493.0;89
2121;1518;2021;33.0;22
2122;1519;2023;6.0;1
2123;1520;2021;960.0;166
2124;1521;2024;775.0;124
2125;1522;2023;76.0;25
2126;1523;2021;36.0;8
2127;1523;2022;16.0;4
2128;1524;2021;174.0;43
2129;1525;2024;5569.0;847
2130;1526;2023;252.0;249
2131;1527;2025;157.0;29
2132;1528;2023;95.0;19
2133;1529;2022;2332801.0;391387
2134;1529;2023;46757.0;12159
2135;1529;2024;150.0;21
2136;1529;2025;236.0;34
2137;1530;2023;1134.0;157
2138;1531;2025;220.0;22
2139;1532;2021;5379.0;959
2140;1532;2022;24.0;7
2141;1533;2021;3483.0;561
2142;1534;2025;462.0;154
2143;1535;2023;116082.0;18257
2144;1536;2022;16222.0;2791
2145;1536;2023;189.0;92
2146;1537;2025;959.0;159
2147;1538;2021;359.0;67
2148;1538;2022;498.0;119
2149;1539;2023;88.0;22
2150;1540;2024;7571.0;1181
2151;1540;2025;8595.0;1436
2152;1541;2021;309.0;52
2153;1541;2022;147.0;27
2154;1541;2023;60.0;9
2155;1542;2023;656.0;102
2156;1542;2024;33.0;6
2157;1543;2022;14351.0;2326
2158;1543;2023;5201.0;812
2159;1543;2024;436.0;80
2160;1543;2025;294.0;56
2161;1544;2025;168.0;53
2162;1545;2021;31.0;5
2163;1546;2024;2002.0;350
2164;1547;2025;80.0;14
2165;1548;2024;35502.0;6043
2166;1549;2024;22183.0;4022
2167;1549;2025;10059.0;2086
2168;1550;2024;8506.0;1575
2169;1551;2023;20511.0;2956
2170;1552;2025;283.0;52
2171;1553;2021;206.0;70
2172;1554;2023;743.0;245
2173;1554;2024;647.0;98
2174;1554;2025;197.0;28
2175;1555;2022;2748.0;473
2176;1556;2023;91656.0;14267
2177;1557;2025;213.0;49
2178;1558;2022;46835.0;9973
2179;1558;2023;3640.0;1059
2180;1558;2024;240.0;96
2181;1559;2024;1597.0;324
2182;1560;2023;4212.0;732
2183;1561;2021;19284.0;3502
2184;1561;2022;2397.0;424
2185;1561;2023;598.0;115
2186;1562;2023;197.0;62
2187;1563;2022;502.0;115
2188;1564;2023;1232.0;411
2189;1565;2021;2558.0;415
2190;1566;2022;6709.0;1162
2191;1567;2025;66663.0;12247
2192;1568;2022;148146.0;23367
2193;1568;2023;53453.0;9494
2194;1568;2024;486.0;108
2195;1569;2021;259.0;52
2196;1569;2024;272.0;47
2197;1570;2023;112397.0;18894
2198;1570;2024;2537.0;655
2199;1571;2025;68525.0;14112
2200;1572;2025;141.0;22
2201;1573;2023;344.0;69
2202;1574;2025;4210.0;667
2203;1575;2025;704553.0;118823
2204;1576;2022;262.0;44
2205;1577;2021;4059.0;703
2206;1578;2024;319.0;70
2207;1579;2022;149052.0;24673
2208;1579;2023;5088.0;1373
2209;1580;2025;181.0;33
2210;1581;2021;15414.0;2817
2211;1581;2023;180.0;45
2212;1581;2025;354.0;83
2213;1582;2023;605.0;170
2214;1582;2024;207.0;59
2215;1583;2021;19116.0;3477
2216;1583;2022;13084.0;3926
2217;1583;2023;984.0;241
2218;1583;2024;1191.0;272
2219;1583;2025;620.0;155
2220;1584;2021;209.0;49
2221;1584;2024;69.0;16
2222;1584;2025;77.0;22
2223;1585;2024;109.0;18
2224;1586;2023;43823.0;7018
2225;1587;2024;1968.0;487
2226;1587;2025;112.0;40
2227;1588;2022;624871.0;105148
2228;1589;2025;15604.0;2085
2229;1590;2025;2320.0;378
2230;1591;2022;87492.0;15061
2231;1592;2022;77.0;22
2232;1593;2021;23887.0;3846
2233;1593;2022;9306.0;1814
2234;1593;2023;35.0;10
2235;1594;2025;1100.0;191
2236;1595;2021;36.0;12
2237;1595;2023;47.0;9
2238;1596;2024;229.0;49
2239;1597;2023;51.0;11
2240;1598;2022;9.0;2
2241;1599;2022;320873.0;52952
2242;1600;2024;512.0;128
2243;1601;2025;26760.0;4359
2244;1602;2023;1163.0;306
2245;1603;2022;46.0;7
2246;1604;2022;6257.0;1043
2247;1604;2025;98.0;50
2248;1605;2023;28537.0;5072
2249;1605;2025;57.0;10
2250;1606;2022;1480.0;225
2251;1607;2021;265578.0;47127
2252;1607;2023;236.0;53
2253;1607;2024;172.0;43
2254;1608;2022;85918.0;13959
2255;1608;2023;1676.0;273
2256;1609;2021;2121.0;327
2257;1610;2021;31.0;7
2258;1611;2022;962979.0;154765
2259;1612;2025;3357.0;569
2260;1613;2021;265.0;53
2261;1613;2022;12.0;3
2262;1614;2021;300.0;90
2263;1615;2022;138.0;59
2264;1616;2022;60.0;18
2265;1617;2021;8296.0;1453
2266;1617;2022;1047.0;161
2267;1618;2025;23071.0;3715
2268;1619;2025;96671.0;14357
2269;1620;2022;579.0;108
2270;1620;2023;89.0;17
2271;1621;2021;82.0;36
2272;1622;2025;243.0;34
2273;1623;2025;55.0;9
2274;1624;2021;62.0;19
2275;1625;2021;206.0;49
2276;1626;2021;508.0;103
2277;1627;2022;8241.0;1527
2278;1627;2023;749.0;189
2279;1628;2022;40.0;215
2280;1629;2021;200.0;50
2281;1630;2025;2022.0;375
2282;1631;2021;1861.0;295
2283;1631;2022;50.0;14
2284;1632;2022;76095.0;12314
2285;1632;2023;119.0;38
2286;1633;2022;94.0;22
2287;1634;2023;46.0;13
2288;1635;2025;3203.0;627
2289;1636;2021;4300.0;730
2290;1636;2022;692.0;139
2291;1637;2021;124354.0;20688
2292;1637;2022;2780.0;633
2293;1638;2025;1966.0;421
2294;1639;2022;41708.0;8034
2295;1639;2023;924.0;199
2296;1640;2022;27924.0;5389
2297;1641;2023;16149.0;3029
2298;1641;2025;156.0;499
2299;1642;2025;1247.0;184
2300;1643;2025;661.0;120
2301;1644;2023;175.0;88
2302;1644;2025;35.0;5
2303;1645;2022;8094.0;1289
2304;1645;2024;134.0;23
2305;1646;2021;907.0;222
2306;1646;2024;10.0;4
2307;1647;2025;6462.0;997
2308;1648;2025;41342.0;6174
2309;1649;2021;70455.0;11887
2310;1649;2022;20962.0;4238
2311;1649;2023;220.0;95
2312;1649;2024;300.0;50
2313;1650;2024;622.0;104
2314;1651;2023;6538.0;1175
2315;1652;2025;70.0;20
2316;1653;2023;2095.0;338
2317;1654;2024;12775.0;2460
2318;1654;2025;297.0;99
2319;1655;2024;126.0;63
2320;1656;2021;318.0;197
2321;1656;2025;86.0;20
2322;1657;2023;26.0;11
2323;1658;2021;1425.0;423
2324;1658;2022;15.0;3
2325;1659;2021;70.0;30
2326;1660;2022;237004.0;51846
2327;1660;2023;161.0;31
2328;1661;2021;129.0;31
2329;1661;2022;359.0;85
2330;1662;2023;15380.0;2222
2331;1662;2024;5519.0;950
2332;1662;2025;187.0;55
2333;1663;2025;2722.0;443
2334;1664;2024;42312.0;9417
2335;1665;2024;77353.0;14212
2336;1665;2025;2973.0;805
2337;1666;2023;258.0;86
2338;1666;2025;464.0;91
2339;1667;2021;4097.0;700
2340;1667;2022;3158.0;575
2341;1668;2023;63.0;13
2342;1669;2024;6115.0;1048
2343;1669;2025;880.0;158
2344;1670;2021;302.0;76
2345;1671;2022;195.0;50
2346;1672;2024;1796.0;359
2347;1672;2025;148.0;37
2348;1673;2023;3977.0;603
2349;1674;2023;33258.0;5660
2350;1674;2024;565.0;103
2351;1675;2025;46.0;32
2352;1676;2025;18594.0;3237
2353;1677;2022;823933.0;135632
2354;1677;2023;47277.0;9795
2355;1677;2025;128.0;34
2356;1678;2024;195.0;73
2357;1679;2022;8087.0;1492
2358;1680;2022;3249.0;554
2359;1681;2023;11510.0;1644
2360;1681;2024;5821.0;1319
2361;1681;2025;522.0;87
2362;1682;2022;495.0;110
2363;1683;2022;1121.0;198
2364;1684;2023;44786.0;7788
2365;1685;2023;86225.0;13995
2366;1686;2025;114913.0;18023
2367;1687;2024;312.0;59
2368;1688;2021;234.0;47
2369;1688;2022;350.0;82
2370;1689;2022;15228.0;2743
2371;1690;2025;35.0;12
2372;1691;2025;1331.0;359
2373;1692;2022;648.0;258
2374;1692;2024;266.0;76
2375;1692;2025;1692.0;373
2376;1693;2024;7682.0;1394
2377;1693;2025;699.0;182
2378;1694;2022;11353.0;1873
2379;1694;2023;160.0;33
2380;1695;2023;1707.0;361
2381;1695;2025;73.0;14
2382;1696;2021;5892.0;1069
2383;1696;2022;47.0;11
2384;1697;2025;6421.0;947
2385;1698;2023;580.0;122
2386;1698;2024;35.0;5
2387;1699;2023;146923.0;27732
2388;1700;2021;63.0;12
2389;1700;2022;838.0;211
2390;1700;2023;890.0;163
2391;1700;2024;115.0;23
2392;1701;2025;422.0;73
2393;1702;2023;6204.0;1087
2394;1702;2024;1047.0;303
2395;1703;2022;396.0;102
2396;1704;2024;674.0;197
2397;1705;2024;480.0;69
2398;1705;2025;1745.0;294
2399;1706;2022;55.0;10
2400;1707;2024;50199.0;8568
2401;1707;2025;464.0;86
2402;1708;2025;5101.0;883
2403;1709;2023;1620.0;379
2404;1710;2025;2458.0;337
2405;1711;2022;134.0;44
2406;1712;2023;409.0;72
2407;1713;2023;34595.0;5817
2408;1713;2024;837.0;166
2409;1714;2021;628.0;127
2410;1714;2022;39.0;10
2411;1714;2025;63.0;18
2412;1715;2023;22584.0;3658
2413;1716;2023;40227.0;6738
2414;1716;2024;24082.0;4012
2415;1717;2025;31257.0;5092
2416;1718;2025;104.0;162
2417;1719;2024;588216.0;100477
2418;1719;2025;1880.0;445
2419;1720;2022;438.0;86
2420;1720;2023;277.0;80
2421;1721;2023;245.0;60
2422;1721;2024;34.0;6
2423;1721;2025;185.0;42
2424;1722;2023;3036.0;542
2425;1723;2021;12217.0;2083
2426;1723;2022;28.0;7
2427;1723;2024;132.0;62
2428;1724;2025;153487.0;24458
2429;1725;2025;319.0;55
2430;1726;2022;51.0;11
2431;1727;2023;1252.0;266
2432;1727;2024;202.0;40
2433;1728;2023;1916.0;294
2434;1729;2025;138.0;22
2435;1730;2021;5174.0;937
2436;1730;2022;148.0;32
2437;1731;2021;998.0;187
2438;1731;2022;493.0;130
2439;1732;2022;31373.0;5601
2440;1733;2021;4284.0;799
2441;1734;2025;81.0;23
2442;1735;2023;7320.0;1389
2443;1735;2024;481.0;90
2444;1735;2025;225.0;82
2445;1736;2024;595.0;116
2446;1736;2025;5.0;1
2447;1737;2023;436.0;74
2448;1737;2024;6.0;1
2449;1738;2023;109.0;21
2450;1739;2022;16.0;4
2451;1740;2021;72.0;12
2452;1741;2023;515.0;85
2453;1742;2023;4284.0;824
2454;1742;2024;1186.0;195
2455;1743;2025;177053.0;25970
2456;1744;2022;14.0;4
2457;1745;2024;1985.0;385
2458;1745;2025;270.0;58
2459;1746;2022;18497.0;3565
2460;1747;2025;4845.0;1110
2461;1748;2021;32452.0;5214
2462;1749;2024;235.0;47
2463;1750;2022;4620.0;782
2464;1751;2022;338.0;80
2465;1751;2023;35.0;8
2466;1752;2024;1124.0;173
2467;1753;2024;5559.0;1196
2468;1754;2025;13266.0;2418
2469;1755;2022;115613.0;18481
2470;1755;2023;28756.0;5433
2471;1755;2025;123.0;35
2472;1756;2025;2334.0;342
2473;1757;2022;452.0;113
2474;1757;2023;1097.0;283
2475;1758;2024;10291.0;1709
2476;1759;2021;203.0;63
2477;1760;2024;1721.0;306
2478;1761;2022;345.0;115
2479;1762;2025;642.0;98
2480;1763;2025;2607.0;702
2481;1764;2024;6969.0;1138
2482;1764;2025;252.0;42
2483;1765;2021;11759.0;1967
2484;1765;2022;683.0;160
2485;1765;2023;80.0;20
2486;1765;2024;10.0;2
2487;1765;2025;5.0;1
2488;1766;2025;11.0;2
2489;1767;2024;13225.0;2226
2490;1767;2025;795.0;248
2491;1768;2023;19318.0;3421
2492;1769;2025;116147.0;18718
2493;1770;2024;1799.0;448
2494;1771;2023;53.0;10
2495;1771;2024;6477.0;1059
2496;1772;2025;670.0;84
2497;1773;2021;67.0;30
2498;1774;2023;2444.0;431
2499;1774;2024;184.0;33
2500;1775;2023;45039.0;7177
2501;1775;2024;49.0;46
2502;1776;2024;26612.0;4666
2503;1776;2025;1336.0;311
2504;1777;2025;20235.0;2882
2505;1778;2024;50.0;10
2506;1779;2024;2115.0;307
2507;1780;2025;683.0;198
2508;1781;2023;735.0;141
2509;1781;2024;933.0;183
2510;1782;2024;97414.0;17533
2511;1782;2025;5319.0;1219
2512;1783;2025;3756.0;427
2513;1784;2021;357.0;81
2514;1785;2025;289.0;99
2515;1786;2023;970.0;97
2516;1787;2023;600.0;169
2517;1788;2025;48.0;11
2518;1789;2021;47.0;32
2519;1790;2025;400.0;212
2520;1791;2024;498.0;149
2521;1792;2024;2742.0;691
2522;1792;2025;553.0;140
2523;1793;2021;54.0;18
2524;1794;2021;106.0;124
2525;1795;2022;33.0;22
2526;1796;2024;177.0;59
2527;1797;2024;113.0;21
2528;1798;2024;52.0;63
2529;1799;2022;221.0;63
2530;1800;2022;906.0;213
2531;1801;2023;238.0;87
2532;1802;2022;61.0;10
2533;1803;2021;1425.0;95
2534;1804;2024;25.0;29
2535;1805;2024;360.0;90
2536;1806;2023;958.0;168
2537;1807;2025;28.0;28
2538;1808;2021;380.0;96
2539;1809;2023;383.0;76
2540;1810;2023;104.0;20
2541;1811;2023;202.0;31
2542;1812;2025;515.0;103
2543;1813;2025;105.0;34
2544;1814;2021;1148.0;164
2545;1815;2025;428.0;73
2546;1816;2023;364.0;52
2547;1817;2022;945.0;171
2548;1817;2023;910.0;189
2549;1818;2021;11.0;2
2550;1819;2023;60.0;15
2551;1820;2025;485.0;102
2552;1821;2023;43.0;11
2553;1822;2025;478.0;82
2554;1823;2023;7190.0;712
2555;1823;2024;1709.0;208
2556;1824;2025;930.0;186
2557;1825;2024;46.0;13
2558;1826;2022;615.0;93
2559;1826;2024;720.0;235
2560;1827;2024;50.0;14
2561;1828;2022;395.0;60
2562;1829;2021;97.0;15
2563;1830;2025;265.0;39
2564;1831;2025;640.0;322
2565;1832;2025;759.0;178
2566;1833;2025;707.0;115
2567;1834;2021;120.0;31
2568;1835;2024;327.0;58
2569;1836;2021;173.0;58
2570;1837;2023;775.0;280
2571;1838;2023;46.0;22
2572;1839;2025;9.0;4
2573;1840;2021;954.0;152
2574;1841;2024;59.0;108
2575;1841;2025;62.0;10
2576;1842;2021;1306.0;219
2577;1843;2023;515.0;110
2578;1844;2024;399.0;74
2579;1845;2021;418.0;53
2580;1846;2021;70.0;29
2581;1847;2025;99.0;20
2582;1848;2025;359.0;98
2583;1849;2024;186.0;35
2584;1850;2025;24.0;9
2585;1851;2024;135.0;85
2586;1852;2021;148.0;37
2587;1853;2023;58.0;12
2588;1854;2022;310.0;51
2589;1855;2023;122.0;48
2590;1856;2024;561.0;143
2591;1857;2023;5676.0;543
2592;1858;2022;99.0;18
2593;1859;2025;492.0;125
2594;1860;2024;73.0;36
2595;1861;2022;62.0;22
2596;1862;2025;217.0;62
2597;1863;2024;522.0;116
2598;1863;2025;132.0;33
2599;1864;2025;28.0;41
2600;1865;2022;174.0;49
2601;1865;2023;581.0;114
2602;1866;2023;101.0;30
2603;1867;2024;192.0;31
2604;1868;2022;48.0;7
2605;1869;2021;505.0;145
2606;1870;2023;316.0;162
2607;1871;2025;18.0;70
2608;1872;2023;748.0;149
2609;1873;2021;144.0;72
2610;1874;2025;1691.0;436
2611;1875;2023;105.0;65
2612;1876;2022;77.0;11
2613;1877;2021;76.0;97
2614;1878;2021;4.0;1
2615;1879;2024;148.0;36
2616;1880;2024;128.0;16
2617;1880;2025;35.0;7
2618;1881;2024;88.0;29
2619;1882;2024;476.0;68
2620;1883;2025;498.0;94
2621;1884;2023;288.0;67
2622;1885;2023;1086.0;220
2623;1886;2023;116.0;37
2624;1887;2025;49.0;21
2625;1888;2024;222.0;42
2626;1889;2025;350.0;99
2627;1890;2022;210.0;49
2628;1891;2025;411.0;89
2629;1892;2021;138.0;20
2630;1892;2025;83.0;14
2631;1893;2022;4.0;77
2632;1894;2023;408.0;89
2633;1895;2023;774.0;297
2634;1896;2025;2578.0;393
2635;1897;2023;1210.0;191
2636;1898;2025;18.0;16
2637;1899;2021;18.0;4
2638;1900;2025;60.0;17
2639;1901;2022;287.0;93
2640;1902;2024;510.0;51
2641;1903;2021;280.0;70
2642;1904;2024;228.0;57
2643;1905;2023;275.0;50
2644;1906;2023;49.0;9
2645;1907;2022;34.0;34
2646;1908;2025;210402.0;40582
2647;1909;2021;142.0;29
2648;1910;2021;44.0;10
2649;1911;2025;225.0;46
2650;1912;2025;188.0;49
2651;1913;2024;87.0;122
2652;1914;2025;1050.0;210
2653;1915;2024;75.0;97
2654;1916;2025;5230.0;849
2655;1917;2024;50.0;10
2656;1918;2024;70.0;73
2657;1919;2021;115.0;53
2658;1920;2022;667.0;201
2659;1921;2023;434.0;149
2660;1921;2024;85.0;51
2661;1922;2025;21.0;4
2662;1923;2023;277.0;68
2663;1924;2021;144.0;83
2664;1924;2022;217.0;54
2665;1925;2024;234.0;46
2666;1926;2023;696.0;115
2667;1927;2021;117.0;17
2668;1928;2024;81.0;85
2669;1929;2025;38.0;20
2670;1930;2025;778.0;114
2671;1931;2021;162.0;26
2672;1932;2024;222.0;46
2673;1933;2023;1216.0;205
2674;1934;2025;164.0;33
2675;1935;2022;545.0;98
2676;1936;2023;514.0;198
2677;1937;2023;555.0;181
2678;1937;2025;179.0;53
2679;1938;2025;611.0;108
2680;1939;2023;18.0;4
2681;1939;2024;121.0;25
2682;1940;2025;126.0;31
2683;1941;2025;641.0;77
2684;1942;2021;61.0;61
2685;1943;2021;393.0;159
2686;1944;2022;103.0;53
2687;1945;2025;108.0;51
2688;1946;2021;263.0;82
2689;1947;2021;425.0;89
2690;1948;2022;52.0;41
2691;1949;2024;85.0;17
2692;1950;2022;13633.0;2372
2693;1950;2023;15.0;2
2694;1950;2024;2.0;1
2695;1951;2025;355.0;67
2696;1952;2021;248.0;91
2697;1953;2023;571.0;187
2698;1954;2025;122.0;23
2699;1955;2022;13068.0;2314
2700;1955;2023;272.0;272
2701;1956;2021;196.0;42
2702;1956;2023;356.0;66
2703;1957;2021;658.0;188
2704;1958;2025;777.0;175
2705;1959;2022;2458.0;142
2706;1960;2021;780.0;65
2707;1961;2022;821.0;246
2708;1962;2024;206.0;71
2709;1963;2024;15.0;3
2710;1964;2021;32.0;32
2711;1965;2022;507.0;163
2712;1966;2021;9590.0;1570
2713;1967;2021;399.0;57
2714;1967;2022;315.0;45
2715;1968;2025;931.0;133
2716;1969;2023;30.0;4
2717;1970;2021;75.0;35
2718;1971;2024;75.0;26
2719;1972;2025;466.0;174
2720;1973;2022;6130.0;974
2721;1973;2023;399.0;109
2722;1974;2025;11.0;20
2723;1975;2025;130.0;37
2724;1976;2022;1022.0;146
2725;1976;2023;296.0;48
2726;1977;2022;74.0;20
2727;1978;2021;14.0;2
2728;1979;2022;216.0;27
2729;1980;2025;868.0;200
2730;1981;2025;764.0;124
2731;1982;2023;414.0;80
2732;1983;2021;2784.0;482
2733;1984;2023;103.0;19
2734;1985;2025;311.0;80
2735;1986;2025;714.0;109
2736;1987;2021;10.0;2
2737;1988;2025;252.0;104
2738;1989;2024;604.0;151
2739;1990;2021;2442.0;425
2740;1990;2023;173.0;31
2741;1991;2023;179.0;36
2742;1992;2022;162.0;54
2743;1993;2022;1432.0;389
2744;1994;2021;66.0;14
2745;1995;2025;2618.0;275
2746;1996;2021;47860.0;1566
2747;1997;2023;277.0;54
2748;1997;2025;400.0;59
2749;1998;2025;284.0;104
2750;1999;2024;1330.0;178
2751;2000;2024;1029.0;213
2752;2001;2021;42.0;6
2753;2002;2023;196.0;34
2754;2003;2024;215.0;118
2755;2004;2025;1396.0;236
2756;2005;2023;872.0;140
2757;2006;2022;592.0;148
2758;2006;2023;292.0;65
2759;2006;2025;510.0;291
2760;2007;2021;168.0;42
2761;2008;2021;112.0;16
2762;2009;2022;220.0;45
2763;2010;2023;14.0;22
2764;2011;2025;1943.0;297
2765;2012;2021;17.0;9
2766;2013;2024;27.0;5
2767;2014;2021;112.0;35
2768;2015;2025;42.0;67
2769;2016;2022;309.0;67
2770;2017;2021;206.0;40
2771;2018;2025;114.0;15
2772;2019;2023;140.0;38
2773;2020;2021;117.0;27
2774;2021;2022;40.0;10
2775;2022;2024;71.0;21
2776;2023;2023;974.0;270
2777;2023;2024;404.0;87
2778;2024;2025;331.0;49
2779;2025;2025;643.0;121
2780;2026;2025;397.0;84
2781;2027;2024;175.0;64
2782;2028;2022;502.0;76
2783;2029;2022;428.0;68
2784;2029;2024;855.0;95
2785;2030;2021;865.0;232
2786;2031;2025;771.0;172
2787;2032;2022;181.0;27
2788;2033;2024;11258.0;1678
2789;2033;2025;30.0;7
2790;2034;2021;18.0;4
2791;2035;2024;14.0;34
2792;2036;2023;648.0;109
2793;2037;2021;266.0;58
2794;2038;2024;1895.0;365
2795;2039;2022;175.0;35
2796;2040;2022;5578.0;976
2797;2040;2023;95.0;27
2798;2041;2021;4330.0;454
2799;2042;2025;337.0;56
2800;2043;2025;454.0;72
2801;2044;2024;90.0;15
2802;2045;2024;450.0;85
2803;2046;2023;1536.0;96
2804;2047;2021;401.0;64
2805;2048;2021;110.0;25
2806;2049;2023;31.0;16
2807;2050;2024;24625.0;3497
2808;2050;2025;429.0;81
2809;2051;2021;108.0;18
2810;2052;2025;1147.0;213
